x,t,u
0.0,0.0,1.0
0.010101010101010102,0.0,-0.17891172241168518
0.020202020202020204,0.0,0.0970405948923565
0.030303030303030304,0.0,-0.06598229937695521
0.04040404040404041,0.0,0.049788297611123467
0.05050505050505051,0.0,-0.03987366884617627
0.06060606060606061,0.0,0.0331804704645311
0.07070707070707072,0.0,-0.02835429841116377
0.08080808080808081,0.0,0.024705057934715113
0.09090909090909091,0.0,-0.021844793483703162
0.10101010101010102,0.0,0.019538872987147293
0.11111111111111112,0.0,-0.017637143473757666
0.12121212121212122,0.0,0.016039086946987968
0.13131313131313133,0.0,-0.014674892358023328
0.14141414141414144,0.0,0.013494568312880761
0.15151515151515152,0.0,-0.012461377705952126
0.16161616161616163,0.0,0.011547718118347317
0.17171717171717174,0.0,-0.010732447754483898
0.18181818181818182,0.0,0.009999098141555973
0.19191919191919193,0.0,-0.009334648635615173
0.20202020202020204,0.0,0.008728667041892346
0.21212121212121213,0.0,-0.008172694834979843
0.22222222222222224,0.0,0.007659799452977012
0.23232323232323235,0.0,-0.007184242995116996
0.24242424242424243,0.0,0.006741233478713138
0.25252525252525254,0.0,-0.006326735604583522
0.26262626262626265,0.0,0.005937325050054509
0.27272727272727276,0.0,-0.005570075029444732
0.2828282828282829,0.0,0.005222467070525316
0.29292929292929293,0.0,-0.004892320170112541
0.30303030303030304,0.0,0.004577734044502124
0.31313131313131315,0.0,-0.004277043293677174
0.32323232323232326,0.0,0.003988780090677824
0.33333333333333337,0.0,-0.0037116435851627383
0.3434343434343435,0.0,0.003444474635033612
0.3535353535353536,0.0,-0.0031862347950404324
0.36363636363636365,0.0,0.002935988728794303
0.37373737373737376,0.0,-0.0026928893890603156
0.38383838383838387,0.0,0.0024561654481349837
0.393939393939394,0.0,-0.002225110565259314
0.4040404040404041,0.0,0.001999074158806846
0.4141414141414142,0.0,-0.0017774534146366427
0.42424242424242425,0.0,0.0015596863114798465
0.43434343434343436,0.0,-0.0013452454828701832
0.4444444444444445,0.0,0.0011336327654724032
0.4545454545454546,0.0,-0.0009243743088200862
0.4646464646464647,0.0,0.0007170161396229391
0.4747474747474748,0.0,-0.0005111200887406575
0.48484848484848486,0.0,0.0003062600011650707
0.494949494949495,0.0,-0.00010201815756416543
0.5050505050505051,0.0,-0.0001020181575366319
0.5151515151515152,0.0,0.00030626000115552277
0.5252525252525253,0.0,-0.0005111200887362166
0.5353535353535354,0.0,0.0007170161396578001
0.5454545454545455,0.0,-0.0009243743088800382
0.5555555555555556,0.0,0.0011336327655140366
0.5656565656565657,0.0,-0.0013452454829281368
0.5757575757575758,0.0,0.001559686311521924
0.5858585858585859,0.0,-0.0017774534146102194
0.595959595959596,0.0,0.001999074158786529
0.6060606060606061,0.0,-0.00222511056526975
0.6161616161616162,0.0,0.0024561654481178863
0.6262626262626263,0.0,-0.0026928893890094674
0.6363636363636365,0.0,0.0029359887287754294
0.6464646464646465,0.0,-0.0031862347950466496
0.6565656565656566,0.0,0.0034444746350663635
0.6666666666666667,0.0,-0.003711643585216917
0.6767676767676768,0.0,0.003988780090699695
0.686868686868687,0.0,-0.0042770432936991565
0.696969696969697,0.0,0.004577734044516557
0.7070707070707072,0.0,-0.004892320170128306
0.7171717171717172,0.0,0.00522246707053009
0.7272727272727273,0.0,-0.005570075029390775
0.7373737373737375,0.0,0.005937325050002773
0.7474747474747475,0.0,-0.006326735604584632
0.7575757575757577,0.0,0.006741233478725572
0.7676767676767677,0.0,-0.007184242995109669
0.7777777777777778,0.0,0.007659799452947036
0.787878787878788,0.0,-0.008172694834965188
0.797979797979798,0.0,0.008728667041916771
0.8080808080808082,0.0,-0.009334648635622056
0.8181818181818182,0.0,0.009999098141546314
0.8282828282828284,0.0,-0.010732447754488117
0.8383838383838385,0.0,0.011547718118319894
0.8484848484848485,0.0,-0.012461377705909493
0.8585858585858587,0.0,0.013494568312874988
0.8686868686868687,0.0,-0.01467489235802888
0.8787878787878789,0.0,0.016039086946977976
0.888888888888889,0.0,-0.01763714347376144
0.8989898989898991,0.0,0.01953887298716439
0.9090909090909092,0.0,-0.021844793483732028
0.9191919191919192,0.0,0.02470505793476041
0.9292929292929294,0.0,-0.028354298411190193
0.9393939393939394,0.0,0.033180470464527434
0.9494949494949496,0.0,-0.03987366884614452
0.9595959595959597,0.0,0.049788297611071286
0.9696969696969697,0.0,-0.06598229937692346
0.9797979797979799,0.0,0.09704059489231764
0.98989898989899,0.0,-0.1789117224116321
1.0,0.0,0.999999999999992
0.0,0.02,1.0
0.010101010101010102,0.02,0.8731087409538514
0.020202020202020204,0.02,0.7494065410498025
0.030303030303030304,0.02,0.6318440297286825
0.04040404040404041,0.02,0.5229244396313464
0.05050505050505051,0.02,0.42454851003800076
0.06060606060606061,0.02,0.3379286652032052
0.07070707070707072,0.02,0.263576837747055
0.08080808080808081,0.02,0.20135947797227616
0.09090909090909091,0.02,0.1506046708349249
0.10101010101010102,0.02,0.11024120522983516
0.11111111111111112,0.02,0.07894833771600107
0.12121212121212122,0.02,0.05529742485782485
0.13131313131313133,0.02,0.03787149063177753
0.14141414141414144,0.02,0.025354790988535103
0.15151515151515152,0.02,0.016590250143400986
0.16161616161616163,0.02,0.010607318172230373
0.17171717171717174,0.02,0.00662583857601684
0.18181818181818182,0.02,0.004042862198797459
0.19191919191919193,0.02,0.002409276740670041
0.20202020202020204,0.02,0.001402092919994713
0.21212121212121213,0.02,0.0007967227017661171
0.22222222222222224,0.02,0.0004420083490354054
0.23232323232323235,0.02,0.0002393885691382991
0.24242424242424243,0.02,0.00012655709770847956
0.25252525252525254,0.02,6.530457711284576e-05
0.26262626262626265,0.02,3.288831440628748e-05
0.27272727272727276,0.02,1.616404520288217e-05
0.2828282828282829,0.02,7.7524852313271e-06
0.29292929292929293,0.02,3.6281772222146458e-06
0.30303030303030304,0.02,1.6567954062018941e-06
0.31313131313131315,0.02,7.381763138525343e-07
0.32323232323232326,0.02,3.2087936374658454e-07
0.33333333333333337,0.02,1.3608022897404481e-07
0.3434343434343435,0.02,5.6299208739396533e-08
0.3535353535353536,0.02,2.2722036474576157e-08
0.36363636363636365,0.02,8.9457077301347e-09
0.37373737373737376,0.02,3.435504325466354e-09
0.38383838383838387,0.02,1.2869489918188037e-09
0.393939393939394,0.02,4.702349620799851e-10
0.4040404040404041,0.02,1.6758672227723537e-10
0.4141414141414142,0.02,5.825429028050166e-11
0.42424242424242425,0.02,1.9749202273544597e-11
0.43434343434343436,0.02,6.530109786240246e-12
0.4444444444444445,0.02,2.1053159215966843e-12
0.4545454545454546,0.02,6.620259895839808e-13
0.4646464646464647,0.02,2.036149027162537e-13
0.4747474747474748,0.02,6.072919944699606e-14
0.48484848484848486,0.02,1.7763568394002505e-14
0.494949494949495,0.02,6.439293542825908e-15
0.5050505050505051,0.02,6.439293542825908e-15
0.5151515151515152,0.02,1.7985612998927536e-14
0.5252525252525253,0.02,6.09512440519211e-14
0.5353535353535354,0.02,2.0383694732117874e-13
0.5454545454545455,0.02,6.624700787938309e-13
0.5555555555555556,0.02,2.1059820554114594e-12
0.5656565656565657,0.02,6.530997964659946e-12
0.5757575757575758,0.02,1.9750090451964297e-11
0.5858585858585859,0.02,5.825451232510659e-11
0.595959595959596,0.02,1.6758672227723537e-10
0.6060606060606061,0.02,4.7023518412459e-10
0.6161616161616162,0.02,1.2869492138634087e-09
0.6262626262626263,0.02,3.435504991600169e-09
0.6363636363636365,0.02,8.945708396268515e-09
0.6464646464646465,0.02,2.2722036696620762e-08
0.6565656565656566,0.02,5.629920896144114e-08
0.6666666666666667,0.02,1.360802287520002e-07
0.6767676767676768,0.02,3.2087936308045073e-07
0.686868686868687,0.02,7.381763134084451e-07
0.696969696969697,0.02,1.6567954059798495e-06
0.7070707070707072,0.02,3.628177221992601e-06
0.7171717171717172,0.02,7.752485231105055e-06
0.7272727272727273,0.02,1.6164045202216037e-05
0.7373737373737375,0.02,3.288831440673157e-05
0.7474747474747475,0.02,6.530457711328985e-05
0.7575757575757577,0.02,0.00012655709770803547
0.7676767676767677,0.02,0.00023938856913807705
0.7777777777777778,0.02,0.0004420083490354054
0.787878787878788,0.02,0.0007967227017663392
0.797979797979798,0.02,0.001402092919995046
0.8080808080808082,0.02,0.002409276740670596
0.8181818181818182,0.02,0.004042862198797681
0.8282828282828284,0.02,0.006625838576016618
0.8383838383838385,0.02,0.01060731817222993
0.8484848484848485,0.02,0.016590250143400542
0.8585858585858587,0.02,0.025354790988534992
0.8686868686868687,0.02,0.037871490631777305
0.8787878787878789,0.02,0.05529742485782507
0.888888888888889,0.02,0.0789483377160013
0.8989898989898991,0.02,0.11024120522983505
0.9090909090909092,0.02,0.15060467083492457
0.9191919191919192,0.02,0.2013594779722757
0.9292929292929294,0.02,0.2635768377470554
0.9393939393939394,0.02,0.33792866520320486
0.9494949494949496,0.02,0.4245485100380013
0.9595959595959597,0.02,0.5229244396313464
0.9696969696969697,0.02,0.6318440297286816
0.9797979797979799,0.02,0.749406541049803
0.98989898989899,0.02,0.8731087409538516
1.0,0.02,0.9999999999999994
0.0,0.04,1.0
0.010101010101010102,0.04,0.9100838905865645
0.020202020202020204,0.04,0.8213060685892464
0.030303030303030304,0.04,0.734761773629668
0.04040404040404041,0.04,0.6514628516237815
0.05050505050505051,0.04,0.5723025762180299
0.06060606060606061,0.04,0.4980276566845383
0.07070707070707072,0.04,0.42921884446271474
0.08080808080808081,0.04,0.3662808486306456
0.09090909090909091,0.04,0.3094415469063022
0.10101010101010102,0.04,0.2587598048547334
0.11111111111111112,0.04,0.21414065315268016
0.12121212121212122,0.04,0.17535616555792344
0.13131313131313133,0.04,0.14207015246104293
0.14141414141414144,0.04,0.11386473883188675
0.15151515151515152,0.04,0.09026701378099866
0.16161616161616163,0.04,0.07077418943270064
0.17171717171717174,0.04,0.054876047508102155
0.18181818181818182,0.04,0.04207383782491669
0.19191919191919193,0.04,0.03189518112466139
0.20202020202020204,0.04,0.023904883420586498
0.21212121212121213,0.04,0.017711864380014375
0.22222222222222224,0.04,0.01297262299904356
0.23232323232323235,0.04,0.009391805397380715
0.24242424242424243,0.04,0.006720506251218117
0.25252525252525254,0.04,0.0047529380106590136
0.26262626262626265,0.04,0.0033220553111334983
0.27272727272727276,0.04,0.0022946419486247205
0.2828282828282829,0.04,0.001566269797246389
0.29292929292929293,0.04,0.0010564362621623413
0.30303030303030304,0.04,0.0007040894028033096
0.31313131313131315,0.04,0.0004636645555610164
0.32323232323232326,0.04,0.00030168685566411835
0.33333333333333337,0.04,0.00019394162919439406
0.3434343434343435,0.04,0.0001231783781049378
0.3535353535353536,0.04,7.72919300687791e-05
0.36363636363636365,0.04,4.791353797450881e-05
0.37373737373737376,0.04,2.9342400421072945e-05
0.38383838383838387,0.04,1.7751535435928112e-05
0.393939393939394,0.04,1.0608876886974983e-05
0.4040404040404041,0.04,6.263073259238361e-06
0.4141414141414142,0.04,3.6524476698662767e-06
0.42424242424242425,0.04,2.1040705996400177e-06
0.43434343434343436,0.04,1.1974134265235747e-06
0.4444444444444445,0.04,6.73377556381638e-07
0.4545454545454546,0.04,3.746067280818721e-07
0.4646464646464647,0.04,2.0698209457492567e-07
0.4747474747474748,0.04,1.1522576126576922e-07
0.48484848484848486,0.04,6.777548311465154e-08
0.494949494949495,0.04,4.771561301630811e-08
0.5050505050505051,0.04,4.771561301630811e-08
0.5151515151515152,0.04,6.777548311465154e-08
0.5252525252525253,0.04,1.1522576126576922e-07
0.5353535353535354,0.04,2.0698209457492567e-07
0.5454545454545455,0.04,3.746067280818721e-07
0.5555555555555556,0.04,6.733775566036826e-07
0.5656565656565657,0.04,1.1974134267456193e-06
0.5757575757575758,0.04,2.1040705998620624e-06
0.5858585858585859,0.04,3.6524476698662767e-06
0.595959595959596,0.04,6.2630732594604055e-06
0.6060606060606061,0.04,1.0608876886974983e-05
0.6161616161616162,0.04,1.7751535435706067e-05
0.6262626262626263,0.04,2.9342400421072945e-05
0.6363636363636365,0.04,4.791353797450881e-05
0.6464646464646465,0.04,7.729193006855706e-05
0.6565656565656566,0.04,0.00012317837810515986
0.6666666666666667,0.04,0.00019394162919417202
0.6767676767676768,0.04,0.00030168685566411835
0.686868686868687,0.04,0.0004636645555611274
0.696969696969697,0.04,0.0007040894028033096
0.7070707070707072,0.04,0.0010564362621624523
0.7171717171717172,0.04,0.0015662697972465
0.7272727272727273,0.04,0.0022946419486247205
0.7373737373737375,0.04,0.0033220553111334983
0.7474747474747475,0.04,0.0047529380106590136
0.7575757575757577,0.04,0.006720506251217895
0.7676767676767677,0.04,0.009391805397380604
0.7777777777777778,0.04,0.012972622999043781
0.787878787878788,0.04,0.017711864380014153
0.797979797979798,0.04,0.02390488342058672
0.8080808080808082,0.04,0.0318951811246615
0.8181818181818182,0.04,0.04207383782491636
0.8282828282828284,0.04,0.054876047508102044
0.8383838383838385,0.04,0.07077418943270042
0.8484848484848485,0.04,0.09026701378099822
0.8585858585858587,0.04,0.11386473883188675
0.8686868686868687,0.04,0.1420701524610426
0.8787878787878789,0.04,0.17535616555792377
0.888888888888889,0.04,0.21414065315268038
0.8989898989898991,0.04,0.2587598048547337
0.9090909090909092,0.04,0.309441546906302
0.9191919191919192,0.04,0.3662808486306455
0.9292929292929294,0.04,0.4292188444627154
0.9393939393939394,0.04,0.4980276566845383
0.9494949494949496,0.04,0.5723025762180305
0.9595959595959597,0.04,0.6514628516237815
0.9696969696969697,0.04,0.7347617736296677
0.9797979797979799,0.04,0.8213060685892466
0.98989898989899,0.04,0.9100838905865647
1.0,0.04,0.9999999999999997
0.0,0.06,1.0
0.010101010101010102,0.06,0.9265318407495649
0.020202020202020204,0.06,0.8536852601615476
0.030303030303030304,0.06,0.7820661047624634
0.04040404040404041,0.06,0.7122494185715926
0.05050505050505051,0.06,0.6447656573968086
0.06060606060606061,0.06,0.5800887359021671
0.07070707070707072,0.06,0.5186263504013142
0.08080808080808081,0.06,0.4607128925606053
0.09090909090909091,0.06,0.4066051279955516
0.10101010101010102,0.06,0.35648066895500596
0.11111111111111112,0.06,0.3104391315687062
0.12121212121212122,0.06,0.2685057441831745
0.13131313131313133,0.06,0.23063707121304655
0.14141414141414144,0.06,0.19672844169245762
0.15151515151515152,0.06,0.16662262599428923
0.16161616161616163,0.06,0.14011928830567766
0.17171717171717174,0.06,0.11698475454368207
0.18181818181818182,0.06,0.0969616717863121
0.19191919191919193,0.06,0.07977819096589056
0.20202020202020204,0.06,0.06515637371727101
0.21212121212121213,0.06,0.05281960084544224
0.22222222222222224,0.06,0.042498838091499236
0.23232323232323235,0.06,0.03393768962801613
0.24242424242424243,0.06,0.026896236879777158
0.25252525252525254,0.06,0.021153716872742923
0.26262626262626265,0.06,0.016510138595792423
0.27272727272727276,0.06,0.012786967192832788
0.2828282828282829,0.06,0.009827024561440911
0.29292929292929293,0.06,0.0074937622858587405
0.30303030303030304,0.06,0.005670060503664143
0.31313131313131315,0.06,0.004256696346345734
0.32323232323232326,0.06,0.0031706101589074054
0.33333333333333337,0.06,0.002343078869441295
0.3434343434343435,0.06,0.001717885507340089
0.3535353535353536,0.06,0.001249553511901369
0.36363636363636365,0.06,0.000901695331802177
0.37373737373737376,0.06,0.0006455077299987177
0.38383838383838387,0.06,0.00045843168146320057
0.393939393939394,0.06,0.0003229829948661056
0.4040404040404041,0.06,0.0002257507823846261
0.4141414141414142,0.06,0.00015655445092888076
0.42424242424242425,0.06,0.00010774568781701799
0.43434343434343436,0.06,7.363959959272304e-05
0.4444444444444445,0.06,5.0058353943449596e-05
0.4545454545454546,0.06,3.397100830915267e-05
0.4646464646464647,0.06,2.3214361383083748e-05
0.4747474747474748,0.06,1.6281364587422686e-05
0.48484848484848486,0.06,1.2165667241270661e-05
0.494949494949495,0.06,1.0253086330069827e-05
0.5050505050505051,0.06,1.0253086330069827e-05
0.5151515151515152,0.06,1.2165667241270661e-05
0.5252525252525253,0.06,1.6281364587422686e-05
0.5353535353535354,0.06,2.3214361383083748e-05
0.5454545454545455,0.06,3.397100830915267e-05
0.5555555555555556,0.06,5.005835394367164e-05
0.5656565656565657,0.06,7.363959959250099e-05
0.5757575757575758,0.06,0.00010774568781701799
0.5858585858585859,0.06,0.00015655445092888076
0.595959595959596,0.06,0.0002257507823846261
0.6060606060606061,0.06,0.0003229829948661056
0.6161616161616162,0.06,0.0004584316814629785
0.6262626262626263,0.06,0.0006455077299989398
0.6363636363636365,0.06,0.000901695331802177
0.6464646464646465,0.06,0.001249553511901147
0.6565656565656566,0.06,0.0017178855073398669
0.6666666666666667,0.06,0.002343078869441295
0.6767676767676768,0.06,0.0031706101589071833
0.686868686868687,0.06,0.004256696346345956
0.696969696969697,0.06,0.005670060503664143
0.7070707070707072,0.06,0.0074937622858588515
0.7171717171717172,0.06,0.009827024561441022
0.7272727272727273,0.06,0.012786967192832788
0.7373737373737375,0.06,0.016510138595792534
0.7474747474747475,0.06,0.021153716872743145
0.7575757575757577,0.06,0.026896236879776936
0.7676767676767677,0.06,0.03393768962801591
0.7777777777777778,0.06,0.042498838091499125
0.787878787878788,0.06,0.05281960084544224
0.797979797979798,0.06,0.06515637371727101
0.8080808080808082,0.06,0.0797781909658909
0.8181818181818182,0.06,0.09696167178631221
0.8282828282828284,0.06,0.11698475454368218
0.8383838383838385,0.06,0.14011928830567744
0.8484848484848485,0.06,0.1666226259942888
0.8585858585858587,0.06,0.19672844169245773
0.8686868686868687,0.06,0.23063707121304633
0.8787878787878789,0.06,0.26850574418317474
0.888888888888889,0.06,0.3104391315687064
0.8989898989898991,0.06,0.3564806689550062
0.9090909090909092,0.06,0.4066051279955514
0.9191919191919192,0.06,0.4607128925606053
0.9292929292929294,0.06,0.5186263504013147
0.9393939393939394,0.06,0.5800887359021671
0.9494949494949496,0.06,0.6447656573968092
0.9595959595959597,0.06,0.7122494185715929
0.9696969696969697,0.06,0.7820661047624631
0.9797979797979799,0.06,0.8536852601615478
0.98989898989899,0.06,0.9265318407495651
1.0,0.06,0.9999999999999997
0.0,0.08,1.0
0.010101010101010102,0.08,0.936352185411239
0.020202020202020204,0.08,0.87310874095386
0.030303030303030304,0.08,0.8106663458949831
0.04040404040404041,0.08,0.7494065410498352
0.05050505050505051,0.08,0.6896887569967249
0.06060606060606061,0.08,0.6318440297287939
0.07070707070707072,0.08,0.576169585520713
0.08080808080808081,0.08,0.5229244396317143
0.09090909090909091,0.08,0.47232611104571853
0.10101010101010102,0.08,0.42454851003918515
0.11111111111111112,0.08,0.3797210093308112
0.12121212121212122,0.08,0.337928665206925
0.13131313131313133,0.08,0.29921351443499455
0.14141414141414144,0.08,0.2635768377584473
0.15151515151515152,0.08,0.23098225268152595
0.16161616161616163,0.08,0.20135947800630094
0.17171717171717174,0.08,0.17460860058557814
0.18181818181818182,0.08,0.1506046709340395
0.19191919191919193,0.08,0.1292024581851242
0.20202020202020204,0.08,0.11024120551143457
0.21212121212121213,0.08,0.09354924337587311
0.22222222222222224,0.08,0.07894833849635408
0.23232323232323235,0.08,0.06625767974858365
0.24242424242424243,0.08,0.05529742696707152
0.25252525252525254,0.08,0.04589177339432027
0.26262626262626265,0.08,0.037871496192771414
0.27272727272727276,0.08,0.031075991004437475
0.2828282828282829,0.08,0.02535480528995282
0.29292929292929293,0.08,0.0205687006229317
0.30303030303030304,0.08,0.01659028602080681
0.31313131313131315,0.08,0.013304272744706913
0.32323232323232326,0.08,0.010607405971915562
0.33333333333333337,0.08,0.008408130657478252
0.3434343434343435,0.08,0.00662604818533763
0.3535353535353536,0.08,0.005191217556630101
0.36363636363636365,0.08,0.0040433503910164426
0.37373737373737376,0.08,0.0031309434346462606
0.38383838383838387,0.08,0.0024103860481706763
0.393939393939394,0.08,0.0018450737068944623
0.4040404040404041,0.08,0.0014045522312495784
0.4141414141414142,0.08,0.0010637115537110997
0.42424242424242425,0.08,0.0008020425184933622
0.43434343434343436,0.08,0.0006029656333028655
0.4444444444444445,0.08,0.000453236916606925
0.4545454545454546,0.08,0.00034243302505931883
0.4646464646464647,0.08,0.000262515677433961
0.4747474747474748,0.08,0.00020747395506814925
0.48484848484848486,0.08,0.00017304227276060402
0.494949494949495,0.08,0.00015649158172093003
0.5050505050505051,0.08,0.00015649158172093003
0.5151515151515152,0.08,0.00017304227276060402
0.5252525252525253,0.08,0.00020747395506814925
0.5353535353535354,0.08,0.000262515677433961
0.5454545454545455,0.08,0.00034243302505931883
0.5555555555555556,0.08,0.00045323691660714704
0.5656565656565657,0.08,0.0006029656333029765
0.5757575757575758,0.08,0.0008020425184933622
0.5858585858585859,0.08,0.0010637115537110997
0.595959595959596,0.08,0.0014045522312492453
0.6060606060606061,0.08,0.0018450737068943512
0.6161616161616162,0.08,0.002410386048170454
0.6262626262626263,0.08,0.0031309434346464826
0.6363636363636365,0.08,0.0040433503910162205
0.6464646464646465,0.08,0.005191217556629879
0.6565656565656566,0.08,0.006626048185337408
0.6666666666666667,0.08,0.008408130657478252
0.6767676767676768,0.08,0.010607405971915562
0.686868686868687,0.08,0.013304272744706913
0.696969696969697,0.08,0.01659028602080692
0.7070707070707072,0.08,0.020568700622931813
0.7171717171717172,0.08,0.02535480528995282
0.7272727272727273,0.08,0.031075991004437253
0.7373737373737375,0.08,0.037871496192771525
0.7474747474747475,0.08,0.04589177339432038
0.7575757575757577,0.08,0.055297426967071406
0.7676767676767677,0.08,0.06625767974858365
0.7777777777777778,0.08,0.07894833849635396
0.787878787878788,0.08,0.093549243375873
0.797979797979798,0.08,0.11024120551143468
0.8080808080808082,0.08,0.12920245818512444
0.8181818181818182,0.08,0.15060467093403962
0.8282828282828284,0.08,0.17460860058557826
0.8383838383838385,0.08,0.20135947800630094
0.8484848484848485,0.08,0.23098225268152583
0.8585858585858587,0.08,0.26357683775844765
0.8686868686868687,0.08,0.29921351443499444
0.8787878787878789,0.08,0.33792866520692544
0.888888888888889,0.08,0.37972100933081165
0.8989898989898991,0.08,0.4245485100391856
0.9090909090909092,0.08,0.47232611104571853
0.9191919191919192,0.08,0.5229244396317142
0.9292929292929294,0.08,0.5761695855207134
0.9393939393939394,0.08,0.6318440297287939
0.9494949494949496,0.08,0.6896887569967256
0.9595959595959597,0.08,0.7494065410498352
0.9696969696969697,0.08,0.8106663458949827
0.9797979797979799,0.08,0.8731087409538603
0.98989898989899,0.08,0.9363521854112391
1.0,0.08,0.9999999999999998
0.0,0.1,1.0
0.010101010101010102,0.1,0.9430595710814358
0.020202020202020204,0.1,0.8864087623784598
0.030303030303030304,0.1,0.8303327822512513
0.04040404040404041,0.1,0.7751081271709219
0.05050505050505051,0.1,0.7209985013681881
0.06060606060606061,0.1,0.6682510562827311
0.07070707070707072,0.1,0.6170930387585278
0.08080808080808081,0.1,0.5677289228275553
0.09090909090909091,0.1,0.5203380835159217
0.10101010101010102,0.1,0.47507305310676173
0.11111111111111112,0.1,0.43205838146891296
0.12121212121212122,0.1,0.3913901031874306
0.13131313131313133,0.1,0.35313579606235335
0.14141414141414144,0.1,0.31733519876371674
0.15151515151515152,0.1,0.284001340637301
0.16161616161616163,0.1,0.25312212432186065
0.17171717171717174,0.1,0.22466229230377
0.18181818181818182,0.1,0.19856570199398338
0.19191919191919193,0.1,0.17475783041521542
0.20202020202020204,0.1,0.15314842904742776
0.21212121212121213,0.1,0.1336342515873482
0.22222222222222224,0.1,0.11610178202015808
0.23232323232323235,0.1,0.10042989708654015
0.24242424242424243,0.1,0.08649240551046511
0.25252525252525254,0.1,0.07416041575985244
0.26262626262626265,0.1,0.06330449416929995
0.27272727272727276,0.1,0.05379658550851707
0.2828282828282829,0.1,0.04551167811970258
0.29292929292929293,0.1,0.03832920521568628
0.30303030303030304,0.1,0.03213418253858158
0.31313131313131315,0.1,0.02681809010887426
0.32323232323232326,0.1,0.02227951210399759
0.33333333333333337,0.1,0.01842455392157183
0.3434343434343435,0.1,0.015167059198871957
0.3535353535353536,0.1,0.012428652026721387
0.36363636363636365,0.1,0.010138630909303004
0.37373737373737376,0.1,0.008233741312780873
0.38383838383838387,0.1,0.006657853070299535
0.393939393939394,0.1,0.005361567636649633
0.4040404040404041,0.1,0.004301778383058563
0.4141414141414142,0.1,0.0034412049555263557
0.42424242424242425,0.1,0.0027479203402056562
0.43434343434343436,0.1,0.0021948868192989135
0.4444444444444445,0.1,0.0017595145715747496
0.4545454545454546,0.1,0.001423254359459336
0.4646464646464647,0.1,0.0011712336114806376
0.4747474747474748,0.1,0.000991943292102504
0.48484848484848486,0.1,0.0008769812654731979
0.494949494949495,0.1,0.0008208563995930618
0.5050505050505051,0.1,0.0008208563995930618
0.5151515151515152,0.1,0.0008769812654731979
0.5252525252525253,0.1,0.000991943292102504
0.5353535353535354,0.1,0.0011712336114806376
0.5454545454545455,0.1,0.001423254359459336
0.5555555555555556,0.1,0.0017595145715746385
0.5656565656565657,0.1,0.0021948868192991355
0.5757575757575758,0.1,0.0027479203402056562
0.5858585858585859,0.1,0.0034412049555260227
0.595959595959596,0.1,0.004301778383058674
0.6060606060606061,0.1,0.0053615676366497445
0.6161616161616162,0.1,0.006657853070299313
0.6262626262626263,0.1,0.008233741312780984
0.6363636363636365,0.1,0.010138630909303004
0.6464646464646465,0.1,0.012428652026721165
0.6565656565656566,0.1,0.015167059198871735
0.6666666666666667,0.1,0.018424553921571718
0.6767676767676768,0.1,0.02227951210399759
0.686868686868687,0.1,0.02681809010887448
0.696969696969697,0.1,0.03213418253858147
0.7070707070707072,0.1,0.03832920521568628
0.7171717171717172,0.1,0.04551167811970269
0.7272727272727273,0.1,0.05379658550851707
0.7373737373737375,0.1,0.06330449416930006
0.7474747474747475,0.1,0.07416041575985266
0.7575757575757577,0.1,0.086492405510465
0.7676767676767677,0.1,0.10042989708654004
0.7777777777777778,0.1,0.11610178202015797
0.787878787878788,0.1,0.13363425158734799
0.797979797979798,0.1,0.15314842904742787
0.8080808080808082,0.1,0.17475783041521575
0.8181818181818182,0.1,0.19856570199398338
0.8282828282828284,0.1,0.22466229230377
0.8383838383838385,0.1,0.25312212432186065
0.8484848484848485,0.1,0.28400134063730087
0.8585858585858587,0.1,0.3173351987637171
0.8686868686868687,0.1,0.35313579606235346
0.8787878787878789,0.1,0.39139010318743106
0.888888888888889,0.1,0.4320583814689133
0.8989898989898991,0.1,0.47507305310676207
0.9090909090909092,0.1,0.5203380835159215
0.9191919191919192,0.1,0.5677289228275553
0.9292929292929294,0.1,0.6170930387585284
0.9393939393939394,0.1,0.6682510562827313
0.9494949494949496,0.1,0.7209985013681888
0.9595959595959597,0.1,0.7751081271709219
0.9696969696969697,0.1,0.8303327822512511
0.9797979797979799,0.1,0.8864087623784599
0.98989898989899,0.1,0.9430595710814359
1.0,0.1,0.9999999999999998
0.0,0.12,1.0
0.010101010101010102,0.12,0.9480133759864957
0.020202020202020204,0.12,0.8962472139295785
0.030303030303030304,0.12,0.8449191749857323
0.04040404040404041,0.12,0.7942413779313131
0.05050505050505051,0.12,0.7444177742722122
0.06060606060606061,0.12,0.695641694078321
0.07070707070707072,0.12,0.6480936115891816
0.08080808080808081,0.12,0.6019391732814295
0.09090909090909091,0.12,0.5573275236017905
0.10101010101010102,0.12,0.5143899552255742
0.11111111111111112,0.12,0.47323890179983075
0.12121212121212122,0.12,0.433967281985274
0.13131313131313133,0.12,0.3966481945339051
0.14141414141414144,0.12,0.36133495542847816
0.15151515151515152,0.12,0.32806146003875913
0.16161616161616163,0.12,0.2968428460554967
0.17171717171717174,0.12,0.2676764268399364
0.18181818181818182,0.12,0.24054285991881652
0.19191919191919193,0.12,0.21540751175352923
0.20202020202020204,0.12,0.19222197765543503
0.21212121212121213,0.12,0.17092571479338414
0.22222222222222224,0.12,0.1514477465827886
0.23232323232323235,0.12,0.13370839825459857
0.24242424242424243,0.12,0.11762102593919244
0.25252525252525254,0.12,0.10309370500011006
0.26262626262626265,0.12,0.09003084743381684
0.27272727272727276,0.12,0.0783347227237412
0.2828282828282829,0.12,0.06790686140898106
0.29292929292929293,0.12,0.05864932561706149
0.30303030303030304,0.12,0.05046583574690411
0.31313131313131315,0.12,0.0432627472231385
0.32323232323232326,0.12,0.03694987564981067
0.33333333333333337,0.12,0.03144117267012436
0.3434343434343435,0.12,0.026655258315536945
0.3535353535353536,0.12,0.022515818555476796
0.36363636363636365,0.12,0.01895187911632079
0.37373737373737376,0.12,0.015897968425982123
0.38383838383838387,0.12,0.013294183778950197
0.393939393939394,0.12,0.011086175542258547
0.4040404040404041,0.12,0.009225064483955991
0.4141414141414142,0.12,0.007667307158658487
0.42424242424242425,0.12,0.006374523790368514
0.43434343434343436,0.12,0.005313302312501933
0.4444444444444445,0.12,0.004454991218326487
0.4545454545454546,0.12,0.003775492696566407
0.4646464646464647,0.12,0.003255066224994274
0.4747474747474748,0.12,0.002878151410017238
0.48484848484848486,0.12,0.002633217424747203
0.494949494949495,0.12,0.0025126449357630865
0.5050505050505051,0.12,0.0025126449357630865
0.5151515151515152,0.12,0.002633217424747203
0.5252525252525253,0.12,0.002878151410017238
0.5353535353535354,0.12,0.003255066224994274
0.5454545454545455,0.12,0.003775492696566407
0.5555555555555556,0.12,0.004454991218326709
0.5656565656565657,0.12,0.005313302312502155
0.5757575757575758,0.12,0.006374523790368514
0.5858585858585859,0.12,0.007667307158658265
0.595959595959596,0.12,0.009225064483956102
0.6060606060606061,0.12,0.011086175542258436
0.6161616161616162,0.12,0.013294183778950086
0.6262626262626263,0.12,0.015897968425982123
0.6363636363636365,0.12,0.018951879116321013
0.6464646464646465,0.12,0.022515818555476685
0.6565656565656566,0.12,0.026655258315536945
0.6666666666666667,0.12,0.03144117267012436
0.6767676767676768,0.12,0.03694987564981067
0.686868686868687,0.12,0.04326274722313872
0.696969696969697,0.12,0.050465835746904
0.7070707070707072,0.12,0.05864932561706149
0.7171717171717172,0.12,0.06790686140898117
0.7272727272727273,0.12,0.07833472272374109
0.7373737373737375,0.12,0.09003084743381706
0.7474747474747475,0.12,0.10309370500011028
0.7575757575757577,0.12,0.11762102593919233
0.7676767676767677,0.12,0.13370839825459846
0.7777777777777778,0.12,0.1514477465827886
0.787878787878788,0.12,0.17092571479338414
0.797979797979798,0.12,0.19222197765543514
0.8080808080808082,0.12,0.21540751175352968
0.8181818181818182,0.12,0.24054285991881663
0.8282828282828284,0.12,0.26767642683993653
0.8383838383838385,0.12,0.2968428460554967
0.8484848484848485,0.12,0.3280614600387589
0.8585858585858587,0.12,0.3613349554284785
0.8686868686868687,0.12,0.3966481945339051
0.8787878787878789,0.12,0.43396728198527446
0.888888888888889,0.12,0.4732389017998312
0.8989898989898991,0.12,0.5143899552255746
0.9090909090909092,0.12,0.5573275236017905
0.9191919191919192,0.12,0.6019391732814297
0.9292929292929294,0.12,0.648093611589182
0.9393939393939394,0.12,0.6956416940783212
0.9494949494949496,0.12,0.7444177742722128
0.9595959595959597,0.12,0.7942413779313132
0.9696969696969697,0.12,0.8449191749857321
0.9797979797979799,0.12,0.8962472139295787
0.98989898989899,0.12,0.9480133759864958
1.0,0.12,0.9999999999999998
0.0,0.14,1.0
0.010101010101010102,0.14,0.9518648707500227
0.020202020202020204,0.14,0.9039047711438859
0.030303030303030304,0.14,0.8562928238334367
0.04040404040404041,0.14,0.8091983720764968
0.05050505050505051,0.14,0.7627851756377605
0.06060606060606061,0.14,0.717209706980183
0.07070707070707072,0.14,0.6726195772166181
0.08080808080808081,0.14,0.6291521180625144
0.09090909090909091,0.14,0.5869331421936659
0.10101010101010102,0.14,0.5460759000896036
0.11111111111111112,0.14,0.5066802467678351
0.12121212121212122,0.14,0.4688320269296248
0.13131313131313133,0.14,0.4326026820901371
0.14141414141414144,0.14,0.3980490783979511
0.15151515151515152,0.14,0.36521354919723215
0.16161616161616163,0.14,0.3341241420743184
0.17171717171717174,0.14,0.3047950562673932
0.18181818181818182,0.14,0.27722725299244155
0.19191919191919193,0.14,0.2514092185188057
0.20202020202020204,0.14,0.22731785775866342
0.21212121212121213,0.14,0.20491949473893167
0.22222222222222224,0.14,0.18417095560133534
0.23232323232323235,0.14,0.16502070970530935
0.24242424242424243,0.14,0.14741004494873033
0.25252525252525254,0.14,0.13127425451646424
0.26262626262626265,0.14,0.11654381384643031
0.27272727272727276,0.14,0.10314552858749648
0.2828282828282829,0.14,0.09100363662690658
0.29292929292929293,0.14,0.08004084979803949
0.30303030303030304,0.14,0.07017932355348477
0.31313131313131315,0.14,0.06134154561842997
0.32323232323232326,0.14,0.0534511373458294
0.33333333333333337,0.14,0.04643356410645083
0.3434343434343435,0.14,0.04021675350192988
0.3535353535353536,0.14,0.03473162243627792
0.36363636363636365,0.14,0.029912516080865648
0.37373737373737376,0.14,0.025697563490940323
0.38383838383838387,0.14,0.022028956060033855
0.393939393939394,0.14,0.01885315612412397
0.4040404040404041,0.14,0.016121043850805594
0.4141414141414142,0.14,0.013788011078420315
0.42424242424242425,0.14,0.011814011020760962
0.43434343434343436,0.14,0.010163572744089189
0.4444444444444445,0.14,0.00880578907774554
0.4545454545454546,0.14,0.007714286162813222
0.4646464646464647,0.14,0.006867182201348188
0.4747474747474748,0.14,0.00624704216808547
0.48484848484848486,0.14,0.005840834313172949
0.494949494949495,0.14,0.0056398932433038285
0.5050505050505051,0.14,0.0056398932433038285
0.5151515151515152,0.14,0.005840834313172949
0.5252525252525253,0.14,0.00624704216808547
0.5353535353535354,0.14,0.006867182201348188
0.5454545454545455,0.14,0.007714286162813222
0.5555555555555556,0.14,0.00880578907774543
0.5656565656565657,0.14,0.01016357274408941
0.5757575757575758,0.14,0.011814011020760962
0.5858585858585859,0.14,0.013788011078420315
0.595959595959596,0.14,0.016121043850805705
0.6060606060606061,0.14,0.01885315612412386
0.6161616161616162,0.14,0.022028956060033744
0.6262626262626263,0.14,0.025697563490940323
0.6363636363636365,0.14,0.02991251608086576
0.6464646464646465,0.14,0.03473162243627781
0.6565656565656566,0.14,0.0402167535019301
0.6666666666666667,0.14,0.04643356410645083
0.6767676767676768,0.14,0.053451137345829514
0.686868686868687,0.14,0.06134154561843019
0.696969696969697,0.14,0.07017932355348477
0.7070707070707072,0.14,0.08004084979803949
0.7171717171717172,0.14,0.09100363662690669
0.7272727272727273,0.14,0.10314552858749637
0.7373737373737375,0.14,0.11654381384643042
0.7474747474747475,0.14,0.13127425451646446
0.7575757575757577,0.14,0.14741004494873022
0.7676767676767677,0.14,0.16502070970530935
0.7777777777777778,0.14,0.18417095560133523
0.787878787878788,0.14,0.20491949473893167
0.797979797979798,0.14,0.22731785775866353
0.8080808080808082,0.14,0.25140921851880615
0.8181818181818182,0.14,0.27722725299244166
0.8282828282828284,0.14,0.30479505626739334
0.8383838383838385,0.14,0.3341241420743184
0.8484848484848485,0.14,0.36521354919723215
0.8585858585858587,0.14,0.39804907839795145
0.8686868686868687,0.14,0.4326026820901372
0.8787878787878789,0.14,0.4688320269296252
0.888888888888889,0.14,0.5066802467678355
0.8989898989898991,0.14,0.5460759000896038
0.9090909090909092,0.14,0.5869331421936659
0.9191919191919192,0.14,0.6291521180625144
0.9292929292929294,0.14,0.6726195772166187
0.9393939393939394,0.14,0.7172097069801832
0.9494949494949496,0.14,0.762785175637761
0.9595959595959597,0.14,0.8091983720764968
0.9696969696969697,0.14,0.8562928238334365
0.9797979797979799,0.14,0.9039047711438861
0.98989898989899,0.14,0.9518648707500228
1.0,0.14,0.9999999999999998
0.0,0.16,1.0
0.010101010101010102,0.16,0.9549703061296136
0.020202020202020204,0.16,0.9100839220237463
0.030303030303030304,0.16,0.8654827907718633
0.04040404040404041,0.16,0.8213061438249981
0.05050505050505051,0.16,0.7776891989742191
0.06060606060606061,0.16,0.7347619215518463
0.07070707070707072,0.16,0.6926478677463672
0.08080808080808081,0.16,0.6514631271307237
0.09090909090909091,0.16,0.6113153793614341
0.10101010101010102,0.16,0.5723030775725146
0.11111111111111112,0.16,0.5345147683302653
0.12121212121212122,0.16,0.498028555204569
0.13131313131313133,0.16,0.4629117101239978
0.14141414141414144,0.16,0.42922043379050645
0.15151515151515152,0.16,0.3969997636075392
0.16161616161616163,0.16,0.3662836248914275
0.17171717171717174,0.16,0.3370950186521473
0.18181818181818182,0.16,0.30944633700004387
0.19191919191919193,0.16,0.2833397953048613
0.20202020202020204,0.16,0.258767968636906
0.21212121212121213,0.16,0.2357144187810275
0.22222222222222224,0.16,0.21415439724487395
0.23232323232323235,0.16,0.19405560918516396
0.24242424242424243,0.16,0.1753790230407296
0.25252525252525254,0.16,0.15807971087054506
0.26262626262626265,0.16,0.1421077049221391
0.27272727272727276,0.16,0.12740885676693114
0.2828282828282829,0.16,0.11392568639474776
0.29292929292929293,0.16,0.10159820991662949
0.30303030303030304,0.16,0.09036473593710748
0.31313131313131315,0.16,0.08016262217756942
0.32323232323232326,0.16,0.07092898551470017
0.33333333333333337,0.16,0.06260136019771834
0.3434343434343435,0.16,0.055118300583467894
0.3535353535353536,0.16,0.04841992624151681
0.36363636363636365,0.16,0.04244840869891664
0.37373737373737376,0.16,0.037148400387924
0.38383838383838387,0.16,0.03246740750685062
0.393939393939394,0.16,0.028356109486867953
0.4040404040404041,0.16,0.024768628563963557
0.4141414141414142,0.16,0.021662753578447602
0.42424242424242425,0.16,0.019000122562400135
0.43434343434343436,0.16,0.016746368930596556
0.4444444444444445,0.16,0.014871236169010205
0.4545454545454546,0.16,0.013348665826711681
0.4646464646464647,0.16,0.012156863374417015
0.4747474747474748,0.16,0.011278346111088577
0.48484848484848486,0.16,0.010699976795787158
0.494949494949495,0.16,0.0104129860738299
0.5050505050505051,0.16,0.0104129860738299
0.5151515151515152,0.16,0.010699976795787158
0.5252525252525253,0.16,0.011278346111088577
0.5353535353535354,0.16,0.012156863374417015
0.5454545454545455,0.16,0.013348665826711681
0.5555555555555556,0.16,0.014871236169010427
0.5656565656565657,0.16,0.016746368930596778
0.5757575757575758,0.16,0.019000122562400135
0.5858585858585859,0.16,0.02166275357844738
0.595959595959596,0.16,0.024768628563963557
0.6060606060606061,0.16,0.028356109486867842
0.6161616161616162,0.16,0.03246740750685062
0.6262626262626263,0.16,0.037148400387924
0.6363636363636365,0.16,0.04244840869891664
0.6464646464646465,0.16,0.0484199262415167
0.6565656565656566,0.16,0.055118300583468005
0.6666666666666667,0.16,0.06260136019771845
0.6767676767676768,0.16,0.07092898551470028
0.686868686868687,0.16,0.08016262217756975
0.696969696969697,0.16,0.09036473593710748
0.7070707070707072,0.16,0.10159820991662949
0.7171717171717172,0.16,0.11392568639474798
0.7272727272727273,0.16,0.12740885676693103
0.7373737373737375,0.16,0.14210770492213942
0.7474747474747475,0.16,0.1580797108705453
0.7575757575757577,0.16,0.1753790230407295
0.7676767676767677,0.16,0.19405560918516385
0.7777777777777778,0.16,0.21415439724487373
0.787878787878788,0.16,0.2357144187810275
0.797979797979798,0.16,0.2587679686369062
0.8080808080808082,0.16,0.28333979530486175
0.8181818181818182,0.16,0.309446337000044
0.8282828282828284,0.16,0.3370950186521474
0.8383838383838385,0.16,0.3662836248914275
0.8484848484848485,0.16,0.3969997636075391
0.8585858585858587,0.16,0.4292204337905067
0.8686868686868687,0.16,0.4629117101239979
0.8787878787878789,0.16,0.49802855520456946
0.888888888888889,0.16,0.5345147683302658
0.8989898989898991,0.16,0.5723030775725149
0.9090909090909092,0.16,0.6113153793614341
0.9191919191919192,0.16,0.6514631271307237
0.9292929292929294,0.16,0.6926478677463677
0.9393939393939394,0.16,0.7347619215518464
0.9494949494949496,0.16,0.7776891989742196
0.9595959595959597,0.16,0.8213061438249981
0.9696969696969697,0.16,0.865482790771863
0.9797979797979799,0.16,0.9100839220237464
0.98989898989899,0.16,0.9549703061296136
1.0,0.16,0.9999999999999998
0.0,0.18,1.0
0.010101010101010102,0.18,0.9575431574852775
0.020202020202020204,0.18,0.9152064528360687
0.030303030303030304,0.18,0.8731090055340056
0.04040404040404041,0.18,0.8313679126991625
0.05050505050505051,0.18,0.7900972736414097
0.06060606060606061,0.18,0.7494072565040797
0.07070707070707072,0.18,0.7094032197417512
0.08080808080808081,0.18,0.6701849001113148
0.09090909090909091,0.18,0.6318456775783804
0.10101010101010102,0.18,0.5944719260813414
0.11111111111111112,0.18,0.5581424574889438
0.12121212121212122,0.18,0.522928064373064
0.13131313131313133,0.18,0.48889116543751554
0.14141414141414144,0.18,0.4560855556377217
0.15151515151515152,0.18,0.42455626123628265
0.16161616161616163,0.18,0.3943394983054208
0.17171717171717174,0.18,0.3654627315460507
0.18181818181818182,0.18,0.3379448287781722
0.19191919191919193,0.18,0.31179630509748246
0.20202020202020204,0.18,0.2870196495125281
0.21212121212121213,0.18,0.2636097258938751
0.22222222222222224,0.18,0.24155423929440056
0.23232323232323235,0.18,0.22083425814472912
0.24242424242424243,0.18,0.20142478249113516
0.25252525252525254,0.18,0.18329534832038186
0.26262626262626265,0.18,0.16641065809737432
0.27272727272727276,0.18,0.1507312279128833
0.2828282828282829,0.18,0.1362140420817578
0.29292929292929293,0.18,0.12281320662545747
0.30303030303030304,0.18,0.1104805937924429
0.31313131313131315,0.18,0.0991664705902322
0.32323232323232326,0.18,0.08882010519712591
0.33333333333333337,0.18,0.0793903460629305
0.3434343434343435,0.18,0.07082616947016951
0.3535353535353536,0.18,0.0630771922851936
0.36363636363636365,0.18,0.05609414755892883
0.37373737373737376,0.18,0.04982932151862651
0.38383838383838387,0.18,0.04423695130636085
0.393939393939394,0.18,0.03927358355156907
0.4040404040404041,0.18,0.03489839450108223
0.4141414141414142,0.18,0.031073472961486548
0.42424242424242425,0.18,0.027764067729144526
0.43434343434343436,0.18,0.02493880148978289
0.4444444444444445,0.18,0.02256985336219075
0.4545454545454546,0.18,0.020633112342180127
0.4646464646464647,0.18,0.019108303879002975
0.4747474747474748,0.18,0.017979091694788507
0.48484848484848486,0.18,0.017233156748240663
0.494949494949495,0.18,0.01686225495866167
0.5050505050505051,0.18,0.01686225495866167
0.5151515151515152,0.18,0.017233156748240663
0.5252525252525253,0.18,0.017979091694788396
0.5353535353535354,0.18,0.019108303879002864
0.5454545454545455,0.18,0.020633112342180127
0.5555555555555556,0.18,0.022569853362190972
0.5656565656565657,0.18,0.02493880148978289
0.5757575757575758,0.18,0.027764067729144526
0.5858585858585859,0.18,0.031073472961486548
0.595959595959596,0.18,0.03489839450108234
0.6060606060606061,0.18,0.03927358355156907
0.6161616161616162,0.18,0.04423695130636085
0.6262626262626263,0.18,0.049829321518626624
0.6363636363636365,0.18,0.05609414755892883
0.6464646464646465,0.18,0.0630771922851936
0.6565656565656566,0.18,0.07082616947016962
0.6666666666666667,0.18,0.0793903460629306
0.6767676767676768,0.18,0.08882010519712602
0.686868686868687,0.18,0.09916647059023243
0.696969696969697,0.18,0.1104805937924429
0.7070707070707072,0.18,0.12281320662545747
0.7171717171717172,0.18,0.1362140420817579
0.7272727272727273,0.18,0.1507312279128833
0.7373737373737375,0.18,0.16641065809737454
0.7474747474747475,0.18,0.18329534832038208
0.7575757575757577,0.18,0.20142478249113505
0.7676767676767677,0.18,0.220834258144729
0.7777777777777778,0.18,0.24155423929440045
0.787878787878788,0.18,0.2636097258938751
0.797979797979798,0.18,0.28701964951252823
0.8080808080808082,0.18,0.3117963050974827
0.8181818181818182,0.18,0.33794482877817233
0.8282828282828284,0.18,0.3654627315460508
0.8383838383838385,0.18,0.3943394983054208
0.8484848484848485,0.18,0.42455626123628254
0.8585858585858587,0.18,0.456085555637722
0.8686868686868687,0.18,0.48889116543751565
0.8787878787878789,0.18,0.5229280643730645
0.888888888888889,0.18,0.558142457488944
0.8989898989898991,0.18,0.5944719260813416
0.9090909090909092,0.18,0.6318456775783804
0.9191919191919192,0.18,0.6701849001113147
0.9292929292929294,0.18,0.7094032197417517
0.9393939393939394,0.18,0.7494072565040798
0.9494949494949496,0.18,0.7900972736414102
0.9595959595959597,0.18,0.8313679126991625
0.9696969696969697,0.18,0.8731090055340054
0.9797979797979799,0.18,0.9152064528360689
0.98989898989899,0.18,0.9575431574852776
1.0,0.18,0.9999999999999999
0.0,0.2,1.0
0.010101010101010102,0.2,0.9597202282415251
0.020202020202020204,0.2,0.9195430672042577
0.030303030303030304,0.2,0.8795703453246351
0.04040404040404041,0.2,0.839902336464035
0.05050505050505051,0.2,0.8006370074313154
0.06060606060606061,0.2,0.7618692947883152
0.07070707070707072,0.2,0.7236904198961371
0.08080808080808081,0.2,0.6861872504953362
0.09090909090909091,0.2,0.6494417163111322
0.10101010101010102,0.2,0.6135302852535337
0.11111111111111112,0.2,0.5785235057623312
0.12121212121212122,0.2,0.5444856197507512
0.13131313131313133,0.2,0.5114742494529436
0.14141414141414144,0.2,0.4795401603038607
0.15151515151515152,0.2,0.4487271007999861
0.16161616161616163,0.2,0.4190717191297576
0.17171717171717174,0.2,0.3906035552461601
0.18181818181818182,0.2,0.3633451060019405
0.19191919191919193,0.2,0.3373119599991118
0.20202020202020204,0.2,0.3125129979351726
0.21212121212121213,0.2,0.28895065347215254
0.22222222222222224,0.2,0.2666212290214658
0.23232323232323235,0.2,0.24551526033455917
0.24242424242424243,0.2,0.22561792342010778
0.25252525252525254,0.2,0.20690947707343754
0.26262626262626265,0.2,0.18936573420009195
0.27272727272727276,0.2,0.17295855513735425
0.2828282828282829,0.2,0.15765635631670383
0.29292929292929293,0.2,0.14342462785595178
0.30303030303030304,0.2,0.13022645400959298
0.31313131313131315,0.2,0.11802303082563448
0.32323232323232326,0.2,0.1067741758416042
0.33333333333333337,0.2,0.09643882518585523
0.3434343434343435,0.2,0.0869755140165922
0.3535353535353536,0.2,0.07834283681447574
0.36363636363636365,0.2,0.07049988462998025
0.37373737373737376,0.2,0.0634066569596341
0.38383838383838387,0.2,0.057024446472797585
0.393939393939394,0.2,0.05131619532125198
0.4040404040404041,0.2,0.04624682222776255
0.4141414141414142,0.2,0.041783519959001425
0.42424242424242425,0.2,0.037896023136826384
0.43434343434343436,0.2,0.03455684662599523
0.4444444444444445,0.2,0.031741494954011795
0.4545454545454546,0.2,0.029428643370105867
0.4646464646464647,0.2,0.027600291237290686
0.4747474747474748,0.2,0.02624188847784592
0.48484848484848486,0.2,0.025342435763828997
0.494949494949495,0.2,0.024894559067231037
0.5050505050505051,0.2,0.024894559067231037
0.5151515151515152,0.2,0.025342435763828997
0.5252525252525253,0.2,0.02624188847784592
0.5353535353535354,0.2,0.027600291237290686
0.5454545454545455,0.2,0.029428643370105756
0.5555555555555556,0.2,0.031741494954011795
0.5656565656565657,0.2,0.03455684662599545
0.5757575757575758,0.2,0.037896023136826384
0.5858585858585859,0.2,0.0417835199590012
0.595959595959596,0.2,0.04624682222776255
0.6060606060606061,0.2,0.05131619532125198
0.6161616161616162,0.2,0.057024446472797585
0.6262626262626263,0.2,0.0634066569596341
0.6363636363636365,0.2,0.07049988462998025
0.6464646464646465,0.2,0.07834283681447574
0.6565656565656566,0.2,0.08697551401659231
0.6666666666666667,0.2,0.09643882518585534
0.6767676767676768,0.2,0.10677417584160431
0.686868686868687,0.2,0.11802303082563492
0.696969696969697,0.2,0.13022645400959298
0.7070707070707072,0.2,0.1434246278559519
0.7171717171717172,0.2,0.15765635631670405
0.7272727272727273,0.2,0.17295855513735425
0.7373737373737375,0.2,0.18936573420009217
0.7474747474747475,0.2,0.20690947707343776
0.7575757575757577,0.2,0.22561792342010767
0.7676767676767677,0.2,0.24551526033455906
0.7777777777777778,0.2,0.2666212290214657
0.787878787878788,0.2,0.28895065347215243
0.797979797979798,0.2,0.31251299793517273
0.8080808080808082,0.2,0.3373119599991121
0.8181818181818182,0.2,0.3633451060019406
0.8282828282828284,0.2,0.3906035552461602
0.8383838383838385,0.2,0.4190717191297576
0.8484848484848485,0.2,0.448727100799986
0.8585858585858587,0.2,0.47954016030386104
0.8686868686868687,0.2,0.5114742494529438
0.8787878787878789,0.2,0.5444856197507516
0.888888888888889,0.2,0.5785235057623316
0.8989898989898991,0.2,0.6135302852535339
0.9090909090909092,0.2,0.6494417163111322
0.9191919191919192,0.2,0.6861872504953362
0.9292929292929294,0.2,0.7236904198961375
0.9393939393939394,0.2,0.7618692947883153
0.9494949494949496,0.2,0.8006370074313159
0.9595959595959597,0.2,0.839902336464035
0.9696969696969697,0.2,0.8795703453246347
0.9797979797979799,0.2,0.9195430672042578
0.98989898989899,0.2,0.9597202282415251
1.0,0.2,0.9999999999999999
0.0,0.22,1.0
0.010101010101010102,0.22,0.9615938710553318
0.020202020202020204,0.22,0.9232767281871048
0.030303030303030304,0.22,0.8851369419152852
0.04040404040404041,0.22,0.8472616588407104
0.05050505050505051,0.22,0.8097362075555936
0.06060606060606061,0.22,0.7726435256799603
0.07070707070707072,0.22,0.7360636145428517
0.08080808080808081,0.22,0.7000730275927887
0.09090909090909091,0.22,0.664744398096182
0.10101010101010102,0.22,0.63014601107592
0.11111111111111112,0.22,0.596341423767548
0.12121212121212122,0.22,0.5633891381408461
0.13131313131313133,0.22,0.531342328264653
0.14141414141414144,0.22,0.5002486244974327
0.15151515151515152,0.22,0.4701499556805504
0.16161616161616163,0.22,0.44108244971045807
0.17171717171717174,0.22,0.4130763920845021
0.18181818181818182,0.22,0.3861562412664665
0.19191919191919193,0.22,0.3603406990147411
0.20202020202020204,0.22,0.33564283316929144
0.21212121212121213,0.22,0.3120702498128466
0.22222222222222224,0.22,0.28962531121467616
0.23232323232323235,0.22,0.2683053955377924
0.24242424242424243,0.22,0.24810319394626634
0.25252525252525254,0.22,0.2290070404904847
0.26262626262626265,0.22,0.21100126997457114
0.27272727272727276,0.22,0.1940665989199346
0.2828282828282829,0.22,0.17818052472844348
0.29292929292929293,0.22,0.16331773821283435
0.30303030303030304,0.22,0.14945054479418174
0.31313131313131315,0.22,0.13654928985892
0.32323232323232326,0.22,0.12458278401246103
0.33333333333333337,0.22,0.11351872425376819
0.3434343434343435,0.22,0.10332410741572895
0.3535353535353536,0.22,0.09396563256016555
0.36363636363636365,0.22,0.08541008937431438
0.37373737373737376,0.22,0.07762472997836656
0.38383838383838387,0.22,0.07057762191261219
0.393939393939394,0.22,0.06423798042002804
0.4040404040404041,0.22,0.058576478468882254
0.4141414141414142,0.22,0.053565533264208876
0.42424242424242425,0.22,0.04917956827220593
0.43434343434343436,0.22,0.04539525002421996
0.4444444444444445,0.22,0.042191699174817465
0.4545454545454546,0.22,0.03955067546060986
0.4646464646464647,0.22,0.03745673634327917
0.4747474747474748,0.22,0.0358973692231781
0.48484848484848486,0.22,0.03486309718153335
0.494949494949495,0.22,0.03434755825327318
0.5050505050505051,0.22,0.03434755825327318
0.5151515151515152,0.22,0.03486309718153335
0.5252525252525253,0.22,0.0358973692231781
0.5353535353535354,0.22,0.03745673634327917
0.5454545454545455,0.22,0.03955067546060986
0.5555555555555556,0.22,0.042191699174817576
0.5656565656565657,0.22,0.04539525002421996
0.5757575757575758,0.22,0.04917956827220593
0.5858585858585859,0.22,0.053565533264208764
0.595959595959596,0.22,0.058576478468882365
0.6060606060606061,0.22,0.06423798042002804
0.6161616161616162,0.22,0.07057762191261208
0.6262626262626263,0.22,0.07762472997836667
0.6363636363636365,0.22,0.08541008937431449
0.6464646464646465,0.22,0.09396563256016544
0.6565656565656566,0.22,0.10332410741572906
0.6666666666666667,0.22,0.1135187242537683
0.6767676767676768,0.22,0.12458278401246115
0.686868686868687,0.22,0.13654928985892045
0.696969696969697,0.22,0.14945054479418163
0.7070707070707072,0.22,0.16331773821283446
0.7171717171717172,0.22,0.1781805247284436
0.7272727272727273,0.22,0.1940665989199346
0.7373737373737375,0.22,0.21100126997457125
0.7474747474747475,0.22,0.22900704049048493
0.7575757575757577,0.22,0.24810319394626623
0.7676767676767677,0.22,0.2683053955377924
0.7777777777777778,0.22,0.28962531121467605
0.787878787878788,0.22,0.3120702498128466
0.797979797979798,0.22,0.33564283316929155
0.8080808080808082,0.22,0.3603406990147414
0.8181818181818182,0.22,0.38615624126646664
0.8282828282828284,0.22,0.4130763920845022
0.8383838383838385,0.22,0.44108244971045807
0.8484848484848485,0.22,0.4701499556805503
0.8585858585858587,0.22,0.5002486244974329
0.8686868686868687,0.22,0.5313423282646531
0.8787878787878789,0.22,0.5633891381408466
0.888888888888889,0.22,0.5963414237675482
0.8989898989898991,0.22,0.6301460110759203
0.9090909090909092,0.22,0.664744398096182
0.9191919191919192,0.22,0.7000730275927887
0.9292929292929294,0.22,0.7360636145428521
0.9393939393939394,0.22,0.7726435256799604
0.9494949494949496,0.22,0.8097362075555942
0.9595959595959597,0.22,0.8472616588407104
0.9696969696969697,0.22,0.885136941915285
0.9797979797979799,0.22,0.9232767281871049
0.98989898989899,0.22,0.9615938710553318
1.0,0.22,0.9999999999999999
0.0,0.24,1.0
0.010101010101010102,0.24,0.963229103188645
0.020202020202020204,0.24,0.9265363693154154
0.030303030303030304,0.24,0.8899994675755482
0.04040404040404041,0.24,0.8536950850187219
0.05050505050505051,0.24,0.8176984487495049
0.06060606060606061,0.24,0.7820828638406718
0.07070707070707072,0.24,0.7469192718430611
0.08080808080808081,0.24,0.7122758344809377
0.09090909090909091,0.24,0.6782175467640411
0.10101010101010102,0.24,0.6448058833333505
0.11111111111111112,0.24,0.6120984813947516
0.12121212121212122,0.24,0.5801488630917613
0.13131313131313133,0.24,0.5490061996343353
0.14141414141414144,0.24,0.5187151189450925
0.15151515151515152,0.24,0.48931555801670457
0.16161616161616163,0.24,0.4608426606044518
0.17171717171717174,0.24,0.4333267203154657
0.18181818181818182,0.24,0.40679316861000936
0.19191919191919193,0.24,0.38126260670873247
0.20202020202020204,0.24,0.35675087991081655
0.21212121212121213,0.24,0.3332691923780501
0.22222222222222224,0.24,0.3108242600348671
0.23232323232323235,0.24,0.2894184988788254
0.24242424242424243,0.24,0.26905024569334246
0.25252525252525254,0.24,0.24971400790694853
0.26262626262626265,0.24,0.23140073915189585
0.27272727272727276,0.24,0.21409813693952495
0.2828282828282829,0.24,0.19779095878908148
0.29292929292929293,0.24,0.18246135311840306
0.30303030303030304,0.24,0.16808920122583804
0.31313131313131315,0.24,0.15465246675892452
0.32323232323232326,0.24,0.1421275491720061
0.33333333333333337,0.24,0.13048963781696166
0.3434343434343435,0.24,0.11971306348293353
0.3535353535353536,0.24,0.10977164439663178
0.36363636363636365,0.24,0.10063902390859558
0.37373737373737376,0.24,0.09228899731700269
0.38383838383838387,0.24,0.08469582551369548
0.393939393939394,0.24,0.07783453337192614
0.4040404040404041,0.24,0.07168119102724457
0.4141414141414142,0.24,0.0662131764278604
0.42424242424242425,0.24,0.06140941774528341
0.43434343434343436,0.24,0.05725061443735846
0.4444444444444445,0.24,0.053719435941965155
0.4545454545454546,0.24,0.05080069714944835
0.4646464646464647,0.24,0.0484815099548046
0.4747474747474748,0.24,0.046751410327047216
0.48484848484848486,0.24,0.04560246045394978
0.494949494949495,0.24,0.045029325627112926
0.5050505050505051,0.24,0.045029325627112926
0.5151515151515152,0.24,0.04560246045394978
0.5252525252525253,0.24,0.04675141032704733
0.5353535353535354,0.24,0.0484815099548046
0.5454545454545455,0.24,0.05080069714944835
0.5555555555555556,0.24,0.053719435941965266
0.5656565656565657,0.24,0.05725061443735857
0.5757575757575758,0.24,0.06140941774528341
0.5858585858585859,0.24,0.06621317642786029
0.595959595959596,0.24,0.07168119102724457
0.6060606060606061,0.24,0.07783453337192614
0.6161616161616162,0.24,0.08469582551369548
0.6262626262626263,0.24,0.0922889973170028
0.6363636363636365,0.24,0.10063902390859558
0.6464646464646465,0.24,0.10977164439663178
0.6565656565656566,0.24,0.11971306348293365
0.6666666666666667,0.24,0.13048963781696177
0.6767676767676768,0.24,0.1421275491720062
0.686868686868687,0.24,0.15465246675892486
0.696969696969697,0.24,0.16808920122583804
0.7070707070707072,0.24,0.18246135311840306
0.7171717171717172,0.24,0.1977909587890816
0.7272727272727273,0.24,0.21409813693952495
0.7373737373737375,0.24,0.23140073915189596
0.7474747474747475,0.24,0.24971400790694875
0.7575757575757577,0.24,0.26905024569334246
0.7676767676767677,0.24,0.2894184988788254
0.7777777777777778,0.24,0.31082426003486696
0.787878787878788,0.24,0.3332691923780501
0.797979797979798,0.24,0.35675087991081667
0.8080808080808082,0.24,0.3812626067087328
0.8181818181818182,0.24,0.40679316861000947
0.8282828282828284,0.24,0.4333267203154658
0.8383838383838385,0.24,0.4608426606044518
0.8484848484848485,0.24,0.48931555801670445
0.8585858585858587,0.24,0.5187151189450927
0.8686868686868687,0.24,0.5490061996343354
0.8787878787878789,0.24,0.5801488630917617
0.888888888888889,0.24,0.6120984813947521
0.8989898989898991,0.24,0.6448058833333508
0.9090909090909092,0.24,0.6782175467640411
0.9191919191919192,0.24,0.7122758344809377
0.9292929292929294,0.24,0.7469192718430615
0.9393939393939394,0.24,0.7820828638406719
0.9494949494949496,0.24,0.8176984487495055
0.9595959595959597,0.24,0.8536950850187219
0.9696969696969697,0.24,0.8899994675755479
0.9797979797979799,0.24,0.9265363693154155
0.98989898989899,0.24,0.9632291031886451
1.0,0.24,0.9999999999999999
0.0,0.26,1.0
0.010101010101010102,0.26,0.9646733145554144
0.020202020202020204,0.26,0.9294160442533301
0.030303030303030304,0.26,0.8942972020659419
0.04040404040404041,0.26,0.8593850006929354
0.05050505050505051,0.26,0.8247464625414797
0.06060606060606061,0.26,0.7904470416954064
0.07070707070707072,0.26,0.7565502616222717
0.08080808080808081,0.26,0.7231173721602286
0.09090909090909091,0.26,0.6902070290749707
0.10101010101010102,0.26,0.6578749991847692
0.11111111111111112,0.26,0.6261738937237415
0.12121212121212122,0.26,0.5951529322555027
0.13131313131313133,0.26,0.5648577390671601
0.14141414141414144,0.26,0.5353301735734773
0.15151515151515152,0.26,0.5066081958493296
0.16161616161616163,0.26,0.47872576799177746
0.17171717171717174,0.26,0.45171279159753897
0.18181818181818182,0.26,0.42559508123348244
0.19191919191919193,0.26,0.4003943733828431
0.20202020202020204,0.26,0.3761283699735346
0.21212121212121213,0.26,0.3528108152420627
0.22222222222222224,0.26,0.33045160436139653
0.23232323232323235,0.26,0.30905692196728707
0.24242424242424243,0.26,0.2886294084578126
0.25252525252525254,0.26,0.2691683517175043
0.26262626262626265,0.26,0.2506699017316042
0.27272727272727276,0.26,0.2331273054084867
0.2828282828282829,0.26,0.21653115881890228
0.29292929292929293,0.26,0.20086967398871447
0.30303030303030304,0.26,0.18612895734577328
0.31313131313131315,0.26,0.17229329691954243
0.32323232323232326,0.26,0.15934545542161271
0.33333333333333337,0.26,0.1472669663934295
0.3434343434343435,0.26,0.1360384306912985
0.3535353535353536,0.26,0.12563981068461139
0.36363636363636365,0.26,0.11605071966778091
0.37373737373737376,0.26,0.10725070412607396
0.38383838383838387,0.26,0.09921951664689332
0.393939393939394,0.26,0.09193737742784425
0.4040404040404041,0.26,0.08538522249796843
0.4141414141414142,0.26,0.07954493693609188
0.42424242424242425,0.26,0.07439957153783827
0.43434343434343436,0.26,0.06993354154842357
0.4444444444444445,0.26,0.06613280624022688
0.4545454545454546,0.26,0.06298502827109709
0.4646464646464647,0.26,0.0604797119105841
0.4747474747474748,0.26,0.058608319366452166
0.48484848484848486,0.26,0.05736436458290728
0.494949494949495,0.26,0.05674348401540752
0.5050505050505051,0.26,0.05674348401540752
0.5151515151515152,0.26,0.05736436458290728
0.5252525252525253,0.26,0.058608319366452166
0.5353535353535354,0.26,0.0604797119105841
0.5454545454545455,0.26,0.06298502827109709
0.5555555555555556,0.26,0.066132806240227
0.5656565656565657,0.26,0.06993354154842357
0.5757575757575758,0.26,0.07439957153783827
0.5858585858585859,0.26,0.07954493693609166
0.595959595959596,0.26,0.08538522249796854
0.6060606060606061,0.26,0.09193737742784425
0.6161616161616162,0.26,0.09921951664689332
0.6262626262626263,0.26,0.10725070412607396
0.6363636363636365,0.26,0.11605071966778102
0.6464646464646465,0.26,0.12563981068461139
0.6565656565656566,0.26,0.13603843069129862
0.6666666666666667,0.26,0.14726696639342962
0.6767676767676768,0.26,0.15934545542161282
0.686868686868687,0.26,0.17229329691954276
0.696969696969697,0.26,0.18612895734577328
0.7070707070707072,0.26,0.20086967398871458
0.7171717171717172,0.26,0.2165311588189025
0.7272727272727273,0.26,0.2331273054084867
0.7373737373737375,0.26,0.2506699017316044
0.7474747474747475,0.26,0.26916835171750453
0.7575757575757577,0.26,0.2886294084578126
0.7676767676767677,0.26,0.30905692196728696
0.7777777777777778,0.26,0.3304516043613964
0.787878787878788,0.26,0.3528108152420627
0.797979797979798,0.26,0.3761283699735347
0.8080808080808082,0.26,0.40039437338284345
0.8181818181818182,0.26,0.42559508123348255
0.8282828282828284,0.26,0.45171279159753897
0.8383838383838385,0.26,0.47872576799177746
0.8484848484848485,0.26,0.5066081958493294
0.8585858585858587,0.26,0.5353301735734777
0.8686868686868687,0.26,0.5648577390671603
0.8787878787878789,0.26,0.5951529322555031
0.888888888888889,0.26,0.6261738937237418
0.8989898989898991,0.26,0.6578749991847694
0.9090909090909092,0.26,0.6902070290749707
0.9191919191919192,0.26,0.7231173721602286
0.9292929292929294,0.26,0.7565502616222721
0.9393939393939394,0.26,0.7904470416954064
0.9494949494949496,0.26,0.8247464625414802
0.9595959595959597,0.26,0.8593850006929353
0.9696969696969697,0.26,0.8942972020659417
0.9797979797979799,0.26,0.9294160442533302
0.98989898989899,0.26,0.9646733145554144
1.0,0.26,0.9999999999999999
0.0,0.28,1.0
0.010101010101010102,0.28,0.9659620637112368
0.020202020202020204,0.28,0.9319863731325126
0.030303030303030304,0.28,0.8981348423002244
0.04040404040404041,0.28,0.8644687250697763
0.05050505050505051,0.28,0.8310482929018966
0.06060606060606061,0.28,0.7979325219927991
0.07070707070707072,0.28,0.7651787926840949
0.08080808080808081,0.28,0.7328426039388586
0.09090909090909091,0.28,0.7009773054878488
0.10101010101010102,0.28,0.6696338500374777
0.11111111111111112,0.28,0.6388605676919763
0.12121212121212122,0.28,0.6087029644800288
0.13131313131313133,0.28,0.579203546594914
0.14141414141414144,0.28,0.5504016716610898
0.15151515151515152,0.28,0.5223334280335774
0.16161616161616163,0.28,0.49503154282381023
0.17171717171717174,0.28,0.46852531903124184
0.18181818181818182,0.28,0.4428406018482237
0.19191919191919193,0.28,0.41799977390060494
0.20202020202020204,0.28,0.39402177889201984
0.21212121212121213,0.28,0.37092217283950946
0.22222222222222224,0.28,0.34871320182513876
0.23232323232323235,0.28,0.3274039049454479
0.24242424242424243,0.28,0.3070002409202274
0.25252525252525254,0.28,0.2875052366261688
0.26262626262626265,0.28,0.26891915565075575
0.27272727272727276,0.28,0.2512396848183216
0.2828282828282829,0.28,0.23446213652388503
0.29292929292929293,0.28,0.21857966462125666
0.30303030303030304,0.28,0.20358349154947497
0.31313131313131315,0.28,0.1894631443451431
0.32323232323232326,0.28,0.17620669717643378
0.33333333333333337,0.28,0.16380101804603064
0.3434343434343435,0.28,0.15223201734327285
0.3535353535353536,0.28,0.1414848959784306
0.36363636363636365,0.28,0.13154439090225256
0.37373737373737376,0.28,0.12239501589963264
0.38383838383838387,0.28,0.11402129564523078
0.393939393939394,0.28,0.10640799111909971
0.4040404040404041,0.28,0.09954031459974477
0.4141414141414142,0.28,0.0934041325786632
0.42424242424242425,0.28,0.0879861550725477
0.43434343434343436,0.28,0.08327410994539164
0.4444444444444445,0.28,0.07925690099137128
0.4545454545454546,0.28,0.07592474866946963
0.4646464646464647,0.28,0.07326931252142599
0.4747474747474748,0.28,0.07128379444510469
0.48484848484848486,0.28,0.06996302213529915
0.494949494949495,0.28,0.0693035121430905
0.5050505050505051,0.28,0.0693035121430905
0.5151515151515152,0.28,0.06996302213529915
0.5252525252525253,0.28,0.07128379444510469
0.5353535353535354,0.28,0.07326931252142599
0.5454545454545455,0.28,0.07592474866946963
0.5555555555555556,0.28,0.07925690099137128
0.5656565656565657,0.28,0.08327410994539175
0.5757575757575758,0.28,0.0879861550725477
0.5858585858585859,0.28,0.09340413257866309
0.595959595959596,0.28,0.09954031459974488
0.6060606060606061,0.28,0.10640799111909971
0.6161616161616162,0.28,0.11402129564523078
0.6262626262626263,0.28,0.12239501589963275
0.6363636363636365,0.28,0.13154439090225256
0.6464646464646465,0.28,0.1414848959784305
0.6565656565656566,0.28,0.15223201734327296
0.6666666666666667,0.28,0.16380101804603076
0.6767676767676768,0.28,0.1762066971764339
0.686868686868687,0.28,0.18946314434514333
0.696969696969697,0.28,0.20358349154947497
0.7070707070707072,0.28,0.21857966462125666
0.7171717171717172,0.28,0.23446213652388526
0.7272727272727273,0.28,0.2512396848183216
0.7373737373737375,0.28,0.26891915565075597
0.7474747474747475,0.28,0.2875052366261689
0.7575757575757577,0.28,0.30700024092022726
0.7676767676767677,0.28,0.3274039049454478
0.7777777777777778,0.28,0.34871320182513865
0.787878787878788,0.28,0.37092217283950946
0.797979797979798,0.28,0.39402177889201984
0.8080808080808082,0.28,0.4179997739006053
0.8181818181818182,0.28,0.4428406018482238
0.8282828282828284,0.28,0.46852531903124195
0.8383838383838385,0.28,0.49503154282381023
0.8484848484848485,0.28,0.5223334280335772
0.8585858585858587,0.28,0.55040167166109
0.8686868686868687,0.28,0.5792035465949141
0.8787878787878789,0.28,0.6087029644800293
0.888888888888889,0.28,0.6388605676919765
0.8989898989898991,0.28,0.6696338500374779
0.9090909090909092,0.28,0.7009773054878488
0.9191919191919192,0.28,0.7328426039388585
0.9292929292929294,0.28,0.7651787926840953
0.9393939393939394,0.28,0.7979325219927992
0.9494949494949496,0.28,0.8310482929018971
0.9595959595959597,0.28,0.8644687250697762
0.9696969696969697,0.28,0.8981348423002242
0.9797979797979799,0.28,0.9319863731325126
0.98989898989899,0.28,0.9659620637112368
1.0,0.28,0.9999999999999999
0.0,0.3,1.0
0.010101010101010102,0.3,0.967122684557083
0.020202020202020204,0.3,0.9343016722522662
0.030303030303030304,0.3,0.9015929898960378
0.04040404040404041,0.3,0.8690521141517009
0.05050505050505051,0.3,0.8367337027030676
0.06060606060606061,0.3,0.8046913328314402
0.07070707070707072,0.3,0.7729772497391526
0.08080808080808081,0.3,0.7416421268458585
0.09090909090909091,0.3,0.7107348401479816
0.10101010101010102,0.3,0.6803022585732035
0.11111111111111112,0.3,0.6503890520828486
0.12121212121212122,0.3,0.6210375190780459
0.13131313131313133,0.3,0.5922874344533697
0.14141414141414144,0.3,0.5641759194172032
0.15151515151515152,0.3,0.5367373339643611
0.16161616161616163,0.3,0.5100031926466764
0.17171717171717174,0.3,0.48400210404440547
0.18181818181818182,0.3,0.4587597340985127
0.19191919191919193,0.3,0.43429879322415244
0.20202020202020204,0.3,0.4106390468918337
0.21212121212121213,0.3,0.38779734913745634
0.22222222222222224,0.3,0.3657876982481686
0.23232323232323235,0.3,0.3446213136699411
0.24242424242424243,0.3,0.32430673299685275
0.25252525252525254,0.3,0.30484992773295716
0.26262626262626265,0.3,0.28625443636654213
0.27272727272727276,0.3,0.26852151316463835
0.2828282828282829,0.3,0.25165029098344516
0.29292929292929293,0.3,0.2356379562983114
0.30303030303030304,0.3,0.22047993458510107
0.31313131313131315,0.3,0.2061700841330374
0.32323232323232326,0.3,0.19270089633694443
0.33333333333333337,0.3,0.18006370050357978
0.3434343434343435,0.3,0.16824887121156362
0.3535353535353536,0.3,0.15724603628624179
0.36363636363636365,0.3,0.14704428348850063
0.37373737373737376,0.3,0.13763236406883017
0.38383838383838387,0.3,0.12899889140346787
0.393939393939394,0.3,0.12113253300691296
0.4040404040404041,0.3,0.11402219430313087
0.4141414141414142,0.3,0.10765719263503071
0.42424242424242425,0.3,0.10202742009704913
0.43434343434343436,0.3,0.09712349388771069
0.4444444444444445,0.3,0.09293689299675711
0.4545454545454546,0.3,0.08946008016383256
0.4646464646464647,0.3,0.08668660817192775
0.4747474747474748,0.3,0.08461120966798852
0.48484848484848486,0.3,0.08322986983466107
0.494949494949495,0.3,0.08253988137048496
0.5050505050505051,0.3,0.08253988137048496
0.5151515151515152,0.3,0.08322986983466107
0.5252525252525253,0.3,0.08461120966798852
0.5353535353535354,0.3,0.08668660817192775
0.5454545454545455,0.3,0.08946008016383256
0.5555555555555556,0.3,0.09293689299675723
0.5656565656565657,0.3,0.0971234938877108
0.5757575757575758,0.3,0.10202742009704913
0.5858585858585859,0.3,0.1076571926350306
0.595959595959596,0.3,0.11402219430313099
0.6060606060606061,0.3,0.12113253300691285
0.6161616161616162,0.3,0.12899889140346787
0.6262626262626263,0.3,0.13763236406883028
0.6363636363636365,0.3,0.14704428348850063
0.6464646464646465,0.3,0.15724603628624179
0.6565656565656566,0.3,0.16824887121156373
0.6666666666666667,0.3,0.1800637005035799
0.6767676767676768,0.3,0.19270089633694454
0.686868686868687,0.3,0.20617008413303772
0.696969696969697,0.3,0.22047993458510107
0.7070707070707072,0.3,0.2356379562983114
0.7171717171717172,0.3,0.25165029098344527
0.7272727272727273,0.3,0.26852151316463824
0.7373737373737375,0.3,0.28625443636654235
0.7474747474747475,0.3,0.3048499277329574
0.7575757575757577,0.3,0.32430673299685275
0.7676767676767677,0.3,0.3446213136699411
0.7777777777777778,0.3,0.3657876982481685
0.787878787878788,0.3,0.38779734913745634
0.797979797979798,0.3,0.41063904689183395
0.8080808080808082,0.3,0.43429879322415277
0.8181818181818182,0.3,0.4587597340985128
0.8282828282828284,0.3,0.4840021040444056
0.8383838383838385,0.3,0.5100031926466764
0.8484848484848485,0.3,0.536737333964361
0.8585858585858587,0.3,0.5641759194172036
0.8686868686868687,0.3,0.5922874344533698
0.8787878787878789,0.3,0.6210375190780462
0.888888888888889,0.3,0.6503890520828488
0.8989898989898991,0.3,0.6803022585732037
0.9090909090909092,0.3,0.7107348401479816
0.9191919191919192,0.3,0.7416421268458585
0.9292929292929294,0.3,0.7729772497391529
0.9393939393939394,0.3,0.8046913328314405
0.9494949494949496,0.3,0.836733702703068
0.9595959595959597,0.3,0.8690521141517009
0.9696969696969697,0.3,0.9015929898960375
0.9797979797979799,0.3,0.9343016722522663
0.98989898989899,0.3,0.9671226845570831
1.0,0.3,0.9999999999999999
0.0,0.32,1.0
0.010101010101010102,0.32,0.968176611272831
0.020202020202020204,0.32,0.9364045539061537
0.030303030303030304,0.32,0.9047349270808456
0.04040404040404041,0.32,0.873218367633454
0.05050505050505051,0.32,0.8419048238994257
0.06060606060606061,0.32,0.8108433355139009
0.07070707070707072,0.32,0.7800818210552998
0.08080808080808081,0.32,0.7496668753324192
0.09090909090909091,0.32,0.7196435780122674
0.10101010101010102,0.32,0.6900553151647744
0.11111111111111112,0.32,0.66094361516341
0.12121212121212122,0.32,0.6323480002294226
0.13131313131313133,0.32,0.60430585474384
0.14141414141414144,0.32,0.5768523112776116
0.15151515151515152,0.32,0.5500201551085416
0.16161616161616163,0.32,0.5238397478061678
0.17171717171717174,0.32,0.4983389702747968
0.18181818181818182,0.32,0.47354318545273655
0.19191919191919193,0.32,0.44947522067461854
0.20202020202020204,0.32,0.426155369515714
0.21212121212121213,0.32,0.4036014127543446
0.22222222222222224,0.32,0.38182865791279996
0.23232323232323235,0.32,0.360849996670343
0.24242424242424243,0.32,0.3406759792854678
0.25252525252525254,0.32,0.3213149050199996
0.26262626262626265,0.32,0.3027729274260338
0.27272727272727276,0.32,0.2850541732390879
0.2828282828282829,0.32,0.26816087351796014
0.29292929292929293,0.32,0.25209350558415755
0.30303030303030304,0.32,0.236850944241757
0.31313131313131315,0.32,0.2224306207022959
0.32323232323232326,0.32,0.20882868759872386
0.33333333333333337,0.32,0.19604018844734883
0.3434343434343435,0.32,0.1840592299067163
0.3535353535353536,0.32,0.17287915518692343
0.36363636363636365,0.32,0.16249271698137724
0.37373737373737376,0.32,0.15289224832471726
0.38383838383838387,0.32,0.1440698298247105
0.393939393939394,0.32,0.13601745177154667
0.4040404040404041,0.32,0.12872716969418707
0.4141414141414142,0.32,0.12219125200932868
0.42424242424242425,0.32,0.11640231849321447
0.43434343434343436,0.32,0.11135346839902138
0.4444444444444445,0.32,0.10703839714200036
0.4545454545454546,0.32,0.10345150058004904
0.4646464646464647,0.32,0.10058796602816522
0.4747474747474748,0.32,0.09844384926044747
0.48484848484848486,0.32,0.09701613687224941
0.494949494949495,0.32,0.0963027934970665
0.5050505050505051,0.32,0.0963027934970665
0.5151515151515152,0.32,0.09701613687224941
0.5252525252525253,0.32,0.09844384926044747
0.5353535353535354,0.32,0.10058796602816522
0.5454545454545455,0.32,0.10345150058004904
0.5555555555555556,0.32,0.10703839714200047
0.5656565656565657,0.32,0.1113534683990215
0.5757575757575758,0.32,0.11640231849321447
0.5858585858585859,0.32,0.12219125200932857
0.595959595959596,0.32,0.12872716969418707
0.6060606060606061,0.32,0.13601745177154667
0.6161616161616162,0.32,0.1440698298247105
0.6262626262626263,0.32,0.15289224832471737
0.6363636363636365,0.32,0.16249271698137735
0.6464646464646465,0.32,0.17287915518692343
0.6565656565656566,0.32,0.18405922990671642
0.6666666666666667,0.32,0.19604018844734894
0.6767676767676768,0.32,0.20882868759872397
0.686868686868687,0.32,0.22243062070229624
0.696969696969697,0.32,0.236850944241757
0.7070707070707072,0.32,0.25209350558415766
0.7171717171717172,0.32,0.26816087351796036
0.7272727272727273,0.32,0.2850541732390879
0.7373737373737375,0.32,0.3027729274260338
0.7474747474747475,0.32,0.3213149050199998
0.7575757575757577,0.32,0.3406759792854678
0.7676767676767677,0.32,0.360849996670343
0.7777777777777778,0.32,0.38182865791279985
0.787878787878788,0.32,0.4036014127543446
0.797979797979798,0.32,0.4261553695157141
0.8080808080808082,0.32,0.44947522067461887
0.8181818181818182,0.32,0.47354318545273666
0.8282828282828284,0.32,0.4983389702747969
0.8383838383838385,0.32,0.5238397478061678
0.8484848484848485,0.32,0.5500201551085415
0.8585858585858587,0.32,0.5768523112776118
0.8686868686868687,0.32,0.60430585474384
0.8787878787878789,0.32,0.6323480002294231
0.888888888888889,0.32,0.6609436151634103
0.8989898989898991,0.32,0.6900553151647746
0.9090909090909092,0.32,0.7196435780122674
0.9191919191919192,0.32,0.7496668753324192
0.9292929292929294,0.32,0.7800818210553001
0.9393939393939394,0.32,0.8108433355139011
0.9494949494949496,0.32,0.8419048238994261
0.9595959595959597,0.32,0.873218367633454
0.9696969696969697,0.32,0.9047349270808454
0.9797979797979799,0.32,0.9364045539061538
0.98989898989899,0.32,0.968176611272831
1.0,0.32,0.9999999999999999
0.0,0.34,1.0
0.010101010101010102,0.34,0.9691409254206441
0.020202020202020204,0.34,0.9383289897024223
0.030303030303030304,0.34,0.9076111351928089
0.04040404040404041,0.34,0.8770339128489371
0.05050505050505051,0.34,0.8466432906179411
0.06060606060606061,0.34,0.816484466660721
0.07070707070707072,0.34,0.7866016889555786
0.08080808080808081,0.34,0.7570380827525541
0.09090909090909091,0.34,0.727835487268811
0.10101010101010102,0.34,0.6990343029210735
0.11111111111111112,0.34,0.6706733502840689
0.12121212121212122,0.34,0.6427897418454696
0.13131313131313133,0.34,0.6154187674994012
0.14141414141414144,0.34,0.5885937945837034
0.15151515151515152,0.34,0.5623461831224159
0.16161616161616163,0.34,0.5367052167860789
0.17171717171717174,0.34,0.5116980499300807
0.18181818181818182,0.34,0.48734967091715853
0.19191919191919193,0.34,0.46368288177595074
0.20202020202020204,0.34,0.44071829409485563
0.21212121212121213,0.34,0.41847434090097113
0.22222222222222224,0.34,0.39696730412904957
0.23232323232323235,0.34,0.37621135714666565
0.24242424242424243,0.34,0.35621862167038776
0.25252525252525254,0.34,0.33699923828490697
0.26262626262626265,0.34,0.3185614496637946
0.27272727272727276,0.34,0.3009116954877443
0.2828282828282829,0.34,0.2840547179645513
0.29292929292929293,0.34,0.2679936767752761
0.30303030303030304,0.34,0.2527302722034701
0.31313131313131315,0.34,0.23826487514932648
0.32323232323232326,0.34,0.2245966626882816
0.33333333333333337,0.34,0.2117237578039851
0.3434343434343435,0.34,0.1996433719085473
0.3535353535353536,0.34,0.18835194875835637
0.36363636363636365,0.34,0.17784530838120383
0.37373737373737376,0.34,0.16811878964955318
0.38383838383838387,0.34,0.15916739016501424
0.393939393939394,0.34,0.15098590215991703
0.4040404040404041,0.34,0.14356904317266406
0.4141414141414142,0.34,0.13691158031361128
0.42424242424242425,0.34,0.13100844700692393
0.43434343434343436,0.34,0.12585485117041328
0.4444444444444445,0.34,0.12144637387907475
0.4545454545454546,0.34,0.11777905764817365
0.4646464646464647,0.34,0.1148494835675099
0.4747474747474748,0.34,0.11265483661921938
0.48484848484848486,0.34,0.11119295861638878
0.494949494949495,0.34,0.11046238830815636
0.5050505050505051,0.34,0.11046238830815636
0.5151515151515152,0.34,0.11119295861638878
0.5252525252525253,0.34,0.11265483661921938
0.5353535353535354,0.34,0.1148494835675099
0.5454545454545455,0.34,0.11777905764817365
0.5555555555555556,0.34,0.12144637387907486
0.5656565656565657,0.34,0.1258548511704134
0.5757575757575758,0.34,0.13100844700692393
0.5858585858585859,0.34,0.13691158031361117
0.595959595959596,0.34,0.14356904317266417
0.6060606060606061,0.34,0.15098590215991703
0.6161616161616162,0.34,0.15916739016501424
0.6262626262626263,0.34,0.1681187896495533
0.6363636363636365,0.34,0.17784530838120394
0.6464646464646465,0.34,0.18835194875835626
0.6565656565656566,0.34,0.19964337190854742
0.6666666666666667,0.34,0.21172375780398522
0.6767676767676768,0.34,0.2245966626882816
0.686868686868687,0.34,0.2382648751493267
0.696969696969697,0.34,0.2527302722034701
0.7070707070707072,0.34,0.2679936767752762
0.7171717171717172,0.34,0.2840547179645515
0.7272727272727273,0.34,0.3009116954877443
0.7373737373737375,0.34,0.31856144966379485
0.7474747474747475,0.34,0.3369992382849072
0.7575757575757577,0.34,0.35621862167038765
0.7676767676767677,0.34,0.37621135714666565
0.7777777777777778,0.34,0.39696730412904946
0.787878787878788,0.34,0.41847434090097113
0.797979797979798,0.34,0.44071829409485574
0.8080808080808082,0.34,0.46368288177595096
0.8181818181818182,0.34,0.48734967091715864
0.8282828282828284,0.34,0.5116980499300807
0.8383838383838385,0.34,0.5367052167860789
0.8484848484848485,0.34,0.5623461831224159
0.8585858585858587,0.34,0.5885937945837036
0.8686868686868687,0.34,0.6154187674994013
0.8787878787878789,0.34,0.64278974184547
0.888888888888889,0.34,0.6706733502840693
0.8989898989898991,0.34,0.6990343029210737
0.9090909090909092,0.34,0.727835487268811
0.9191919191919192,0.34,0.757038082752554
0.9292929292929294,0.34,0.7866016889555789
0.9393939393939394,0.34,0.8164844666607212
0.9494949494949496,0.34,0.8466432906179415
0.9595959595959597,0.34,0.8770339128489371
0.9696969696969697,0.34,0.9076111351928087
0.9797979797979799,0.34,0.9383289897024224
0.98989898989899,0.34,0.9691409254206441
1.0,0.34,0.9999999999999999
0.0,0.36,1.0
0.010101010101010102,0.36,0.9700294167240905
0.020202020202020204,0.36,0.9401024125235358
0.030303030303030304,0.36,0.9102623990641234
0.04040404040404041,0.36,0.8805524545342244
0.05050505050505051,0.36,0.8510151602470335
0.06060606060606061,0.36,0.8216924412147385
0.07070707070707072,0.36,0.7926254119570398
0.08080808080808081,0.36,0.7638542287546184
0.09090909090909091,0.36,0.7354179494944975
0.10101010101010102,0.36,0.7073544021795286
0.11111111111111112,0.36,0.6797000630892929
0.12121212121212122,0.36,0.6524899454855227
0.13131313131313133,0.36,0.6257574996527981
0.14141414141414144,0.36,0.5995345249558788
0.15151515151515152,0.36,0.5738510944798405
0.16161616161616163,0.36,0.5487354926994408
0.17171717171717174,0.36,0.5242141665011406
0.18181818181818182,0.36,0.5003116897562765
0.19191919191919193,0.36,0.4770507415183063
0.20202020202020204,0.36,0.4544520977921428
0.21212121212121213,0.36,0.4325346367005891
0.22222222222222224,0.36,0.4113153567530108
0.23232323232323235,0.36,0.39080940780576734
0.24242424242424243,0.36,0.37103013419363506
0.25252525252525254,0.36,0.35198912940750327
0.26262626262626265,0.36,0.33369630159687
0.27272727272727276,0.36,0.31615994908692036
0.2828282828282829,0.36,0.2993868450199292
0.29292929292929293,0.36,0.28338233015994574
0.30303030303030304,0.36,0.2681504128386878
0.31313131313131315,0.36,0.2536938749696418
0.32323232323232326,0.36,0.24001438301677314
0.33333333333333337,0.36,0.22711260277416734
0.3434343434343435,0.36,0.2149883167933636
0.3535353535353536,0.36,0.20364054328606995
0.36363636363636365,0.36,0.19306765533120973
0.37373737373737376,0.36,0.183267499226621
0.38383838383838387,0.36,0.17423751084690708
0.393939393939394,0.36,0.1659748288995352
0.4040404040404041,0.36,0.15847640401089857
0.4141414141414142,0.36,0.15173910262215906
0.42424242424242425,0.36,0.1457598047307873
0.43434343434343436,0.36,0.14053549457723025
0.4444444444444445,0.36,0.13606334344643245
0.4545454545454546,0.36,0.13234078383043246
0.4646464646464647,0.36,0.1293655742802703
0.4747474747474748,0.36,0.127135854362316
0.48484848484848486,0.36,0.12565018922519
0.494949494949495,0.36,0.124907603378002
0.5050505050505051,0.36,0.124907603378002
0.5151515151515152,0.36,0.12565018922519
0.5252525252525253,0.36,0.127135854362316
0.5353535353535354,0.36,0.1293655742802703
0.5454545454545455,0.36,0.13234078383043246
0.5555555555555556,0.36,0.13606334344643256
0.5656565656565657,0.36,0.14053549457723036
0.5757575757575758,0.36,0.1457598047307873
0.5858585858585859,0.36,0.15173910262215895
0.595959595959596,0.36,0.15847640401089869
0.6060606060606061,0.36,0.1659748288995352
0.6161616161616162,0.36,0.17423751084690708
0.6262626262626263,0.36,0.1832674992266211
0.6363636363636365,0.36,0.19306765533120984
0.6464646464646465,0.36,0.20364054328606995
0.6565656565656566,0.36,0.21498831679336372
0.6666666666666667,0.36,0.22711260277416745
0.6767676767676768,0.36,0.24001438301677325
0.686868686868687,0.36,0.25369387496964213
0.696969696969697,0.36,0.2681504128386878
0.7070707070707072,0.36,0.28338233015994585
0.7171717171717172,0.36,0.2993868450199294
0.7272727272727273,0.36,0.31615994908692036
0.7373737373737375,0.36,0.33369630159687014
0.7474747474747475,0.36,0.3519891294075035
0.7575757575757577,0.36,0.37103013419363506
0.7676767676767677,0.36,0.39080940780576734
0.7777777777777778,0.36,0.4113153567530107
0.787878787878788,0.36,0.4325346367005891
0.797979797979798,0.36,0.4544520977921429
0.8080808080808082,0.36,0.4770507415183066
0.8181818181818182,0.36,0.5003116897562767
0.8282828282828284,0.36,0.5242141665011406
0.8383838383838385,0.36,0.5487354926994408
0.8484848484848485,0.36,0.5738510944798404
0.8585858585858587,0.36,0.599534524955879
0.8686868686868687,0.36,0.6257574996527983
0.8787878787878789,0.36,0.6524899454855231
0.888888888888889,0.36,0.6797000630892931
0.8989898989898991,0.36,0.7073544021795288
0.9090909090909092,0.36,0.7354179494944975
0.9191919191919192,0.36,0.7638542287546184
0.9292929292929294,0.36,0.7926254119570401
0.9393939393939394,0.36,0.8216924412147386
0.9494949494949496,0.36,0.8510151602470339
0.9595959595959597,0.36,0.8805524545342243
0.9696969696969697,0.36,0.9102623990641232
0.9797979797979799,0.36,0.9401024125235359
0.98989898989899,0.36,0.9700294167240905
1.0,0.36,0.9999999999999999
0.0,0.38,1.0
0.010101010101010102,0.38,0.9708533315576506
0.020202020202020204,0.38,0.941747200744408
0.030303030303030304,0.38,0.9127220017169329
0.04040404040404041,0.38,0.8838178427943328
0.05050505050505051,0.38,0.8550744062970603
0.06060606060606061,0.38,0.8265308116652621
0.07070707070707072,0.38,0.7982254829004857
0.08080808080808081,0.38,0.7701960213331402
0.09090909090909091,0.38,0.7424790846670897
0.10101010101010102,0.38,0.7151102731927836
0.11111111111111112,0.38,0.6881240239920672
0.12121212121212122,0.38,0.66155351388198
0.13131313131313133,0.38,0.6354305717622948
0.14141414141414144,0.38,0.6097856009431271
0.15151515151515152,0.38,0.5846475119356029
0.16161616161616163,0.38,0.5600436660912944
0.17171717171717174,0.38,0.5359998303759235
0.18181818181818182,0.38,0.5125401434607105
0.19191919191919193,0.38,0.4896870932117624
0.20202020202020204,0.38,0.4674615055550495
0.21212121212121213,0.38,0.4458825445928414
0.22222222222222224,0.38,0.4249677237479218
0.23232323232323235,0.38,0.40473292761542523
0.24242424242424243,0.38,0.38519244410960995
0.25252525252525254,0.38,0.36635900640514807
0.26262626262626265,0.38,0.34824384409032383
0.27272727272727276,0.38,0.3308567428735727
0.2828282828282829,0.38,0.3142061121157156
0.29292929292929293,0.38,0.2982990593985231
0.30303030303030304,0.38,0.28314147128639644
0.31313131313131315,0.38,0.2687380993922983
0.32323232323232326,0.38,0.2550926508219057
0.33333333333333337,0.38,0.24220788204149468
0.3434343434343435,0.38,0.23008569519540234
0.3535353535353536,0.38,0.2187272358880873
0.36363636363636365,0.38,0.20813299144378428
0.37373737373737376,0.38,0.19830288866340462
0.38383838383838387,0.38,0.18923639011347748
0.393939393939394,0.38,0.18093258800532241
0.4040404040404041,0.38,0.17339029475396983
0.4141414141414142,0.38,0.16660812934524194
0.42424242424242425,0.38,0.16058459868545383
0.43434343434343436,0.38,0.15531817316095464
0.4444444444444445,0.38,0.15080735569366377
0.4545454545454546,0.38,0.1470507436433902
0.4646464646464647,0.38,0.14404708297743563
0.4747474747474748,0.38,0.141795314202236
0.48484848484848486,0.38,0.1402946096299481
0.494949494949495,0.38,0.1395444016343257
0.5050505050505051,0.38,0.1395444016343257
0.5151515151515152,0.38,0.1402946096299481
0.5252525252525253,0.38,0.141795314202236
0.5353535353535354,0.38,0.14404708297743563
0.5454545454545455,0.38,0.1470507436433902
0.5555555555555556,0.38,0.15080735569366388
0.5656565656565657,0.38,0.15531817316095475
0.5757575757575758,0.38,0.16058459868545383
0.5858585858585859,0.38,0.16660812934524183
0.595959595959596,0.38,0.17339029475396983
0.6060606060606061,0.38,0.18093258800532241
0.6161616161616162,0.38,0.18923639011347748
0.6262626262626263,0.38,0.19830288866340473
0.6363636363636365,0.38,0.2081329914437844
0.6464646464646465,0.38,0.2187272358880873
0.6565656565656566,0.38,0.23008569519540245
0.6666666666666667,0.38,0.2422078820414948
0.6767676767676768,0.38,0.2550926508219058
0.686868686868687,0.38,0.26873809939229865
0.696969696969697,0.38,0.28314147128639644
0.7070707070707072,0.38,0.2982990593985232
0.7171717171717172,0.38,0.3142061121157158
0.7272727272727273,0.38,0.3308567428735727
0.7373737373737375,0.38,0.34824384409032394
0.7474747474747475,0.38,0.3663590064051482
0.7575757575757577,0.38,0.38519244410960995
0.7676767676767677,0.38,0.40473292761542523
0.7777777777777778,0.38,0.4249677237479217
0.787878787878788,0.38,0.4458825445928414
0.797979797979798,0.38,0.4674615055550496
0.8080808080808082,0.38,0.48968709321176274
0.8181818181818182,0.38,0.5125401434607106
0.8282828282828284,0.38,0.5359998303759235
0.8383838383838385,0.38,0.5600436660912944
0.8484848484848485,0.38,0.5846475119356028
0.8585858585858587,0.38,0.6097856009431273
0.8686868686868687,0.38,0.6354305717622949
0.8787878787878789,0.38,0.6615535138819804
0.888888888888889,0.38,0.6881240239920674
0.8989898989898991,0.38,0.7151102731927839
0.9090909090909092,0.38,0.7424790846670897
0.9191919191919192,0.38,0.7701960213331402
0.9292929292929294,0.38,0.7982254829004859
0.9393939393939394,0.38,0.8265308116652621
0.9494949494949496,0.38,0.8550744062970608
0.9595959595959597,0.38,0.8838178427943327
0.9696969696969697,0.38,0.9127220017169327
0.9797979797979799,0.38,0.9417472007444081
0.98989898989899,0.38,0.9708533315576506
1.0,0.38,0.9999999999999999
0.0,0.4,1.0
0.010101010101010102,0.4,0.9716219157075069
0.020202020202020204,0.4,0.943281755231328
0.030303030303030304,0.4,0.9150173187246793
0.04040404040404041,0.4,0.8868661599334623
0.05050505050505051,0.4,0.8588654652811839
0.06060606060606061,0.4,0.831051935676099
0.07070707070707072,0.4,0.8034616719081412
0.08080808080808081,0.4,0.7761300644695984
0.09090909090909091,0.4,0.7490916885921446
0.10101010101010102,0.4,0.7223802052442014
0.11111111111111112,0.4,0.6960282687771651
0.12121212121212122,0.4,0.6700674418473873
0.13131313131313133,0.4,0.6445281181735676
0.14141414141414144,0.4,0.6194394536171015
0.15151515151515152,0.4,0.5948293059966581
0.16161616161616163,0.4,0.5707241839686095
0.17171717171717174,0.4,0.5471492052227027
0.18181818181818182,0.4,0.5241280641583639
0.19191919191919193,0.4,0.5016830091220812
0.20202020202020204,0.4,0.4798348292012551
0.21212121212121213,0.4,0.4586028504855393
0.22222222222222224,0.4,0.43800494162382575
0.23232323232323235,0.4,0.4180575284244221
0.24242424242424243,0.4,0.39877561716836074
0.25252525252525254,0.4,0.38017282623186777
0.26262626262626265,0.4,0.3622614255444596
0.27272727272727276,0.4,0.3450523833444964
0.2828282828282829,0.4,0.32855541963489276
0.29292929292929293,0.4,0.3127790656884871
0.30303030303030304,0.4,0.2977307289057636
0.31313131313131315,0.4,0.28341676228753054
0.32323232323232326,0.4,0.26984253775207057
0.33333333333333337,0.4,0.25701252250040163
0.3434343434343435,0.4,0.2449303576147852
0.3535353535353536,0.4,0.23359893806453602
0.36363636363636365,0.4,0.2230204932895714
0.37373737373737376,0.4,0.21319666753591238
0.38383838383838387,0.4,0.20412859912840797
0.393939393939394,0.4,0.19581699788413431
0.4040404040404041,0.4,0.1882622198949747
0.4141414141414142,0.4,0.18146433893956748
0.42424242424242425,0.4,0.1754232138227424
0.43434343434343436,0.4,0.17013855098444697
0.4444444444444445,0.4,0.16560996176950282
0.4545454545454546,0.4,0.1618370138039532
0.4646464646464647,0.4,0.15881927598272838
0.4747474747474748,0.4,0.15655635663640022
0.48484848484848486,0.4,0.1550479345113439
0.494949494949495,0.4,0.15429378226716617
0.5050505050505051,0.4,0.15429378226716617
0.5151515151515152,0.4,0.1550479345113439
0.5252525252525253,0.4,0.15655635663640022
0.5353535353535354,0.4,0.15881927598272838
0.5454545454545455,0.4,0.1618370138039532
0.5555555555555556,0.4,0.16560996176950293
0.5656565656565657,0.4,0.17013855098444708
0.5757575757575758,0.4,0.1754232138227424
0.5858585858585859,0.4,0.18146433893956737
0.595959595959596,0.4,0.18826221989497482
0.6060606060606061,0.4,0.19581699788413431
0.6161616161616162,0.4,0.20412859912840797
0.6262626262626263,0.4,0.2131966675359125
0.6363636363636365,0.4,0.22302049328957152
0.6464646464646465,0.4,0.23359893806453602
0.6565656565656566,0.4,0.2449303576147852
0.6666666666666667,0.4,0.25701252250040174
0.6767676767676768,0.4,0.2698425377520707
0.686868686868687,0.4,0.28341676228753077
0.696969696969697,0.4,0.2977307289057636
0.7070707070707072,0.4,0.31277906568848723
0.7171717171717172,0.4,0.328555419634893
0.7272727272727273,0.4,0.3450523833444964
0.7373737373737375,0.4,0.36226142554445984
0.7474747474747475,0.4,0.380172826231868
0.7575757575757577,0.4,0.39877561716836074
0.7676767676767677,0.4,0.4180575284244221
0.7777777777777778,0.4,0.43800494162382564
0.787878787878788,0.4,0.4586028504855393
0.797979797979798,0.4,0.4798348292012552
0.8080808080808082,0.4,0.5016830091220815
0.8181818181818182,0.4,0.5241280641583641
0.8282828282828284,0.4,0.5471492052227028
0.8383838383838385,0.4,0.5707241839686095
0.8484848484848485,0.4,0.5948293059966581
0.8585858585858587,0.4,0.6194394536171017
0.8686868686868687,0.4,0.6445281181735678
0.8787878787878789,0.4,0.6700674418473878
0.888888888888889,0.4,0.6960282687771653
0.8989898989898991,0.4,0.7223802052442015
0.9090909090909092,0.4,0.7490916885921446
0.9191919191919192,0.4,0.7761300644695984
0.9292929292929294,0.4,0.8034616719081416
0.9393939393939394,0.4,0.8310519356760991
0.9494949494949496,0.4,0.8588654652811842
0.9595959595959597,0.4,0.8868661599334622
0.9696969696969697,0.4,0.9150173187246791
0.9797979797979799,0.4,0.9432817552313281
0.98989898989899,0.4,0.9716219157075069
1.0,0.4,0.9999999999999999
0.0,0.42,1.0
0.010101010101010102,0.42,0.9723428180817353
0.020202020202020204,0.42,0.944721300921224
0.030303030303030304,0.42,0.9171710060866757
0.04040404040404041,0.42,0.8897272775330202
0.05050505050505051,0.42,0.8624251407027494
0.06060606060606061,0.42,0.8352991998960978
0.07070707070707072,0.42,0.8083835386344855
0.08080808080808081,0.42,0.7817116237137072
0.09090909090909091,0.42,0.7553162136095578
0.10101010101010102,0.42,0.7292292718588158
0.11111111111111112,0.42,0.7034818859931269
0.12121212121212122,0.42,0.6781041925528264
0.13131313131313133,0.42,0.6531253086525945
0.14141414141414144,0.42,0.628573270511614
0.15151515151515152,0.42,0.604474979298169
0.16161616161616163,0.42,0.5808561545730231
0.17171717171717174,0.42,0.5577412955480594
0.18181818181818182,0.42,0.5351536503072327
0.19191919191919193,0.42,0.5131151930665259
0.20202020202020204,0.42,0.4916466094790066
0.21212121212121213,0.42,0.4707672899208888
0.22222222222222224,0.42,0.4504953306253855
0.23232323232323235,0.42,0.4308475424637409
0.24242424242424243,0.42,0.4118394671077209
0.25252525252525254,0.42,0.3934854002456797
0.26262626262626265,0.42,0.3757984214655633
0.27272727272727276,0.42,0.35879043036345815
0.2828282828282829,0.42,0.34247218838593807
0.29292929292929293,0.42,0.32685336586897895
0.30303030303030304,0.42,0.3119425936959206
0.31313131313131315,0.42,0.2977475189622295
0.32323232323232326,0.42,0.28427486400584756
0.33333333333333337,0.42,0.2715304881389894
0.3434343434343435,0.42,0.2595194514004485
0.3535353535353536,0.42,0.248246079636938
0.36363636363636365,0.42,0.23771403021774085
0.37373737373737376,0.42,0.22792635768897296
0.38383838383838387,0.42,0.21888557868198133
0.393939393939394,0.42,0.21059373540471793
0.4040404040404041,0.42,0.20305245706516084
0.4141414141414142,0.42,0.19626301860176398
0.42424242424242425,0.42,0.19022639612728942
0.43434343434343436,0.42,0.18494331852885915
0.4444444444444445,0.42,0.18041431470834124
0.4545454545454546,0.42,0.1766397559928824
0.4646464646464647,0.42,0.17361989329509442
0.4747474747474748,0.42,0.17135488865565884
0.48484848484848486,0.42,0.16984484085748497
0.494949494949495,0.42,0.16908980485953484
0.5050505050505051,0.42,0.16908980485953484
0.5151515151515152,0.42,0.16984484085748497
0.5252525252525253,0.42,0.17135488865565884
0.5353535353535354,0.42,0.17361989329509442
0.5454545454545455,0.42,0.1766397559928824
0.5555555555555556,0.42,0.18041431470834135
0.5656565656565657,0.42,0.18494331852885926
0.5757575757575758,0.42,0.19022639612728942
0.5858585858585859,0.42,0.19626301860176387
0.595959595959596,0.42,0.20305245706516084
0.6060606060606061,0.42,0.21059373540471793
0.6161616161616162,0.42,0.21888557868198133
0.6262626262626263,0.42,0.22792635768897307
0.6363636363636365,0.42,0.23771403021774096
0.6464646464646465,0.42,0.2482460796369379
0.6565656565656566,0.42,0.25951945140044863
0.6666666666666667,0.42,0.2715304881389895
0.6767676767676768,0.42,0.28427486400584767
0.686868686868687,0.42,0.29774751896222984
0.696969696969697,0.42,0.3119425936959206
0.7070707070707072,0.42,0.32685336586897906
0.7171717171717172,0.42,0.3424721883859383
0.7272727272727273,0.42,0.35879043036345815
0.7373737373737375,0.42,0.3757984214655634
0.7474747474747475,0.42,0.3934854002456798
0.7575757575757577,0.42,0.4118394671077209
0.7676767676767677,0.42,0.4308475424637409
0.7777777777777778,0.42,0.4504953306253854
0.787878787878788,0.42,0.4707672899208888
0.797979797979798,0.42,0.49164660947900674
0.8080808080808082,0.42,0.5131151930665262
0.8181818181818182,0.42,0.5351536503072329
0.8282828282828284,0.42,0.5577412955480595
0.8383838383838385,0.42,0.5808561545730231
0.8484848484848485,0.42,0.604474979298169
0.8585858585858587,0.42,0.6285732705116143
0.8686868686868687,0.42,0.6531253086525945
0.8787878787878789,0.42,0.6781041925528266
0.888888888888889,0.42,0.7034818859931271
0.8989898989898991,0.42,0.729229271858816
0.9090909090909092,0.42,0.7553162136095578
0.9191919191919192,0.42,0.7817116237137071
0.9292929292929294,0.42,0.8083835386344858
0.9393939393939394,0.42,0.8352991998960979
0.9494949494949496,0.42,0.8624251407027499
0.9595959595959597,0.42,0.8897272775330201
0.9696969696969697,0.42,0.9171710060866755
0.9797979797979799,0.42,0.9447213009212241
0.98989898989899,0.42,0.9723428180817353
1.0,0.42,0.9999999999999999
0.0,0.44,1.0
0.010101010101010102,0.44,0.9730223979510488
0.020202020202020204,0.44,0.9460784971934465
0.030303030303030304,0.44,0.9192019055823574
0.04040404040404041,0.44,0.8924260447410686
0.05050505050505051,0.44,0.8657840585404981
0.06060606060606061,0.44,0.8393087234771034
0.07070707070707072,0.44,0.8130323615552675
0.08080808080808081,0.44,0.7869867562576804
0.09090909090909091,0.44,0.7612030721594376
0.10101010101010102,0.44,0.7357117787088525
0.11111111111111112,0.44,0.7105425786606137
0.12121212121212122,0.44,0.6857243416052885
0.13131313131313133,0.44,0.6612850429937024
0.14141414141414144,0.44,0.6372517090058135
0.15151515151515152,0.44,0.6136503675618695
0.16161616161616163,0.44,0.5905060057193379
0.17171717171717174,0.44,0.5678425336428885
0.18181818181818182,0.44,0.5456827552770999
0.19191919191919193,0.44,0.5240483457930949
0.20202020202020204,0.44,0.5029598358215647
0.21212121212121213,0.44,0.48243660242611064
0.22222222222222224,0.44,0.4624968667131164
0.23232323232323235,0.44,0.4431576979179408
0.24242424242424243,0.44,0.4244350237526273
0.25252525252525254,0.44,0.406343646748056
0.26262626262626265,0.44,0.3888972662739525
0.27272727272727276,0.44,0.372108505873879
0.2828282828282829,0.44,0.3559889455096531
0.29292929292929293,0.44,0.3405491582709249
0.30303030303030304,0.44,0.32579875107122314
0.31313131313131315,0.44,0.31174640882194604
0.32323232323232326,0.44,0.298399941550732
0.33333333333333337,0.44,0.2857663339106252
0.3434343434343435,0.44,0.2738517965115598
0.3535353535353536,0.44,0.2626618184960594
0.36363636363636365,0.44,0.25220122077669593
0.37373737373737376,0.44,0.24247420935382358
0.38383838383838387,0.44,0.23348442813830683
0.393939393939394,0.44,0.2252350107153619
0.4040404040404041,0.44,0.2177286305020517
0.4141414141414142,0.44,0.21096754877227897
0.42424242424242425,0.44,0.20495366004907645
0.43434343434343436,0.44,0.1996885343943604
0.4444444444444445,0.44,0.19517345616079873
0.4545454545454546,0.44,0.19140945880874516
0.4646464646464647,0.44,0.18839735543294545
0.4747474747474748,0.44,0.1861377646885657
0.48484848484848486,0.44,0.18463113185363045
0.494949494949495,0.44,0.1838777448147607
0.5050505050505051,0.44,0.1838777448147607
0.5151515151515152,0.44,0.18463113185363045
0.5252525252525253,0.44,0.1861377646885657
0.5353535353535354,0.44,0.18839735543294545
0.5454545454545455,0.44,0.19140945880874516
0.5555555555555556,0.44,0.19517345616079884
0.5656565656565657,0.44,0.19968853439436052
0.5757575757575758,0.44,0.20495366004907645
0.5858585858585859,0.44,0.21096754877227897
0.595959595959596,0.44,0.21772863050205182
0.6060606060606061,0.44,0.2252350107153619
0.6161616161616162,0.44,0.23348442813830683
0.6262626262626263,0.44,0.24247420935382358
0.6363636363636365,0.44,0.25220122077669604
0.6464646464646465,0.44,0.2626618184960594
0.6565656565656566,0.44,0.2738517965115599
0.6666666666666667,0.44,0.28576633391062534
0.6767676767676768,0.44,0.298399941550732
0.686868686868687,0.44,0.3117464088219464
0.696969696969697,0.44,0.32579875107122314
0.7070707070707072,0.44,0.340549158270925
0.7171717171717172,0.44,0.3559889455096533
0.7272727272727273,0.44,0.372108505873879
0.7373737373737375,0.44,0.3888972662739527
0.7474747474747475,0.44,0.40634364674805623
0.7575757575757577,0.44,0.4244350237526273
0.7676767676767677,0.44,0.4431576979179408
0.7777777777777778,0.44,0.4624968667131164
0.787878787878788,0.44,0.48243660242611053
0.797979797979798,0.44,0.5029598358215648
0.8080808080808082,0.44,0.5240483457930952
0.8181818181818182,0.44,0.5456827552771
0.8282828282828284,0.44,0.5678425336428886
0.8383838383838385,0.44,0.5905060057193379
0.8484848484848485,0.44,0.6136503675618694
0.8585858585858587,0.44,0.6372517090058137
0.8686868686868687,0.44,0.6612850429937025
0.8787878787878789,0.44,0.6857243416052888
0.888888888888889,0.44,0.7105425786606139
0.8989898989898991,0.44,0.7357117787088527
0.9090909090909092,0.44,0.7612030721594376
0.9191919191919192,0.44,0.7869867562576804
0.9292929292929294,0.44,0.8130323615552678
0.9393939393939394,0.44,0.8393087234771035
0.9494949494949496,0.44,0.8657840585404986
0.9595959595959597,0.44,0.8924260447410685
0.9696969696969697,0.44,0.9192019055823571
0.9797979797979799,0.44,0.9460784971934466
0.98989898989899,0.44,0.9730223979510488
1.0,0.44,0.9999999999999999
0.0,0.46,1.0
0.010101010101010102,0.46,0.9736659634806225
0.020202020202020204,0.46,0.9473639119656269
0.030303030303030304,0.46,0.9211257485428701
0.04040404040404041,0.46,0.8949832130044368
0.05050505050505051,0.46,0.8689678015371707
0.06060606060606061,0.46,0.8431106880059817
0.07070707070707072,0.46,0.8174426473387828
0.08080808080808081,0.46,0.7919939815032676
0.09090909090909091,0.46,0.7667944485427691
0.10101010101010102,0.46,0.7418731951113777
0.11111111111111112,0.46,0.7172586929175824
0.12121212121212122,0.46,0.6929786794512427
0.13131313131313133,0.46,0.6690601033310279
0.14141414141414144,0.46,0.6455290745689208
0.15151515151515152,0.46,0.6224108200053813
0.16161616161616163,0.46,0.5997296441236781
0.17171717171717174,0.46,0.5775088954051835
0.18181818181818182,0.46,0.5557709383394848
0.19191919191919193,0.46,0.534537131154481
0.20202020202020204,0.46,0.5138278092826244
0.21212121212121213,0.46,0.4936622745306085
0.22222222222222224,0.46,0.47405878987152605
0.23232323232323235,0.46,0.4550345797312806
0.24242424242424243,0.46,0.4366058355952329
0.25252525252525254,0.46,0.4187877267171446
0.26262626262626265,0.46,0.4015944156707999
0.27272727272727276,0.46,0.38503907844563523
0.2828282828282829,0.46,0.36913392875161044
0.29292929292929293,0.46,0.35389024616573694
0.30303030303030304,0.46,0.33931840772339594
0.31313131313131315,0.46,0.3254279225321096
0.32323232323232326,0.46,0.3122274689639418
0.33333333333333337,0.46,0.29972493396540045
0.3434343434343435,0.46,0.2879274540107155
0.3535353535353536,0.46,0.27684145721576003
0.36363636363636365,0.46,0.2664727061257277
0.37373737373737376,0.46,0.2568263406900023
0.38383838383838387,0.46,0.24790692094239886
0.393939393939394,0.46,0.2397184689140932
0.4040404040404041,0.46,0.23226450931995968
0.4141414141414142,0.46,0.22554810857658203
0.42424242424242425,0.46,0.21957191173170587
0.43434343434343436,0.46,0.214338176910169
0.4444444444444445,0.46,0.20984880691013796
0.4545454545454546,0.46,0.20610537761551317
0.4646464646464647,0.46,0.20310916292537973
0.4747474747474748,0.46,0.20086115593903353
0.48484848484848486,0.46,0.19936208617507156
0.494949494949495,0.46,0.19861243264495554
0.5050505050505051,0.46,0.19861243264495554
0.5151515151515152,0.46,0.19936208617507156
0.5252525252525253,0.46,0.20086115593903342
0.5353535353535354,0.46,0.20310916292537973
0.5454545454545455,0.46,0.20610537761551317
0.5555555555555556,0.46,0.20984880691013807
0.5656565656565657,0.46,0.214338176910169
0.5757575757575758,0.46,0.21957191173170587
0.5858585858585859,0.46,0.22554810857658203
0.595959595959596,0.46,0.23226450931995968
0.6060606060606061,0.46,0.2397184689140932
0.6161616161616162,0.46,0.24790692094239886
0.6262626262626263,0.46,0.25682634069000243
0.6363636363636365,0.46,0.2664727061257278
0.6464646464646465,0.46,0.27684145721576003
0.6565656565656566,0.46,0.2879274540107156
0.6666666666666667,0.46,0.29972493396540045
0.6767676767676768,0.46,0.31222746896394193
0.686868686868687,0.46,0.32542792253210984
0.696969696969697,0.46,0.33931840772339594
0.7070707070707072,0.46,0.35389024616573705
0.7171717171717172,0.46,0.36913392875161066
0.7272727272727273,0.46,0.38503907844563523
0.7373737373737375,0.46,0.4015944156708
0.7474747474747475,0.46,0.4187877267171448
0.7575757575757577,0.46,0.4366058355952329
0.7676767676767677,0.46,0.4550345797312806
0.7777777777777778,0.46,0.47405878987152594
0.787878787878788,0.46,0.4936622745306085
0.797979797979798,0.46,0.5138278092826245
0.8080808080808082,0.46,0.5345371311544812
0.8181818181818182,0.46,0.5557709383394849
0.8282828282828284,0.46,0.5775088954051835
0.8383838383838385,0.46,0.5997296441236781
0.8484848484848485,0.46,0.6224108200053813
0.8585858585858587,0.46,0.6455290745689211
0.8686868686868687,0.46,0.6690601033310279
0.8787878787878789,0.46,0.692978679451243
0.888888888888889,0.46,0.7172586929175826
0.8989898989898991,0.46,0.7418731951113778
0.9090909090909092,0.46,0.7667944485427691
0.9191919191919192,0.46,0.7919939815032675
0.9292929292929294,0.46,0.817442647338783
0.9393939393939394,0.46,0.8431106880059818
0.9494949494949496,0.46,0.868967801537171
0.9595959595959597,0.46,0.8949832130044367
0.9696969696969697,0.46,0.9211257485428699
0.9797979797979799,0.46,0.947363911965627
0.98989898989899,0.46,0.9736659634806225
1.0,0.46,0.9999999999999999
0.0,0.48,1.0
0.010101010101010102,0.48,0.9742779600526141
0.020202020202020204,0.48,0.9485863961413681
0.030303030303030304,0.48,0.9229557120615364
0.04040404040404041,0.48,0.8974161675785371
0.05050505050505051,0.48,0.8719978075387319
0.06060606060606061,0.48,0.8467303923200494
0.07070707070707072,0.48,0.821643330050741
0.08080808080808081,0.48,0.7967656110091098
0.09090909090909091,0.48,0.7721257445980017
0.10101010101010102,0.48,0.7477516992653819
0.11111111111111112,0.48,0.7236708457166614
0.12121212121212122,0.48,0.6999099037358092
0.13131313131313133,0.48,0.6764948929009921
0.14141414141414144,0.48,0.6534510874467674
0.15151515151515152,0.48,0.6308029754890815
0.16161616161616163,0.48,0.6085742227917914
0.17171717171717174,0.48,0.5867876412145031
0.18181818181818182,0.48,0.5654651619415512
0.19191919191919193,0.48,0.5446278135513125
0.20202020202020204,0.48,0.5242957049441135
0.21212121212121213,0.48,0.5044880131061351
0.22222222222222224,0.48,0.48522297564631844
0.23232323232323235,0.48,0.466517888003682
0.24242424242424243,0.48,0.4483891051840422
0.25252525252525254,0.48,0.43085204784822884
0.26262626262626265,0.48,0.41392121253882164
0.27272727272727276,0.48,0.39761018579953034
0.2828282828282829,0.48,0.3819316619108676
0.29292929292929293,0.48,0.3668974639380058
0.30303030303030304,0.48,0.3525185677618776
0.31313131313131315,0.48,0.3388051287429238
0.32323232323232326,0.48,0.3257665106485418
0.33333333333333337,0.48,0.31341131646044595
0.3434343434343435,0.48,0.3017474206668952
0.3535353535353536,0.48,0.2907820026371728
0.36363636363636365,0.48,0.2805215806718775
0.37373737373737376,0.48,0.2709720463225114
0.38383838383838387,0.48,0.2621386985775097
0.393939393939394,0.48,0.25402627751921825
0.4040404040404041,0.48,0.24663899706729875
0.4141414141414142,0.48,0.23998057643850035
0.42424242424242425,0.48,0.23405426997057066
0.43434343434343436,0.48,0.22886289497909784
0.4444444444444445,0.48,0.2244088573400691
0.4545454545454546,0.48,0.22069417451771778
0.4646464646464647,0.48,0.21772049578651353
0.4747474747474748,0.48,0.2154891194277052
0.48484848484848486,0.48,0.21400100671433753
0.494949494949495,0.48,0.213256792533843
0.5050505050505051,0.48,0.213256792533843
0.5151515151515152,0.48,0.21400100671433753
0.5252525252525253,0.48,0.2154891194277052
0.5353535353535354,0.48,0.21772049578651353
0.5454545454545455,0.48,0.22069417451771778
0.5555555555555556,0.48,0.2244088573400691
0.5656565656565657,0.48,0.22886289497909784
0.5757575757575758,0.48,0.23405426997057066
0.5858585858585859,0.48,0.23998057643850024
0.595959595959596,0.48,0.24663899706729886
0.6060606060606061,0.48,0.25402627751921825
0.6161616161616162,0.48,0.2621386985775097
0.6262626262626263,0.48,0.2709720463225115
0.6363636363636365,0.48,0.2805215806718775
0.6464646464646465,0.48,0.2907820026371728
0.6565656565656566,0.48,0.3017474206668953
0.6666666666666667,0.48,0.31341131646044607
0.6767676767676768,0.48,0.3257665106485419
0.686868686868687,0.48,0.3388051287429241
0.696969696969697,0.48,0.3525185677618776
0.7070707070707072,0.48,0.3668974639380058
0.7171717171717172,0.48,0.3819316619108678
0.7272727272727273,0.48,0.39761018579953034
0.7373737373737375,0.48,0.41392121253882186
0.7474747474747475,0.48,0.43085204784822895
0.7575757575757577,0.48,0.4483891051840422
0.7676767676767677,0.48,0.466517888003682
0.7777777777777778,0.48,0.48522297564631833
0.787878787878788,0.48,0.5044880131061351
0.797979797979798,0.48,0.5242957049441136
0.8080808080808082,0.48,0.5446278135513128
0.8181818181818182,0.48,0.5654651619415514
0.8282828282828284,0.48,0.5867876412145032
0.8383838383838385,0.48,0.6085742227917914
0.8484848484848485,0.48,0.6308029754890814
0.8585858585858587,0.48,0.6534510874467676
0.8686868686868687,0.48,0.6764948929009922
0.8787878787878789,0.48,0.6999099037358096
0.888888888888889,0.48,0.7236708457166616
0.8989898989898991,0.48,0.7477516992653821
0.9090909090909092,0.48,0.7721257445980017
0.9191919191919192,0.48,0.7967656110091098
0.9292929292929294,0.48,0.8216433300507413
0.9393939393939394,0.48,0.8467303923200495
0.9494949494949496,0.48,0.8719978075387322
0.9595959595959597,0.48,0.897416167578537
0.9696969696969697,0.48,0.9229557120615361
0.9797979797979799,0.48,0.9485863961413682
0.98989898989899,0.48,0.9742779600526141
1.0,0.48,0.9999999999999999
0.0,0.5,1.0
0.010101010101010102,0.5,0.9748621210008549
0.020202020202020204,0.5,0.9497533834148507
0.030303030303030304,0.5,0.9247028645614613
0.04040404040404041,0.5,0.8997395139537895
0.05050505050505051,0.5,0.8748920903444958
0.06060606060606061,0.5,0.8501890999014776
0.07070707070707072,0.5,0.8256587358746598
0.08080808080808081,0.5,0.8013288201023954
0.09090909090909091,0.5,0.7772267466901212
0.10101010101010102,0.5,0.7533794281752177
0.11111111111111112,0.5,0.7298132444706608
0.12121212121212122,0.5,0.7065539948562157
0.13131313131313133,0.5,0.6836268532598513
0.14141414141414144,0.5,0.6610563270439529
0.15151515151515152,0.5,0.6388662194810879
0.16161616161616163,0.5,0.6170795960727607
0.17171717171717174,0.5,0.5957187548321079
0.18181818181818182,0.5,0.5748052006181018
0.19191919191919193,0.5,0.5543596235748698
0.20202020202020204,0.5,0.5344018816955081
0.21212121212121213,0.5,0.5149509874955693
0.22222222222222224,0.5,0.49602509874756595
0.23232323232323235,0.5,0.4776415131946331
0.24242424242424243,0.5,0.45981666712926106
0.25252525252525254,0.5,0.4425661376920025
0.26262626262626265,0.5,0.425904648715577
0.27272727272727276,0.5,0.409846079912085
0.2828282828282829,0.5,0.39440347917534746
0.29292929292929293,0.5,0.3795890777469444
0.30303030303030304,0.5,0.3654143079735138
0.31313131313131315,0.5,0.35188982336449737
0.32323232323232326,0.5,0.33902552064391245
0.33333333333333337,0.5,0.32683056347704287
0.3434343434343435,0.5,0.3153134075432571
0.3535353535353536,0.5,0.30448182661956624
0.36363636363636365,0.5,0.294342939336077
0.37373737373737376,0.5,0.28490323626419256
0.38383838383838387,0.5,0.27616860700123713
0.393939393939394,0.5,0.26814436692114385
0.4040404040404041,0.5,0.2608352832698204
0.4141414141414142,0.5,0.2542456002957528
0.42424242424242425,0.5,0.24837906312117952
0.43434343434343436,0.5,0.24323894007664448
0.4444444444444445,0.5,0.23882804324172413
0.4545454545454546,0.5,0.23514874695706867
0.4646464646464647,0.5,0.2322030040973745
0.4747474747474748,0.5,0.22999235992127942
0.48484848484848486,0.5,0.22851796334223218
0.494949494949495,0.5,0.2277805754938439
0.5050505050505051,0.5,0.2277805754938439
0.5151515151515152,0.5,0.22851796334223218
0.5252525252525253,0.5,0.22999235992127942
0.5353535353535354,0.5,0.2322030040973745
0.5454545454545455,0.5,0.23514874695706867
0.5555555555555556,0.5,0.23882804324172424
0.5656565656565657,0.5,0.2432389400766446
0.5757575757575758,0.5,0.24837906312117952
0.5858585858585859,0.5,0.2542456002957528
0.595959595959596,0.5,0.26083528326982053
0.6060606060606061,0.5,0.26814436692114385
0.6161616161616162,0.5,0.27616860700123713
0.6262626262626263,0.5,0.28490323626419256
0.6363636363636365,0.5,0.29434293933607714
0.6464646464646465,0.5,0.30448182661956624
0.6565656565656566,0.5,0.3153134075432572
0.6666666666666667,0.5,0.326830563477043
0.6767676767676768,0.5,0.33902552064391256
0.686868686868687,0.5,0.3518898233644976
0.696969696969697,0.5,0.3654143079735138
0.7070707070707072,0.5,0.3795890777469445
0.7171717171717172,0.5,0.3944034791753477
0.7272727272727273,0.5,0.409846079912085
0.7373737373737375,0.5,0.4259046487155772
0.7474747474747475,0.5,0.4425661376920026
0.7575757575757577,0.5,0.45981666712926106
0.7676767676767677,0.5,0.4776415131946331
0.7777777777777778,0.5,0.49602509874756584
0.787878787878788,0.5,0.5149509874955693
0.797979797979798,0.5,0.5344018816955081
0.8080808080808082,0.5,0.55435962357487
0.8181818181818182,0.5,0.5748052006181019
0.8282828282828284,0.5,0.595718754832108
0.8383838383838385,0.5,0.6170795960727607
0.8484848484848485,0.5,0.6388662194810878
0.8585858585858587,0.5,0.6610563270439531
0.8686868686868687,0.5,0.6836268532598513
0.8787878787878789,0.5,0.7065539948562161
0.888888888888889,0.5,0.7298132444706609
0.8989898989898991,0.5,0.753379428175218
0.9090909090909092,0.5,0.7772267466901212
0.9191919191919192,0.5,0.8013288201023954
0.9292929292929294,0.5,0.8256587358746601
0.9393939393939394,0.5,0.8501890999014777
0.9494949494949496,0.5,0.8748920903444961
0.9595959595959597,0.5,0.8997395139537894
0.9696969696969697,0.5,0.9247028645614611
0.9797979797979799,0.5,0.9497533834148508
0.98989898989899,0.5,0.9748621210008549
1.0,0.5,0.9999999999999999
0.0,0.52,1.0
0.010101010101010102,0.52,0.9754215895852476
0.020202020202020204,0.52,0.9508711329324104
0.030303030303030304,0.52,0.926376526586118
0.04040404040404041,0.52,0.9019655529783535
0.05050505050505051,0.52,0.8776658241742018
0.06060606060606061,0.52,0.8535047265724252
0.07070707070707072,0.52,0.8295093668664522
0.08080808080808081,0.52,0.8057065195606448
0.09090909090909091,0.52,0.7821225763234871
0.10101010101010102,0.52,0.7587834974437463
0.11111111111111112,0.52,0.7357147656378382
0.12121212121212122,0.52,0.7129413424367439
0.13131313131313133,0.52,0.6904876273590501
0.14141414141414144,0.52,0.6683774200532453
0.15151515151515152,0.52,0.6466338855674727
0.16161616161616163,0.52,0.62527952287879
0.17171717171717174,0.52,0.6043361367868225
0.18181818181818182,0.52,0.5838248132487807
0.19191919191919193,0.52,0.5637658982043958
0.20202020202020204,0.52,0.5441789799106758
0.21212121212121213,0.52,0.5250828747777281
0.22222222222222224,0.52,0.5064956166685393
0.23232323232323235,0.52,0.4884344495977535
0.24242424242424243,0.52,0.47091582373742713
0.25252525252525254,0.52,0.45395539461170165
0.26262626262626265,0.52,0.4375680253375295
0.27272727272727276,0.52,0.4217677917452747
0.2828282828282829,0.52,0.4065679901913505
0.29292929292929293,0.52,0.39198114785526994
0.30303030303030304,0.52,0.37801903529573233
0.31313131313131315,0.52,0.36469268102480124
0.32323232323232326,0.52,0.35201238784597855
0.33333333333333337,0.52,0.3399877506911647
0.3434343434343435,0.52,0.32862767568319673
0.3535353535353536,0.52,0.3179404001449351
0.36363636363636365,0.52,0.3079335132727865
0.37373737373737376,0.52,0.2986139771921107
0.38383838383838387,0.52,0.28998814811414275
0.393939393939394,0.52,0.2820617973188857
0.4040404040404041,0.52,0.2748401316957819
0.4141414141414142,0.52,0.26832781358383384
0.42424242424242425,0.52,0.2625289796650706
0.43434343434343436,0.52,0.2574472586797769
0.4444444444444445,0.52,0.2530857877485314
0.4545454545454546,0.52,0.24944722710472
0.4646464646464647,0.52,0.2465337730616054
0.4747474747474748,0.52,0.2443471690600646
0.48484848484848486,0.52,0.24288871466654105
0.494949494949495,0.52,0.24215927241538882
0.5050505050505051,0.52,0.24215927241538882
0.5151515151515152,0.52,0.24288871466654105
0.5252525252525253,0.52,0.2443471690600646
0.5353535353535354,0.52,0.2465337730616054
0.5454545454545455,0.52,0.24944722710472
0.5555555555555556,0.52,0.2530857877485315
0.5656565656565657,0.52,0.257447258679777
0.5757575757575758,0.52,0.2625289796650706
0.5858585858585859,0.52,0.26832781358383384
0.595959595959596,0.52,0.27484013169578203
0.6060606060606061,0.52,0.2820617973188857
0.6161616161616162,0.52,0.28998814811414275
0.6262626262626263,0.52,0.2986139771921107
0.6363636363636365,0.52,0.3079335132727866
0.6464646464646465,0.52,0.3179404001449351
0.6565656565656566,0.52,0.32862767568319684
0.6666666666666667,0.52,0.3399877506911648
0.6767676767676768,0.52,0.35201238784597866
0.686868686868687,0.52,0.36469268102480146
0.696969696969697,0.52,0.37801903529573233
0.7070707070707072,0.52,0.39198114785526994
0.7171717171717172,0.52,0.4065679901913506
0.7272727272727273,0.52,0.4217677917452747
0.7373737373737375,0.52,0.4375680253375297
0.7474747474747475,0.52,0.45395539461170176
0.7575757575757577,0.52,0.47091582373742713
0.7676767676767677,0.52,0.4884344495977535
0.7777777777777778,0.52,0.5064956166685393
0.787878787878788,0.52,0.5250828747777281
0.797979797979798,0.52,0.5441789799106759
0.8080808080808082,0.52,0.5637658982043962
0.8181818181818182,0.52,0.5838248132487807
0.8282828282828284,0.52,0.6043361367868226
0.8383838383838385,0.52,0.62527952287879
0.8484848484848485,0.52,0.6466338855674726
0.8585858585858587,0.52,0.6683774200532455
0.8686868686868687,0.52,0.6904876273590501
0.8787878787878789,0.52,0.7129413424367441
0.888888888888889,0.52,0.7357147656378384
0.8989898989898991,0.52,0.7587834974437464
0.9090909090909092,0.52,0.7821225763234871
0.9191919191919192,0.52,0.8057065195606448
0.9292929292929294,0.52,0.8295093668664524
0.9393939393939394,0.52,0.8535047265724253
0.9494949494949496,0.52,0.8776658241742021
0.9595959595959597,0.52,0.9019655529783535
0.9696969696969697,0.52,0.9263765265861179
0.9797979797979799,0.52,0.9508711329324105
0.98989898989899,0.52,0.9754215895852476
1.0,0.52,0.9999999999999999
0.0,0.54,1.0
0.010101010101010102,0.54,0.9759590185386485
0.020202020202020204,0.54,0.9519449273735922
0.030303030303030304,0.54,0.927984565401132
0.04040404040404041,0.54,0.9041046689902579
0.05050505050505051,0.54,0.8803318213983878
0.06060606060606061,0.54,0.8566924029959918
0.07070707070707072,0.54,0.8332125425591269
0.08080808080808081,0.54,0.8099180698799621
0.09090909090909091,0.54,0.786834469934325
0.10101010101010102,0.54,0.7639868388322815
0.11111111111111112,0.54,0.741399841762864
0.12121212121212122,0.54,0.719097673127453
0.13131313131313133,0.54,0.6971040190381134
0.14141414141414144,0.54,0.6754420223375857
0.15151515151515152,0.54,0.6541342502767867
0.16161616161616163,0.54,0.6332026649637917
0.17171717171717174,0.54,0.6126685966755403
0.18181818181818182,0.54,0.592552720100134
0.19191919191919193,0.54,0.5728750335537983
0.20202020202020204,0.54,0.5536548411925653
0.21212121212121213,0.54,0.5349107382147222
0.22222222222222224,0.54,0.5166605990262743
0.23232323232323235,0.54,0.49892156831830936
0.24242424242424243,0.54,0.48171005498241937
0.25252525252525254,0.54,0.46504172876845284
0.26262626262626265,0.54,0.4489315195680159
0.27272727272727276,0.54,0.43339361918751185
0.2828282828282829,0.54,0.41844148545625826
0.29292929292929293,0.54,0.4040878484985376
0.30303030303030304,0.54,0.39034471898342893
0.31313131313131315,0.54,0.37722339815310324
0.32323232323232326,0.54,0.36473448941902054
0.33333333333333337,0.54,0.35288791130626185
0.3434343434343435,0.54,0.3416929115191285
0.3535353535353536,0.54,0.33115808189620044
0.36363636363636365,0.54,0.32129137402030794
0.37373737373737376,0.54,0.3121001152483518
0.38383838383838387,0.54,0.30359102492759515
0.393939393939394,0.54,0.2957702305689345
0.4040404040404041,0.54,0.28864328375369563
0.4141414141414142,0.54,0.2822151755586102
0.42424242424242425,0.54,0.27649035129376065
0.43434343434343436,0.54,0.2714727243603159
0.4444444444444445,0.54,0.26716568904870386
0.4545454545454546,0.54,0.26357213211335995
0.4646464646464647,0.54,0.2606944429772
0.4747474747474748,0.54,0.2585345224373262
0.48484848484848486,0.54,0.2570937897630299
0.494949494949495,0.54,0.2563731880977119
0.5050505050505051,0.54,0.2563731880977119
0.5151515151515152,0.54,0.2570937897630299
0.5252525252525253,0.54,0.2585345224373262
0.5353535353535354,0.54,0.2606944429772
0.5454545454545455,0.54,0.26357213211335995
0.5555555555555556,0.54,0.26716568904870397
0.5656565656565657,0.54,0.271472724360316
0.5757575757575758,0.54,0.27649035129376065
0.5858585858585859,0.54,0.2822151755586101
0.595959595959596,0.54,0.28864328375369575
0.6060606060606061,0.54,0.2957702305689345
0.6161616161616162,0.54,0.30359102492759515
0.6262626262626263,0.54,0.3121001152483519
0.6363636363636365,0.54,0.32129137402030794
0.6464646464646465,0.54,0.33115808189620044
0.6565656565656566,0.54,0.3416929115191286
0.6666666666666667,0.54,0.35288791130626196
0.6767676767676768,0.54,0.36473448941902065
0.686868686868687,0.54,0.3772233981531036
0.696969696969697,0.54,0.39034471898342893
0.7070707070707072,0.54,0.4040878484985376
0.7171717171717172,0.54,0.41844148545625837
0.7272727272727273,0.54,0.43339361918751185
0.7373737373737375,0.54,0.448931519568016
0.7474747474747475,0.54,0.46504172876845296
0.7575757575757577,0.54,0.48171005498241937
0.7676767676767677,0.54,0.49892156831830936
0.7777777777777778,0.54,0.5166605990262741
0.787878787878788,0.54,0.5349107382147222
0.797979797979798,0.54,0.5536548411925655
0.8080808080808082,0.54,0.5728750335537985
0.8181818181818182,0.54,0.5925527201001342
0.8282828282828284,0.54,0.6126685966755403
0.8383838383838385,0.54,0.6332026649637917
0.8484848484848485,0.54,0.6541342502767866
0.8585858585858587,0.54,0.6754420223375859
0.8686868686868687,0.54,0.6971040190381135
0.8787878787878789,0.54,0.7190976731274533
0.888888888888889,0.54,0.7413998417628642
0.8989898989898991,0.54,0.7639868388322817
0.9090909090909092,0.54,0.786834469934325
0.9191919191919192,0.54,0.809918069879962
0.9292929292929294,0.54,0.8332125425591272
0.9393939393939394,0.54,0.8566924029959919
0.9494949494949496,0.54,0.8803318213983882
0.9595959595959597,0.54,0.9041046689902578
0.9696969696969697,0.54,0.9279845654011318
0.9797979797979799,0.54,0.9519449273735922
0.98989898989899,0.54,0.9759590185386485
1.0,0.54,0.9999999999999999
0.0,0.56,1.0
0.010101010101010102,0.56,0.976476651843931
0.020202020202020204,0.56,0.9529792356970441
0.030303030303030304,0.56,0.929533637101581
0.04040404040404041,0.56,0.9061656488974231
0.05050505050505051,0.56,0.8829009254478039
0.06060606060606061,0.56,0.8597649375519406
0.07070707070707072,0.56,0.836782928264703
0.08080808080808081,0.56,0.8139798698359413
0.09090909090909091,0.56,0.7913804219728606
0.10101010101010102,0.56,0.7690088916179383
0.11111111111111112,0.56,0.7468891944224201
0.12121212121212122,0.56,0.7250448180815239
0.13131313131313133,0.56,0.70349878768226
0.14141414141414144,0.56,0.6822736331983552
0.15151515151515152,0.56,0.6613913592493215
0.16161616161616163,0.56,0.6408734172223864
0.17171717171717174,0.56,0.6207406798369555
0.18181818181818182,0.56,0.6010134182116921
0.19191919191919193,0.56,0.581711281474354
0.20202020202020204,0.56,0.5628532789343892
0.21212121212121213,0.56,0.5444577648181419
0.22222222222222224,0.56,0.5265424255465586
0.23232323232323235,0.56,0.5091242695156568
0.24242424242424243,0.56,0.4922196193209293
0.25252525252525254,0.56,0.47584410634845653
0.26262626262626265,0.56,0.46001266763795834
0.27272727272727276,0.56,0.44473954490648526
0.2828282828282829,0.56,0.43003828560608137
0.29292929292929293,0.56,0.415921745874663
0.30303030303030304,0.56,0.4024020952266928
0.31313131313131315,0.56,0.38949082281908165
0.32323232323232326,0.56,0.37719874511821483
0.33333333333333337,0.56,0.36553601478617415
0.3434343434343435,0.56,0.35451213059814535
0.3535353535353536,0.56,0.34413594819874593
0.36363636363636365,0.56,0.3344156915025793
0.37373737373737376,0.56,0.3253589645437631
0.38383838383838387,0.56,0.3169727635804668
0.393939393939394,0.56,0.3092634892636198
0.4040404040404041,0.56,0.30223695868388945
0.4141414141414142,0.56,0.2958984171176975
0.42424242424242425,0.56,0.2902525493014184
0.43434343434343436,0.56,0.2853034900728695
0.4444444444444445,0.56,0.2810548342306717
0.4545454545454546,0.56,0.2775096454749397
0.4646464646464647,0.56,0.2746704643068981
0.4747474747474748,0.56,0.27253931478031435
0.48484848484848486,0.56,0.2711177100139186
0.494949494949495,0.56,0.2704066563911173
0.5050505050505051,0.56,0.2704066563911173
0.5151515151515152,0.56,0.2711177100139186
0.5252525252525253,0.56,0.27253931478031435
0.5353535353535354,0.56,0.2746704643068981
0.5454545454545455,0.56,0.2775096454749397
0.5555555555555556,0.56,0.2810548342306718
0.5656565656565657,0.56,0.2853034900728696
0.5757575757575758,0.56,0.2902525493014184
0.5858585858585859,0.56,0.2958984171176975
0.595959595959596,0.56,0.30223695868388945
0.6060606060606061,0.56,0.3092634892636198
0.6161616161616162,0.56,0.3169727635804668
0.6262626262626263,0.56,0.3253589645437631
0.6363636363636365,0.56,0.33441569150257944
0.6464646464646465,0.56,0.34413594819874593
0.6565656565656566,0.56,0.35451213059814546
0.6666666666666667,0.56,0.36553601478617426
0.6767676767676768,0.56,0.37719874511821494
0.686868686868687,0.56,0.38949082281908187
0.696969696969697,0.56,0.4024020952266928
0.7070707070707072,0.56,0.415921745874663
0.7171717171717172,0.56,0.4300382856060816
0.7272727272727273,0.56,0.44473954490648526
0.7373737373737375,0.56,0.46001266763795834
0.7474747474747475,0.56,0.47584410634845664
0.7575757575757577,0.56,0.4922196193209293
0.7676767676767677,0.56,0.5091242695156568
0.7777777777777778,0.56,0.5265424255465585
0.787878787878788,0.56,0.5444577648181419
0.797979797979798,0.56,0.5628532789343892
0.8080808080808082,0.56,0.5817112814743542
0.8181818181818182,0.56,0.6010134182116922
0.8282828282828284,0.56,0.6207406798369557
0.8383838383838385,0.56,0.6408734172223864
0.8484848484848485,0.56,0.6613913592493214
0.8585858585858587,0.56,0.6822736331983554
0.8686868686868687,0.56,0.7034987876822603
0.8787878787878789,0.56,0.7250448180815241
0.888888888888889,0.56,0.7468891944224203
0.8989898989898991,0.56,0.7690088916179385
0.9090909090909092,0.56,0.7913804219728606
0.9191919191919192,0.56,0.8139798698359413
0.9292929292929294,0.56,0.8367829282647032
0.9393939393939394,0.56,0.8597649375519407
0.9494949494949496,0.56,0.8829009254478042
0.9595959595959597,0.56,0.906165648897423
0.9696969696969697,0.56,0.9295336371015808
0.9797979797979799,0.56,0.9529792356970442
0.98989898989899,0.56,0.976476651843931
1.0,0.56,0.9999999999999999
0.0,0.58,1.0
0.010101010101010102,0.58,0.9769763922480443
0.020202020202020204,0.58,0.9539778475161497
0.030303030303030304,0.58,0.9310293865511717
0.04040404040404041,0.58,0.9081559457506477
0.05050505050505051,0.58,0.8853823354792651
0.06060606060606061,0.58,0.8627331989702078
0.07070707070707072,0.58,0.8402329719989198
0.08080808080808081,0.58,0.8179058435105595
0.09090909090909091,0.58,0.7957757173746809
0.10101010101010102,0.58,0.7738661754315561
0.11111111111111112,0.58,0.7522004419841227
0.12121212121212122,0.58,0.7308013498778907
0.13131313131313133,0.58,0.7096913082983859
0.14141414141414144,0.58,0.6888922724019579
0.15151515151515152,0.58,0.6684257148811541
0.16161616161616163,0.58,0.6483125995504992
0.17171717171717174,0.58,0.6285733570225548
0.18181818181818182,0.58,0.6092278625277083
0.19191919191919193,0.58,0.5902954159144036
0.20202020202020204,0.58,0.5717947238496282
0.21212121212121213,0.58,0.5537438842225595
0.22222222222222224,0.58,0.5361603727375006
0.23232323232323235,0.58,0.5190610316657538
0.24242424242424243,0.58,0.502462060710025
0.25252525252525254,0.58,0.48637900991948146
0.26262626262626265,0.58,0.47082677457882016
0.27272727272727276,0.58,0.45581959198077804
0.2828282828282829,0.58,0.4413710399785651
0.29292929292929293,0.58,0.42749403720280965
0.30303030303030304,0.58,0.4142008448169012
0.31313131313131315,0.58,0.40150306967518923
0.32323232323232326,0.58,0.38941166874039357
0.33333333333333337,0.58,0.3779369546099389
0.3434343434343435,0.58,0.3670886019957067
0.3535353535353536,0.58,0.35687565499803364
0.36363636363636365,0.58,0.34730653501263575
0.37373737373737376,0.58,0.3383890491085587
0.38383838383838387,0.58,0.3301303987162154
0.393939393939394,0.58,0.3225371884670817
0.4040404040404041,0.58,0.3156154350306414
0.4141414141414142,0.58,0.309370575799653
0.42424242424242425,0.58,0.3038074772817052
0.43434343434343436,0.58,0.2989304430632793
0.4444444444444445,0.58,0.29474322122203134
0.4545454545454546,0.58,0.29124901107368895
0.4646464646464647,0.58,0.28845046915170824
0.4747474747474748,0.58,0.2863497143305358
0.48484848484848486,0.58,0.28494833201686554
0.494949494949495,0.58,0.2842473773475348
0.5050505050505051,0.58,0.2842473773475348
0.5151515151515152,0.58,0.28494833201686554
0.5252525252525253,0.58,0.2863497143305358
0.5353535353535354,0.58,0.28845046915170824
0.5454545454545455,0.58,0.29124901107368895
0.5555555555555556,0.58,0.29474322122203145
0.5656565656565657,0.58,0.2989304430632794
0.5757575757575758,0.58,0.3038074772817052
0.5858585858585859,0.58,0.309370575799653
0.595959595959596,0.58,0.3156154350306415
0.6060606060606061,0.58,0.3225371884670817
0.6161616161616162,0.58,0.3301303987162154
0.6262626262626263,0.58,0.3383890491085588
0.6363636363636365,0.58,0.34730653501263586
0.6464646464646465,0.58,0.35687565499803364
0.6565656565656566,0.58,0.3670886019957067
0.6666666666666667,0.58,0.37793695460993904
0.6767676767676768,0.58,0.3894116687403937
0.686868686868687,0.58,0.40150306967518945
0.696969696969697,0.58,0.4142008448169012
0.7070707070707072,0.58,0.42749403720280965
0.7171717171717172,0.58,0.4413710399785652
0.7272727272727273,0.58,0.45581959198077804
0.7373737373737375,0.58,0.4708267745788203
0.7474747474747475,0.58,0.4863790099194817
0.7575757575757577,0.58,0.502462060710025
0.7676767676767677,0.58,0.5190610316657538
0.7777777777777778,0.58,0.5361603727375005
0.787878787878788,0.58,0.5537438842225595
0.797979797979798,0.58,0.5717947238496283
0.8080808080808082,0.58,0.5902954159144038
0.8181818181818182,0.58,0.6092278625277083
0.8282828282828284,0.58,0.6285733570225549
0.8383838383838385,0.58,0.6483125995504992
0.8484848484848485,0.58,0.6684257148811541
0.8585858585858587,0.58,0.6888922724019582
0.8686868686868687,0.58,0.709691308298386
0.8787878787878789,0.58,0.730801349877891
0.888888888888889,0.58,0.752200441984123
0.8989898989898991,0.58,0.7738661754315561
0.9090909090909092,0.58,0.7957757173746809
0.9191919191919192,0.58,0.8179058435105595
0.9292929292929294,0.58,0.84023297199892
0.9393939393939394,0.58,0.862733198970208
0.9494949494949496,0.58,0.8853823354792656
0.9595959595959597,0.58,0.9081559457506476
0.9696969696969697,0.58,0.9310293865511716
0.9797979797979799,0.58,0.9539778475161498
0.98989898989899,0.58,0.9769763922480443
1.0,0.58,0.9999999999999999
0.0,0.6,1.0
0.010101010101010102,0.6,0.9774598572095404
0.020202020202020204,0.6,0.9549439844625499
0.030303030303030304,0.6,0.9324766131041597
0.04040404040404041,0.6,0.9100818972510829
0.05050505050505051,0.6,0.8877838755967015
0.06060606060606061,0.6,0.8656064337155618
0.07070707070707072,0.6,0.8435732670275264
0.08080808080808081,0.6,0.8217078445765852
0.09090909090909091,0.6,0.8000333737728375
0.10101010101010102,0.6,0.7785727662385193
0.11111111111111112,0.6,0.7573486048901986
0.12121212121212122,0.6,0.7363831123794985
0.13131313131313133,0.6,0.7156981210040136
0.14141414141414144,0.6,0.6953150441885498
0.15151515151515152,0.6,0.6752548496245534
0.16161616161616163,0.6,0.6555380341427056
0.17171717171717174,0.6,0.6361846003802655
0.18181818181818182,0.6,0.6172140352909512
0.19191919191919193,0.6,0.5986452905311068
0.20202020202020204,0.6,0.5804967647417059
0.21212121212121213,0.6,0.5627862877315346
0.22222222222222224,0.6,0.5455311065528052
0.23232323232323235,0.6,0.5287478734465915
0.24242424242424243,0.6,0.5124526356219719
0.25252525252525254,0.6,0.4966608268197459
0.26262626262626265,0.6,0.4813872605991558
0.27272727272727276,0.6,0.46664612527430904
0.2828282828282829,0.6,0.45245098041606935
0.29292929292929293,0.6,0.438814754825147
0.30303030303030304,0.6,0.4257497458730678
0.31313131313131315,0.6,0.4132676200997072
0.32323232323232326,0.6,0.4013794149492129
0.33333333333333337,0.6,0.3900955415204561
0.3434343434343435,0.6,0.3794257882037061
0.3535353535353536,0.6,0.3693793250720354
0.36363636363636365,0.6,0.35996470889406884
0.37373737373737376,0.6,0.35118988863409684
0.38383838383838387,0.6,0.34306221130627945
0.393939393939394,0.6,0.3355884280516559
0.4040404040404041,0.6,0.32877470030994815
0.4141414141414142,0.6,0.32262660596261894
0.42424242424242425,0.6,0.31714914532932925
0.43434343434343436,0.6,0.3123467469067355
0.4444444444444445,0.6,0.30822327274642225
0.4545454545454546,0.6,0.30478202337761084
0.4646464646464647,0.6,0.302025742190018
0.4747474747474748,0.6,0.2999566192027857
0.48484848484848486,0.6,0.29857629415663733
0.494949494949495,0.6,0.29788585887826435
0.5050505050505051,0.6,0.29788585887826435
0.5151515151515152,0.6,0.29857629415663733
0.5252525252525253,0.6,0.2999566192027857
0.5353535353535354,0.6,0.302025742190018
0.5454545454545455,0.6,0.30478202337761084
0.5555555555555556,0.6,0.30822327274642236
0.5656565656565657,0.6,0.3123467469067356
0.5757575757575758,0.6,0.31714914532932925
0.5858585858585859,0.6,0.32262660596261883
0.595959595959596,0.6,0.32877470030994826
0.6060606060606061,0.6,0.3355884280516559
0.6161616161616162,0.6,0.34306221130627945
0.6262626262626263,0.6,0.35118988863409695
0.6363636363636365,0.6,0.35996470889406884
0.6464646464646465,0.6,0.3693793250720354
0.6565656565656566,0.6,0.3794257882037062
0.6666666666666667,0.6,0.3900955415204562
0.6767676767676768,0.6,0.40137941494921303
0.686868686868687,0.6,0.4132676200997074
0.696969696969697,0.6,0.4257497458730678
0.7070707070707072,0.6,0.4388147548251471
0.7171717171717172,0.6,0.45245098041606957
0.7272727272727273,0.6,0.46664612527430904
0.7373737373737375,0.6,0.48138726059915604
0.7474747474747475,0.6,0.496660826819746
0.7575757575757577,0.6,0.5124526356219719
0.7676767676767677,0.6,0.5287478734465915
0.7777777777777778,0.6,0.545531106552805
0.787878787878788,0.6,0.5627862877315346
0.797979797979798,0.6,0.5804967647417061
0.8080808080808082,0.6,0.598645290531107
0.8181818181818182,0.6,0.6172140352909513
0.8282828282828284,0.6,0.6361846003802656
0.8383838383838385,0.6,0.6555380341427056
0.8484848484848485,0.6,0.6752548496245533
0.8585858585858587,0.6,0.6953150441885501
0.8686868686868687,0.6,0.7156981210040136
0.8787878787878789,0.6,0.7363831123794988
0.888888888888889,0.6,0.7573486048901988
0.8989898989898991,0.6,0.7785727662385195
0.9090909090909092,0.6,0.8000333737728375
0.9191919191919192,0.6,0.8217078445765851
0.9292929292929294,0.6,0.8435732670275267
0.9393939393939394,0.6,0.8656064337155618
0.9494949494949496,0.6,0.8877838755967018
0.9595959595959597,0.6,0.9100818972510828
0.9696969696969697,0.6,0.9324766131041596
0.9797979797979799,0.6,0.95494398446255
0.98989898989899,0.6,0.9774598572095404
1.0,0.6,0.9999999999999999
0.0,0.62,1.0
0.010101010101010102,0.62,0.9779284253909751
0.020202020202020204,0.62,0.9558803927349406
0.030303030303030304,0.62,0.9338794083428632
0.04040404040404041,0.62,0.911948907385745
0.05050505050505051,0.62,0.8901122186837228
0.06060606060606061,0.62,0.8683925299229183
0.07070707070707072,0.62,0.8468128534374088
0.08080808080808081,0.62,0.8253959926892847
0.09090909090909091,0.62,0.8041645095743153
0.10101010101010102,0.62,0.7831406926743391
0.11111111111111112,0.62,0.7623465265701483
0.12121212121212122,0.62,0.7418036623204551
0.13131313131313133,0.62,0.7215333892035377
0.14141414141414144,0.62,0.7015566078084998
0.15151515151515152,0.62,0.6818938045527676
0.16161616161616163,0.62,0.6625650276916355
0.17171717171717174,0.62,0.6435898648744184
0.18181818181818182,0.62,0.6249874222901899
0.19191919191919193,0.62,0.606776305434278
0.20202020202020204,0.62,0.5889746015147658
0.21212121212121213,0.62,0.5715998635062982
0.22222222222222224,0.62,0.5546690958466417
0.23232323232323235,0.62,0.538198741759783
0.24242424242424243,0.62,0.5222046721779869
0.25252525252525254,0.62,0.5067021762242625
0.26262626262626265,0.62,0.49170595320621036
0.27272727272727276,0.62,0.47723010606232275
0.2828282828282829,0.62,0.4632881361925828
0.29292929292929293,0.62,0.44989293959672716
0.30303030303030304,0.62,0.43705680423587023
0.31313131313131315,0.62,0.4247914085264175
0.32323232323232326,0.62,0.4131078208693536
0.33333333333333337,0.62,0.40201650011314594
0.3434343434343435,0.62,0.391527296844688
0.3535353535353536,0.62,0.3816494553999439
0.36363636363636365,0.62,0.37239161648427266
0.37373737373737376,0.62,0.3637618202918216
0.38383838383838387,0.62,0.355767510013861
0.393939393939394,0.62,0.34841553562751304
0.4040404040404041,0.62,0.3417121578589565
0.4141414141414142,0.62,0.33566305221884096
0.42424242424242425,0.62,0.330273313012304
0.43434343434343436,0.62,0.32554745723157164
0.4444444444444445,0.62,0.321489428245605
0.4545454545454546,0.62,0.318102599208562
0.4646464646464647,0.62,0.3153897761168909
0.4747474747474748,0.62,0.3133532004536109
0.48484848484848486,0.62,0.31199455136764453
0.494949494949495,0.62,0.3113149473458813
0.5050505050505051,0.62,0.3113149473458813
0.5151515151515152,0.62,0.31199455136764453
0.5252525252525253,0.62,0.3133532004536109
0.5353535353535354,0.62,0.3153897761168909
0.5454545454545455,0.62,0.318102599208562
0.5555555555555556,0.62,0.3214894282456051
0.5656565656565657,0.62,0.32554745723157175
0.5757575757575758,0.62,0.330273313012304
0.5858585858585859,0.62,0.33566305221884085
0.595959595959596,0.62,0.3417121578589566
0.6060606060606061,0.62,0.34841553562751304
0.6161616161616162,0.62,0.355767510013861
0.6262626262626263,0.62,0.3637618202918217
0.6363636363636365,0.62,0.37239161648427277
0.6464646464646465,0.62,0.3816494553999439
0.6565656565656566,0.62,0.3915272968446881
0.6666666666666667,0.62,0.40201650011314605
0.6767676767676768,0.62,0.4131078208693537
0.686868686868687,0.62,0.4247914085264177
0.696969696969697,0.62,0.43705680423587023
0.7070707070707072,0.62,0.44989293959672727
0.7171717171717172,0.62,0.463288136192583
0.7272727272727273,0.62,0.47723010606232275
0.7373737373737375,0.62,0.49170595320621047
0.7474747474747475,0.62,0.5067021762242626
0.7575757575757577,0.62,0.5222046721779869
0.7676767676767677,0.62,0.538198741759783
0.7777777777777778,0.62,0.5546690958466416
0.787878787878788,0.62,0.5715998635062982
0.797979797979798,0.62,0.5889746015147659
0.8080808080808082,0.62,0.6067763054342783
0.8181818181818182,0.62,0.62498742229019
0.8282828282828284,0.62,0.6435898648744185
0.8383838383838385,0.62,0.6625650276916355
0.8484848484848485,0.62,0.6818938045527675
0.8585858585858587,0.62,0.7015566078084999
0.8686868686868687,0.62,0.7215333892035378
0.8787878787878789,0.62,0.7418036623204554
0.888888888888889,0.62,0.7623465265701486
0.8989898989898991,0.62,0.7831406926743392
0.9090909090909092,0.62,0.8041645095743153
0.9191919191919192,0.62,0.8253959926892845
0.9292929292929294,0.62,0.846812853437409
0.9393939393939394,0.62,0.8683925299229183
0.9494949494949496,0.62,0.8901122186837231
0.9595959595959597,0.62,0.9119489073857449
0.9696969696969697,0.62,0.933879408342863
0.9797979797979799,0.62,0.9558803927349407
0.98989898989899,0.62,0.9779284253909751
1.0,0.62,0.9999999999999999
0.0,0.64,1.0
0.010101010101010102,0.64,0.9783832753747329
0.020202020202020204,0.64,0.956789420171175
0.030303030303030304,0.64,0.935241270790443
0.04040404040404041,0.64,0.9137615977162699
0.05050505050505051,0.64,0.892373072864872
0.06060606060606061,0.64,0.8710982373024432
0.07070707070707072,0.64,0.8499594694484466
0.08080808080808081,0.64,0.8289789538791682
0.09090909090909091,0.64,0.808178650841437
0.10101010101010102,0.64,0.7875802665810272
0.11111111111111112,0.64,0.7672052245841022
0.12121212121212122,0.64,0.7470746378231735
0.13131313131313133,0.64,0.7272092820915164
0.14141414141414144,0.64,0.707629570501848
0.15151515151515152,0.64,0.6883555292164272
0.16161616161616163,0.64,0.6694067744666388
0.17171717171717174,0.64,0.6508024909106773
0.18181818181818182,0.64,0.6325614113681999
0.19191919191919193,0.64,0.6147017979609004
0.20202020202020204,0.64,0.5972414246779216
0.21212121212121213,0.64,0.5801975613749684
0.22222222222222224,0.64,0.5635869592060128
0.23232323232323235,0.64,0.5474258374766574
0.24242424242424243,0.64,0.531729871898647
0.25252525252525254,0.64,0.5165141842157721
0.26262626262626265,0.64,0.5017933331625697
0.27272727272727276,0.64,0.4875813067088609
0.2828282828282829,0.64,0.47389151553537723
0.29292929292929293,0.64,0.46073678767854165
0.30303030303030304,0.64,0.4481293642759777
0.31313131313131315,0.64,0.43608089633856706
0.32323232323232326,0.64,0.42460244246990353
0.33333333333333337,0.64,0.4137044674498467
0.3434343434343435,0.64,0.40339684159559697
0.3535353535353536,0.64,0.3936888408113107
0.36363636363636365,0.64,0.3845891472357703
0.37373737373737376,0.64,0.3761058503970456
0.38383838383838387,0.64,0.3682464487833853
0.393939393939394,0.64,0.3610178517408137
0.4040404040404041,0.64,0.3544263816100053
0.4141414141414142,0.64,0.3484777760179798
0.42424242424242425,0.64,0.34317719024396
0.43434343434343436,0.64,0.33852919958331684
0.4444444444444445,0.64,0.33453780163885816
0.4545454545454546,0.64,0.33120641847473475
0.4646464646464647,0.64,0.3285378985748827
0.4747474747474748,0.64,0.3265345185551377
0.48484848484848486,0.64,0.3251979845858499
0.494949494949495,0.64,0.3245294334899619
0.5050505050505051,0.64,0.3245294334899619
0.5151515151515152,0.64,0.3251979845858499
0.5252525252525253,0.64,0.3265345185551377
0.5353535353535354,0.64,0.3285378985748827
0.5454545454545455,0.64,0.33120641847473475
0.5555555555555556,0.64,0.33453780163885827
0.5656565656565657,0.64,0.33852919958331695
0.5757575757575758,0.64,0.34317719024396
0.5858585858585859,0.64,0.3484777760179797
0.595959595959596,0.64,0.3544263816100053
0.6060606060606061,0.64,0.3610178517408137
0.6161616161616162,0.64,0.3682464487833853
0.6262626262626263,0.64,0.3761058503970457
0.6363636363636365,0.64,0.3845891472357704
0.6464646464646465,0.64,0.3936888408113107
0.6565656565656566,0.64,0.4033968415955971
0.6666666666666667,0.64,0.4137044674498468
0.6767676767676768,0.64,0.42460244246990364
0.686868686868687,0.64,0.4360808963385673
0.696969696969697,0.64,0.4481293642759777
0.7070707070707072,0.64,0.46073678767854176
0.7171717171717172,0.64,0.47389151553537734
0.7272727272727273,0.64,0.4875813067088609
0.7373737373737375,0.64,0.5017933331625699
0.7474747474747475,0.64,0.5165141842157722
0.7575757575757577,0.64,0.531729871898647
0.7676767676767677,0.64,0.5474258374766574
0.7777777777777778,0.64,0.5635869592060128
0.787878787878788,0.64,0.5801975613749684
0.797979797979798,0.64,0.5972414246779216
0.8080808080808082,0.64,0.6147017979609006
0.8181818181818182,0.64,0.6325614113682
0.8282828282828284,0.64,0.6508024909106774
0.8383838383838385,0.64,0.6694067744666388
0.8484848484848485,0.64,0.6883555292164271
0.8585858585858587,0.64,0.7076295705018483
0.8686868686868687,0.64,0.7272092820915164
0.8787878787878789,0.64,0.7470746378231737
0.888888888888889,0.64,0.7672052245841023
0.8989898989898991,0.64,0.7875802665810273
0.9090909090909092,0.64,0.808178650841437
0.9191919191919192,0.64,0.8289789538791681
0.9292929292929294,0.64,0.8499594694484468
0.9393939393939394,0.64,0.8710982373024433
0.9494949494949496,0.64,0.8923730728648723
0.9595959595959597,0.64,0.9137615977162699
0.9696969696969697,0.64,0.9352412707904427
0.9797979797979799,0.64,0.9567894201711751
0.98989898989899,0.64,0.9783832753747329
1.0,0.64,0.9999999999999999
0.0,0.66,1.0
0.010101010101010102,0.66,0.9788254179531677
0.020202020202020204,0.66,0.9576730805308697
0.030303030303030304,0.66,0.9365652015934665
0.04040404040404041,0.66,0.9155239335797417
0.05050505050505051,0.66,0.894571337062248
0.06060606060606061,0.66,0.8737293506197938
0.07070707070707072,0.66,0.8530197611291114
0.08080808080808081,0.66,0.8324641745746333
0.09090909090909091,0.66,0.8120839874714727
0.10101010101010102,0.66,0.791900358992178
0.11111111111111112,0.66,0.7719341838826534
0.12121212121212122,0.66,0.7522060662468552
0.13131313131313133,0.66,0.7327362942735394
0.14141414141414144,0.66,0.7135448159714992
0.15151515151515152,0.66,0.6946512159724576
0.16161616161616163,0.66,0.6760746934531348
0.17171717171717174,0.66,0.6578340412200576
0.18181818181818182,0.66,0.6399476259924843
0.19191919191919193,0.66,0.6224333699104674
0.20202020202020204,0.66,0.6053087332866296
0.21212121212121213,0.66,0.5885906986117626
0.22222222222222224,0.66,0.572295755815952
0.23232323232323235,0.66,0.5564398887786568
0.24242424242424243,0.66,0.5410385630730875
0.25252525252525254,0.66,0.5261067149224319
0.26262626262626265,0.66,0.5116587413380004
0.27272727272727276,0.66,0.49770849140230744
0.2828282828282829,0.66,0.4842692586534981
0.29292929292929293,0.66,0.4713537745214502
0.30303030303030304,0.66,0.4589742027603648
0.31313131313131315,0.66,0.44714213481776954
0.32323232323232326,0.66,0.4358685860756053
0.33333333333333337,0.66,0.425163992895527
0.3434343434343435,0.66,0.4150382103977044
0.3535353535353536,0.66,0.40550051090032335
0.36363636363636365,0.66,0.39655958294563143
0.37373737373737376,0.66,0.3882235308378019
0.38383838383838387,0.66,0.3804998746180579
0.393939393939394,0.66,0.3733955504034293
0.4040404040404041,0.66,0.3669169110171965
0.4141414141414142,0.66,0.3610697268414508
0.42424242424242425,0.66,0.35585918682530127
0.43434343434343436,0.66,0.35128989958599444
0.4444444444444445,0.66,0.34736589454458067
0.4545454545454546,0.66,0.34409062304270877
0.4646464646464647,0.66,0.3414669593925943
0.4747474747474748,0.66,0.33949720181815213
0.48484848484848486,0.66,0.33818307325163655
0.494949494949495,0.66,0.33752572195683217
0.5050505050505051,0.66,0.33752572195683217
0.5151515151515152,0.66,0.33818307325163655
0.5252525252525253,0.66,0.33949720181815213
0.5353535353535354,0.66,0.3414669593925943
0.5454545454545455,0.66,0.34409062304270877
0.5555555555555556,0.66,0.3473658945445808
0.5656565656565657,0.66,0.35128989958599455
0.5757575757575758,0.66,0.35585918682530127
0.5858585858585859,0.66,0.36106972684145067
0.595959595959596,0.66,0.3669169110171965
0.6060606060606061,0.66,0.3733955504034293
0.6161616161616162,0.66,0.3804998746180579
0.6262626262626263,0.66,0.38822353083780203
0.6363636363636365,0.66,0.39655958294563154
0.6464646464646465,0.66,0.40550051090032335
0.6565656565656566,0.66,0.4150382103977045
0.6666666666666667,0.66,0.425163992895527
0.6767676767676768,0.66,0.4358685860756053
0.686868686868687,0.66,0.44714213481776977
0.696969696969697,0.66,0.4589742027603648
0.7070707070707072,0.66,0.47135377452145033
0.7171717171717172,0.66,0.48426925865349824
0.7272727272727273,0.66,0.49770849140230744
0.7373737373737375,0.66,0.5116587413380005
0.7474747474747475,0.66,0.5261067149224319
0.7575757575757577,0.66,0.5410385630730875
0.7676767676767677,0.66,0.5564398887786568
0.7777777777777778,0.66,0.5722957558159519
0.787878787878788,0.66,0.5885906986117626
0.797979797979798,0.66,0.6053087332866297
0.8080808080808082,0.66,0.6224333699104676
0.8181818181818182,0.66,0.6399476259924843
0.8282828282828284,0.66,0.6578340412200576
0.8383838383838385,0.66,0.6760746934531348
0.8484848484848485,0.66,0.6946512159724575
0.8585858585858587,0.66,0.7135448159714994
0.8686868686868687,0.66,0.7327362942735395
0.8787878787878789,0.66,0.7522060662468555
0.888888888888889,0.66,0.7719341838826537
0.8989898989898991,0.66,0.7919003589921781
0.9090909090909092,0.66,0.8120839874714727
0.9191919191919192,0.66,0.8324641745746332
0.9292929292929294,0.66,0.8530197611291116
0.9393939393939394,0.66,0.8737293506197938
0.9494949494949496,0.66,0.8945713370622483
0.9595959595959597,0.66,0.9155239335797417
0.9696969696969697,0.66,0.9365652015934663
0.9797979797979799,0.66,0.9576730805308699
0.98989898989899,0.66,0.9788254179531677
1.0,0.66,0.9999999999999999
0.0,0.68,1.0
0.010101010101010102,0.68,0.9792557230908424
0.020202020202020204,0.68,0.9585331071727025
0.030303030303030304,0.68,0.9378537844222244
0.04040404040404041,0.68,0.9172393294797664
0.05050505050505051,0.68,0.8967112309117364
0.06060606060606061,0.68,0.8762908629476422
0.07070707070707072,0.68,0.8559994575803308
0.08080808080808081,0.68,0.8358580771152858
0.09090909090909091,0.68,0.815887587251623
0.10101010101010102,0.68,0.796108630773621
0.11111111111111112,0.68,0.7765416019272665
0.12121212121212122,0.68,0.7572066215514355
0.13131313131313133,0.68,0.7381235130279942
0.14141414141414144,0.68,0.7193117791093593
0.15151515151515152,0.68,0.7007905796759313
0.16161616161616163,0.68,0.682578710469379
0.17171717171717174,0.68,0.6646945828410629
0.18181818181818182,0.68,0.6471562045479751
0.19191919191919193,0.68,0.6299811616215488
0.20202020202020204,0.68,0.6131866013275663
0.21212121212121213,0.68,0.5967892162282532
0.22222222222222224,0.68,0.5808052293505677
0.23232323232323235,0.68,0.565250380457699
0.24242424242424243,0.68,0.5501399134139697
0.25252525252525254,0.68,0.5354885646267447
0.26262626262626265,0.68,0.5213105525426339
0.27272727272727276,0.68,0.5076195681692905
0.2828282828282829,0.68,0.49442876658851787
0.29292929292929293,0.68,0.481750759421231
0.30303030303030304,0.68,0.4695976082001291
0.31313131313131315,0.68,0.45798081860176054
0.32323232323232326,0.68,0.446911335486036
0.33333333333333337,0.68,0.4363995386881846
0.3434343434343435,0.68,0.4264552395057013
0.3535353535353536,0.68,0.4170876778209911
0.36363636363636365,0.68,0.40830551979920604
0.37373737373737376,0.68,0.40011685610019565
0.38383838383838387,0.68,0.39252920054355844
0.393939393939394,0.68,0.38554948916645915
0.4040404040404041,0.68,0.3791840796152024
0.4141414141414142,0.68,0.3734387508134508
0.42424242424242425,0.68,0.3683187028524738
0.43434343434343436,0.68,0.3638285570518561
0.4444444444444445,0.68,0.3599723561426559
0.4545454545454546,0.68,0.3567535645290474
0.4646464646464647,0.68,0.35417506858896985
0.4747474747474748,0.68,0.35223917697918095
0.48484848484848486,0.68,0.35094762091534215
0.494949494949495,0.68,0.3503015544032726
0.5050505050505051,0.68,0.3503015544032726
0.5151515151515152,0.68,0.35094762091534215
0.5252525252525253,0.68,0.35223917697918095
0.5353535353535354,0.68,0.35417506858896985
0.5454545454545455,0.68,0.3567535645290474
0.5555555555555556,0.68,0.359972356142656
0.5656565656565657,0.68,0.36382855705185624
0.5757575757575758,0.68,0.3683187028524738
0.5858585858585859,0.68,0.3734387508134507
0.595959595959596,0.68,0.3791840796152025
0.6060606060606061,0.68,0.38554948916645915
0.6161616161616162,0.68,0.39252920054355844
0.6262626262626263,0.68,0.40011685610019576
0.6363636363636365,0.68,0.40830551979920615
0.6464646464646465,0.68,0.4170876778209911
0.6565656565656566,0.68,0.4264552395057013
0.6666666666666667,0.68,0.4363995386881847
0.6767676767676768,0.68,0.4469113354860361
0.686868686868687,0.68,0.45798081860176076
0.696969696969697,0.68,0.4695976082001291
0.7070707070707072,0.68,0.48175075942123113
0.7171717171717172,0.68,0.494428766588518
0.7272727272727273,0.68,0.5076195681692905
0.7373737373737375,0.68,0.521310552542634
0.7474747474747475,0.68,0.5354885646267449
0.7575757575757577,0.68,0.5501399134139697
0.7676767676767677,0.68,0.565250380457699
0.7777777777777778,0.68,0.5808052293505677
0.787878787878788,0.68,0.5967892162282532
0.797979797979798,0.68,0.6131866013275664
0.8080808080808082,0.68,0.629981161621549
0.8181818181818182,0.68,0.6471562045479751
0.8282828282828284,0.68,0.664694582841063
0.8383838383838385,0.68,0.682578710469379
0.8484848484848485,0.68,0.7007905796759312
0.8585858585858587,0.68,0.7193117791093594
0.8686868686868687,0.68,0.7381235130279942
0.8787878787878789,0.68,0.7572066215514357
0.888888888888889,0.68,0.7765416019272667
0.8989898989898991,0.68,0.7961086307736212
0.9090909090909092,0.68,0.815887587251623
0.9191919191919192,0.68,0.8358580771152857
0.9292929292929294,0.68,0.855999457580331
0.9393939393939394,0.68,0.8762908629476424
0.9494949494949496,0.68,0.8967112309117367
0.9595959595959597,0.68,0.9172393294797663
0.9696969696969697,0.68,0.9378537844222243
0.9797979797979799,0.68,0.9585331071727026
0.98989898989899,0.68,0.9792557230908424
1.0,0.68,0.9999999999999999
0.0,0.7000000000000001,1.0
0.010101010101010102,0.7000000000000001,0.9796749424576832
0.020202020202020204,0.7000000000000001,0.9593709979150132
0.030303030303030304,0.7000000000000001,0.9391092522492839
0.04040404040404041,0.7000000000000001,0.9189107371735048
0.05050505050505051,0.7000000000000001,0.8987964033547506
0.06060606060606061,0.7000000000000001,0.8787870937715322
0.07070707070707072,0.7000000000000001,0.8589035173872602
0.08080808080808081,0.7000000000000001,0.8391662232146762
0.09090909090909091,0.7000000000000001,0.8195955748434073
0.10101010101010102,0.7000000000000001,0.8002117254996024
0.11111111111111112,0.7000000000000001,0.7810345937029389
0.12121212121212122,0.7000000000000001,0.7620838395821946
0.13131313131313133,0.7000000000000001,0.7433788419060922
0.14141414141414144,0.7000000000000001,0.7249386758812786
0.15151515151515152,0.7000000000000001,0.7067820917641445
0.16161616161616163,0.7000000000000001,0.6889274943277703
0.17171717171717174,0.7000000000000001,0.6713929232196335
0.18181818181818182,0.7000000000000001,0.6541960342399067
0.19191919191919193,0.7000000000000001,0.6373540815642311
0.20202020202020204,0.7000000000000001,0.6208839009288504
0.21212121212121213,0.7000000000000001,0.6048018937899664
0.22222222222222224,0.7000000000000001,0.5891240124631861
0.23232323232323235,0.7000000000000001,0.5738657462430325
0.24242424242424243,0.7000000000000001,0.5590421084967178
0.25252525252525254,0.7000000000000001,0.544667624720803
0.26262626262626265,0.7000000000000001,0.530756321544015
0.27272727272727276,0.7000000000000001,0.5173217166544191
0.2828282828282829,0.7000000000000001,0.5043768096243988
0.29292929292929293,0.7000000000000001,0.4919340736024992
0.30303030303030304,0.7000000000000001,0.4800054478371888
0.31313131313131315,0.7000000000000001,0.4686023309940349
0.32323232323232326,0.7000000000000001,0.4577355752246679
0.33333333333333337,0.7000000000000001,0.44741548094327044
0.3434343434343435,0.7000000000000001,0.4376517922642099
0.3535353535353536,0.7000000000000001,0.4284536930527908
0.36363636363636365,0.7000000000000001,0.41982980354002675
0.37373737373737376,0.7000000000000001,0.4117881774517578
0.38383838383838387,0.7000000000000001,0.40433629960240314
0.393939393939394,0.7000000000000001,0.39748108390413617
0.4040404040404041,0.7000000000000001,0.39122887174327137
0.4141414141414142,0.7000000000000001,0.38558543067717044
0.42424242424242425,0.7000000000000001,0.38055595340696324
0.43434343434343436,0.7000000000000001,0.37614505698384326
0.4444444444444445,0.7000000000000001,0.3723567822095857
0.4545454545454546,0.7000000000000001,0.3691945931952284
0.4646464646464647,0.7000000000000001,0.36666137704552326
0.4747474747474748,0.7000000000000001,0.36475944364075485
0.48484848484848486,0.7000000000000001,0.36349052549180105
0.494949494949495,0.7000000000000001,0.36285577764884236
0.5050505050505051,0.7000000000000001,0.36285577764884236
0.5151515151515152,0.7000000000000001,0.36349052549180105
0.5252525252525253,0.7000000000000001,0.36475944364075485
0.5353535353535354,0.7000000000000001,0.36666137704552326
0.5454545454545455,0.7000000000000001,0.3691945931952284
0.5555555555555556,0.7000000000000001,0.3723567822095858
0.5656565656565657,0.7000000000000001,0.3761450569838434
0.5757575757575758,0.7000000000000001,0.38055595340696324
0.5858585858585859,0.7000000000000001,0.38558543067717044
0.595959595959596,0.7000000000000001,0.39122887174327137
0.6060606060606061,0.7000000000000001,0.39748108390413617
0.6161616161616162,0.7000000000000001,0.40433629960240314
0.6262626262626263,0.7000000000000001,0.4117881774517578
0.6363636363636365,0.7000000000000001,0.41982980354002675
0.6464646464646465,0.7000000000000001,0.4284536930527908
0.6565656565656566,0.7000000000000001,0.4376517922642099
0.6666666666666667,0.7000000000000001,0.44741548094327055
0.6767676767676768,0.7000000000000001,0.4577355752246679
0.686868686868687,0.7000000000000001,0.46860233099403514
0.696969696969697,0.7000000000000001,0.4800054478371888
0.7070707070707072,0.7000000000000001,0.4919340736024993
0.7171717171717172,0.7000000000000001,0.504376809624399
0.7272727272727273,0.7000000000000001,0.5173217166544191
0.7373737373737375,0.7000000000000001,0.530756321544015
0.7474747474747475,0.7000000000000001,0.5446676247208031
0.7575757575757577,0.7000000000000001,0.5590421084967178
0.7676767676767677,0.7000000000000001,0.5738657462430325
0.7777777777777778,0.7000000000000001,0.589124012463186
0.787878787878788,0.7000000000000001,0.6048018937899664
0.797979797979798,0.7000000000000001,0.6208839009288505
0.8080808080808082,0.7000000000000001,0.6373540815642313
0.8181818181818182,0.7000000000000001,0.6541960342399068
0.8282828282828284,0.7000000000000001,0.6713929232196336
0.8383838383838385,0.7000000000000001,0.6889274943277703
0.8484848484848485,0.7000000000000001,0.7067820917641445
0.8585858585858587,0.7000000000000001,0.7249386758812788
0.8686868686868687,0.7000000000000001,0.7433788419060923
0.8787878787878789,0.7000000000000001,0.7620838395821948
0.888888888888889,0.7000000000000001,0.781034593702939
0.8989898989898991,0.7000000000000001,0.8002117254996025
0.9090909090909092,0.7000000000000001,0.8195955748434073
0.9191919191919192,0.7000000000000001,0.8391662232146762
0.9292929292929294,0.7000000000000001,0.8589035173872603
0.9393939393939394,0.7000000000000001,0.8787870937715323
0.9494949494949496,0.7000000000000001,0.898796403354751
0.9595959595959597,0.7000000000000001,0.9189107371735048
0.9696969696969697,0.7000000000000001,0.9391092522492838
0.9797979797979799,0.7000000000000001,0.9593709979150132
0.98989898989899,0.7000000000000001,0.9796749424576832
1.0,0.7000000000000001,0.9999999999999999
0.0,0.72,1.0
0.010101010101010102,0.72,0.9800837282731852
0.020202020202020204,0.72,0.9601880525527482
0.030303030303030304,0.72,0.9403335431978167
0.04040404040404041,0.72,0.9205407193433055
0.05050505050505051,0.72,0.9008300234630545
0.06060606060606061,0.72,0.8812217961419371
0.07070707070707072,0.72,0.8617362511244069
0.08080808080808081,0.72,0.8423934507050933
0.09090909090909091,0.72,0.8232132815247735
0.10101010101010102,0.72,0.8042154308323474
0.11111111111111112,0.72,0.7854193632703549
0.12121212121212122,0.72,0.7668442982381204
0.13131313131313133,0.72,0.7485091878828292
0.14141414141414144,0.72,0.7304326957647549
0.15151515151515152,0.72,0.7126331762385074
0.16161616161616163,0.72,0.6951286545875988
0.17171717171717174,0.72,0.6779368079448602
0.18181818181818182,0.72,0.6610749470263368
0.19191919191919193,0.72,0.6445599987012707
0.20202020202020204,0.72,0.6284084894157163
0.21212121212121213,0.72,0.6126365294822349
0.22222222222222224,0.72,0.5972597982430559
0.23232323232323235,0.72,0.5822935301090928
0.24242424242424243,0.72,0.5677525014723235
0.25252525252525254,0.72,0.5536510184843053
0.26262626262626265,0.72,0.5400029056890666
0.27272727272727276,0.72,0.5268214954942967
0.2828282828282829,0.72,0.5141196184607206
0.29292929292929293,0.72,0.5019095943857983
0.30303030303030304,0.72,0.49020322415446616
0.31313131313131315,0.72,0.47901178232659036
0.32323232323232326,0.72,0.468346010428108
0.33333333333333337,0.72,0.45821611091055825
0.3434343434343435,0.72,0.44863174174184484
0.3535353535353536,0.72,0.4396020115896262
0.36363636363636365,0.72,0.4311354755577391
0.37373737373737376,0.72,0.423240131435508
0.38383838383838387,0.72,0.4159234164196717
0.393939393939394,0.72,0.40919220426899505
0.4040404040404041,0.72,0.4030528028523839
0.4141414141414142,0.72,0.39751095205250664
0.42424242424242425,0.72,0.3925718219885036
0.43434343434343436,0.72,0.3882400115233381
0.4444444444444445,0.72,0.3845195470236704
0.4545454545454546,0.72,0.3814138813428052
0.4646464646464647,0.72,0.3789258930002397
0.4747474747474748,0.72,0.37705788553458985
0.48484848484848486,0.72,0.37581158701015893
0.494949494949495,0.72,0.3751881496611167
0.5050505050505051,0.72,0.3751881496611167
0.5151515151515152,0.72,0.37581158701015893
0.5252525252525253,0.72,0.37705788553458985
0.5353535353535354,0.72,0.3789258930002397
0.5454545454545455,0.72,0.3814138813428052
0.5555555555555556,0.72,0.3845195470236705
0.5656565656565657,0.72,0.3882400115233381
0.5757575757575758,0.72,0.3925718219885036
0.5858585858585859,0.72,0.39751095205250664
0.595959595959596,0.72,0.4030528028523839
0.6060606060606061,0.72,0.40919220426899505
0.6161616161616162,0.72,0.4159234164196717
0.6262626262626263,0.72,0.423240131435508
0.6363636363636365,0.72,0.4311354755577391
0.6464646464646465,0.72,0.4396020115896262
0.6565656565656566,0.72,0.44863174174184495
0.6666666666666667,0.72,0.45821611091055825
0.6767676767676768,0.72,0.468346010428108
0.686868686868687,0.72,0.4790117823265906
0.696969696969697,0.72,0.49020322415446616
0.7070707070707072,0.72,0.5019095943857983
0.7171717171717172,0.72,0.5141196184607209
0.7272727272727273,0.72,0.5268214954942967
0.7373737373737375,0.72,0.5400029056890667
0.7474747474747475,0.72,0.5536510184843055
0.7575757575757577,0.72,0.5677525014723235
0.7676767676767677,0.72,0.5822935301090928
0.7777777777777778,0.72,0.5972597982430558
0.787878787878788,0.72,0.6126365294822349
0.797979797979798,0.72,0.6284084894157164
0.8080808080808082,0.72,0.6445599987012709
0.8181818181818182,0.72,0.661074947026337
0.8282828282828284,0.72,0.6779368079448603
0.8383838383838385,0.72,0.6951286545875988
0.8484848484848485,0.72,0.7126331762385074
0.8585858585858587,0.72,0.7304326957647551
0.8686868686868687,0.72,0.7485091878828292
0.8787878787878789,0.72,0.7668442982381206
0.888888888888889,0.72,0.7854193632703551
0.8989898989898991,0.72,0.8042154308323475
0.9090909090909092,0.72,0.8232132815247735
0.9191919191919192,0.72,0.8423934507050933
0.9292929292929294,0.72,0.8617362511244071
0.9393939393939394,0.72,0.8812217961419372
0.9494949494949496,0.72,0.9008300234630547
0.9595959595959597,0.72,0.9205407193433055
0.9696969696969697,0.72,0.9403335431978165
0.9797979797979799,0.72,0.9601880525527482
0.98989898989899,0.72,0.9800837282731852
1.0,0.72,0.9999999999999999
0.0,0.74,1.0
0.010101010101010102,0.74,0.9804826490737825
0.020202020202020204,0.74,0.9609854042490958
0.030303030303030304,0.74,0.941528347272614
0.04040404040404041,0.74,0.9221315112430418
0.05050505050505051,0.74,0.9028148564410969
0.06060606060606061,0.74,0.8835982463431358
0.07070707070707072,0.74,0.8645014238777905
0.08080808080808081,0.74,0.8455439879834218
0.09090909090909091,0.74,0.8267453705222617
0.10101010101010102,0.74,0.8081248136048468
0.11111111111111112,0.74,0.7897013473757325
0.12121212121212122,0.74,0.7714937683085707
0.13131313131313133,0.74,0.7535206180554355
0.14141414141414144,0.74,0.7358001628918384
0.15151515151515152,0.74,0.718350373795199
0.16161616161616163,0.74,0.7011889071906766
0.17171717171717174,0.74,0.6843330863942416
0.18181818181818182,0.74,0.6677998837787185
0.19191919191919193,0.74,0.6516059036842938
0.20202020202020204,0.74,0.6357673660906915
0.21212121212121213,0.74,0.6203000910639065
0.22222222222222224,0.74,0.6052194839860985
0.23232323232323235,0.74,0.5905405215730186
0.24242424242424243,0.74,0.5762777386791871
0.25252525252525254,0.74,0.5624452158870348
0.26262626262626265,0.74,0.5490565678723516
0.27272727272727276,0.74,0.5361249325347208
0.2828282828282829,0.74,0.5236629608781678
0.29292929292929293,0.74,0.5116828076240507
0.30303030303030304,0.74,0.5001961225352919
0.31313131313131315,0.74,0.48921404242841693
0.32323232323232326,0.74,0.4787471838475529
0.33333333333333337,0.74,0.4688056363725528
0.3434343434343435,0.74,0.45939895653177854
0.3535353535353536,0.74,0.4505361622887938
0.36363636363636365,0.74,0.4422257280713072
0.37373737373737376,0.74,0.43447558031015887
0.38383838383838387,0.74,0.427293093455969
0.393939393939394,0.74,0.42068508644125613
0.4040404040404041,0.74,0.4146578195563875
0.4141414141414142,0.74,0.40921699170862214
0.42424242424242425,0.74,0.40436773803474424
0.43434343434343436,0.74,0.4001146278393557
0.4444444444444445,0.74,0.3964616628327452
0.4545454545454546,0.74,0.39341227564441084
0.4646464646464647,0.74,0.39096932859070377
0.4747474747474748,0.74,0.38913511267769885
0.48484848484848486,0.74,0.38791134682322914
0.494949494949495,0.74,0.38729917728502194
0.5050505050505051,0.74,0.38729917728502194
0.5151515151515152,0.74,0.38791134682322914
0.5252525252525253,0.74,0.38913511267769885
0.5353535353535354,0.74,0.39096932859070377
0.5454545454545455,0.74,0.39341227564441084
0.5555555555555556,0.74,0.3964616628327453
0.5656565656565657,0.74,0.4001146278393557
0.5757575757575758,0.74,0.40436773803474424
0.5858585858585859,0.74,0.40921699170862214
0.595959595959596,0.74,0.4146578195563875
0.6060606060606061,0.74,0.42068508644125613
0.6161616161616162,0.74,0.427293093455969
0.6262626262626263,0.74,0.43447558031015887
0.6363636363636365,0.74,0.44222572807130733
0.6464646464646465,0.74,0.4505361622887938
0.6565656565656566,0.74,0.45939895653177854
0.6666666666666667,0.74,0.4688056363725529
0.6767676767676768,0.74,0.4787471838475529
0.686868686868687,0.74,0.48921404242841704
0.696969696969697,0.74,0.5001961225352919
0.7070707070707072,0.74,0.5116828076240507
0.7171717171717172,0.74,0.5236629608781678
0.7272727272727273,0.74,0.5361249325347208
0.7373737373737375,0.74,0.5490565678723516
0.7474747474747475,0.74,0.5624452158870349
0.7575757575757577,0.74,0.5762777386791871
0.7676767676767677,0.74,0.5905405215730186
0.7777777777777778,0.74,0.6052194839860985
0.787878787878788,0.74,0.6203000910639065
0.797979797979798,0.74,0.6357673660906916
0.8080808080808082,0.74,0.651605903684294
0.8181818181818182,0.74,0.6677998837787185
0.8282828282828284,0.74,0.6843330863942417
0.8383838383838385,0.74,0.7011889071906766
0.8484848484848485,0.74,0.7183503737951988
0.8585858585858587,0.74,0.7358001628918385
0.8686868686868687,0.74,0.7535206180554356
0.8787878787878789,0.74,0.771493768308571
0.888888888888889,0.74,0.7897013473757327
0.8989898989898991,0.74,0.8081248136048469
0.9090909090909092,0.74,0.8267453705222617
0.9191919191919192,0.74,0.8455439879834218
0.9292929292929294,0.74,0.8645014238777907
0.9393939393939394,0.74,0.8835982463431358
0.9494949494949496,0.74,0.9028148564410972
0.9595959595959597,0.74,0.9221315112430417
0.9696969696969697,0.74,0.9415283472726139
0.9797979797979799,0.74,0.960985404249096
0.98989898989899,0.74,0.9804826490737825
1.0,0.74,0.9999999999999999
0.0,0.76,1.0
0.010101010101010102,0.76,0.9808722029112457
0.020202020202020204,0.76,0.9617640458127505
0.030303030303030304,0.76,0.9426951454782424
0.04040404040404041,0.76,0.9236850723029255
0.05050505050505051,0.76,0.9047533272502314
0.06060606060606061,0.76,0.8859193189608413
0.07070707070707072,0.76,0.867202341076514
0.08080808080808081,0.76,0.8486215498299273
0.09090909090909091,0.76,0.8301959419501178
0.10101010101010102,0.76,0.8119443329311755
0.11111111111111112,0.76,0.7938853357096535
0.12121212121212122,0.76,0.7760373397936884
0.13131313131313133,0.76,0.7584184908841289
0.14141414141414144,0.76,0.7410466710250585
0.15151515151515152,0.76,0.7239394793179892
0.16161616161616163,0.76,0.7071142132307381
0.17171717171717174,0.76,0.6905878505285945
0.18181818181818182,0.76,0.6743770318518691
0.19191919191919193,0.76,0.6584980439603323
0.20202020202020204,0.76,0.6429668036614062
0.21212121212121213,0.76,0.6277988424353298
0.22222222222222224,0.76,0.6130092917668626
0.23232323232323235,0.76,0.5986128691895112
0.24242424242424243,0.76,0.5846238650447291
0.25252525252525254,0.76,0.5710561299551256
0.26262626262626265,0.76,0.5579230630074282
0.27272727272727276,0.76,0.5452376006378115
0.2828282828282829,0.76,0.533012206209254
0.29292929292929293,0.76,0.5212588602678431
0.30303030303030304,0.76,0.5099890514624219
0.31313131313131315,0.76,0.4992137681097133
0.32323232323232326,0.76,0.4889434903850315
0.33333333333333337,0.76,0.4791881831169701
0.3434343434343435,0.76,0.46995728916300883
0.3535353535353536,0.76,0.4612597233418315
0.36363636363636365,0.76,0.4531038668973114
0.37373737373737376,0.76,0.4454975624685801
0.38383838383838387,0.76,0.4384481095403754
0.393939393939394,0.76,0.4319622603479326
0.4040404040404041,0.76,0.4260462162110765
0.4141414141414142,0.76,0.4207056242728273
0.42424242424242425,0.76,0.41594557461879866
0.43434343434343436,0.76,0.411770597754884
0.4444444444444445,0.76,0.40818466242219675
0.4545454545454546,0.76,0.4051911737299473
0.4646464646464647,0.76,0.40279297158885474
0.4747474747474748,0.76,0.4009923294298121
0.48484848484848486,0.76,0.3997909531948043
0.494949494949495,0.76,0.39918998058950206
0.5050505050505051,0.76,0.39918998058950206
0.5151515151515152,0.76,0.3997909531948043
0.5252525252525253,0.76,0.4009923294298121
0.5353535353535354,0.76,0.40279297158885474
0.5454545454545455,0.76,0.4051911737299473
0.5555555555555556,0.76,0.40818466242219686
0.5656565656565657,0.76,0.4117705977548841
0.5757575757575758,0.76,0.41594557461879866
0.5858585858585859,0.76,0.4207056242728272
0.595959595959596,0.76,0.42604621621107663
0.6060606060606061,0.76,0.4319622603479326
0.6161616161616162,0.76,0.4384481095403754
0.6262626262626263,0.76,0.4454975624685802
0.6363636363636365,0.76,0.4531038668973114
0.6464646464646465,0.76,0.4612597233418315
0.6565656565656566,0.76,0.46995728916300883
0.6666666666666667,0.76,0.4791881831169702
0.6767676767676768,0.76,0.4889434903850316
0.686868686868687,0.76,0.4992137681097135
0.696969696969697,0.76,0.5099890514624219
0.7070707070707072,0.76,0.5212588602678432
0.7171717171717172,0.76,0.5330122062092542
0.7272727272727273,0.76,0.5452376006378115
0.7373737373737375,0.76,0.5579230630074283
0.7474747474747475,0.76,0.5710561299551257
0.7575757575757577,0.76,0.5846238650447291
0.7676767676767677,0.76,0.5986128691895112
0.7777777777777778,0.76,0.6130092917668626
0.787878787878788,0.76,0.6277988424353298
0.797979797979798,0.76,0.6429668036614062
0.8080808080808082,0.76,0.6584980439603324
0.8181818181818182,0.76,0.6743770318518694
0.8282828282828284,0.76,0.6905878505285945
0.8383838383838385,0.76,0.7071142132307381
0.8484848484848485,0.76,0.7239394793179891
0.8585858585858587,0.76,0.7410466710250587
0.8686868686868687,0.76,0.758418490884129
0.8787878787878789,0.76,0.7760373397936886
0.888888888888889,0.76,0.7938853357096537
0.8989898989898991,0.76,0.8119443329311756
0.9090909090909092,0.76,0.8301959419501178
0.9191919191919192,0.76,0.8486215498299273
0.9292929292929294,0.76,0.8672023410765142
0.9393939393939394,0.76,0.8859193189608414
0.9494949494949496,0.76,0.9047533272502317
0.9595959595959597,0.76,0.9236850723029255
0.9696969696969697,0.76,0.9426951454782422
0.9797979797979799,0.76,0.9617640458127505
0.98989898989899,0.76,0.9808722029112457
1.0,0.76,0.9999999999999999
0.0,0.78,1.0
0.010101010101010102,0.78,0.9812528284044995
0.020202020202020204,0.78,0.9625248517016333
0.030303030303030304,0.78,0.9438352425757558
0.04040404040404041,0.78,0.925203129343114
0.05050505050505051,0.78,0.9066475738886355
0.06060606060606061,0.78,0.8881875497469335
0.07070707070707072,0.78,0.8698419203742793
0.08080808080808081,0.78,0.85162941765718
0.09090909090909091,0.78,0.8335686207018199
0.10101010101010102,0.78,0.8156779349469977
0.11111111111111112,0.78,0.79797557164133
0.12121212121212122,0.78,0.7804795277234087
0.13131313131313133,0.78,0.7632075661413135
0.14141414141414144,0.78,0.7461771966454189
0.15151515151515152,0.78,0.729405657085799
0.16161616161616163,0.78,0.7129098952427675
0.17171717171717174,0.78,0.6967065512162081
0.18181818181818182,0.78,0.6808119403963628
0.19191919191919193,0.78,0.6652420370357108
0.20202020202020204,0.78,0.650012458438473
0.21212121212121213,0.78,0.6351384497811801
0.22222222222222224,0.78,0.6206348695746425
0.23232323232323235,0.78,0.6065161757745994
0.24242424242424243,0.78,0.5927964125453236
0.25252525252525254,0.78,0.5794891976775418
0.26262626262626265,0.78,0.5666077106592152
0.27272727272727276,0.78,0.554164681395047
0.2828282828282829,0.78,0.5421723795680518
0.29292929292929293,0.78,0.5306426046341587
0.30303030303030304,0.78,0.5195866764386472
0.31313131313131315,0.78,0.5090154264412494
0.32323232323232326,0.78,0.49893918953499306
0.33333333333333337,0.78,0.48936779644234596
0.3434343434343435,0.78,0.48031056667093797
0.3535353535353536,0.78,0.4717763020101037
0.36363636363636365,0.78,0.4637732805487087
0.37373737373737376,0.78,0.45630925119419885
0.38383838383838387,0.78,0.4493914286725402
0.393939393939394,0.78,0.4430264889887101
0.4040404040404041,0.78,0.4372205653276293
0.4141414141414142,0.78,0.4319792443759123
0.42424242424242425,0.78,0.42730756304552053
0.43434343434343436,0.78,0.42321000558135247
0.4444444444444445,0.78,0.4196905010359412
0.4545454545454546,0.78,0.4167524210957896
0.4646464646464647,0.78,0.4143985782453844
0.4747474747474748,0.78,0.4126312242566259
0.48484848484848486,0.78,0.41145204899322296
0.494949494949495,0.78,0.4108621795215579
0.5050505050505051,0.78,0.4108621795215579
0.5151515151515152,0.78,0.41145204899322296
0.5252525252525253,0.78,0.4126312242566259
0.5353535353535354,0.78,0.4143985782453844
0.5454545454545455,0.78,0.4167524210957896
0.5555555555555556,0.78,0.4196905010359412
0.5656565656565657,0.78,0.42321000558135247
0.5757575757575758,0.78,0.42730756304552053
0.5858585858585859,0.78,0.4319792443759123
0.595959595959596,0.78,0.4372205653276293
0.6060606060606061,0.78,0.4430264889887101
0.6161616161616162,0.78,0.4493914286725402
0.6262626262626263,0.78,0.45630925119419885
0.6363636363636365,0.78,0.4637732805487088
0.6464646464646465,0.78,0.4717763020101037
0.6565656565656566,0.78,0.48031056667093797
0.6666666666666667,0.78,0.48936779644234596
0.6767676767676768,0.78,0.49893918953499317
0.686868686868687,0.78,0.5090154264412496
0.696969696969697,0.78,0.5195866764386472
0.7070707070707072,0.78,0.5306426046341588
0.7171717171717172,0.78,0.542172379568052
0.7272727272727273,0.78,0.554164681395047
0.7373737373737375,0.78,0.5666077106592153
0.7474747474747475,0.78,0.579489197677542
0.7575757575757577,0.78,0.5927964125453236
0.7676767676767677,0.78,0.6065161757745994
0.7777777777777778,0.78,0.6206348695746424
0.787878787878788,0.78,0.6351384497811801
0.797979797979798,0.78,0.650012458438473
0.8080808080808082,0.78,0.665242037035711
0.8181818181818182,0.78,0.6808119403963631
0.8282828282828284,0.78,0.6967065512162081
0.8383838383838385,0.78,0.7129098952427675
0.8484848484848485,0.78,0.729405657085799
0.8585858585858587,0.78,0.7461771966454191
0.8686868686868687,0.78,0.7632075661413136
0.8787878787878789,0.78,0.7804795277234089
0.888888888888889,0.78,0.7979755716413302
0.8989898989898991,0.78,0.8156779349469978
0.9090909090909092,0.78,0.8335686207018199
0.9191919191919192,0.78,0.85162941765718
0.9292929292929294,0.78,0.8698419203742794
0.9393939393939394,0.78,0.8881875497469336
0.9494949494949496,0.78,0.9066475738886358
0.9595959595959597,0.78,0.925203129343114
0.9696969696969697,0.78,0.9438352425757557
0.9797979797979799,0.78,0.9625248517016333
0.98989898989899,0.78,0.9812528284044995
1.0,0.78,0.9999999999999999
0.0,0.8,1.0
0.010101010101010102,0.8,0.9816249139967781
0.020202020202020204,0.8,0.9632685964536514
0.030303030303030304,0.8,0.9449497945207158
0.04040404040404041,0.8,0.9266872127713686
0.05050505050505051,0.8,0.9084994920219663
0.06060606060606061,0.8,0.8904051882804185
0.07070707070707072,0.8,0.8724227518655767
0.08080808080808081,0.8,0.8545705067383365
0.09090909090909091,0.8,0.8368666300841993
0.10101010101010102,0.8,0.8193291321856665
0.11111111111111112,0.8,0.8019758366212562
0.12121212121212122,0.8,0.7848243608261705
0.13131313131313133,0.8,0.7678920970477038
0.14141414141414144,0.8,0.7511961937263896
0.15151515151515152,0.8,0.7347535373316505
0.16161616161616163,0.8,0.7185807346783701
0.17171717171717174,0.8,0.7026940957483491
0.18181818181818182,0.8,0.6871096170380824
0.19191919191919193,0.8,0.6718429654516991
0.20202020202020204,0.8,0.6569094627552847
0.21212121212121213,0.8,0.6423240706061579
0.22222222222222224,0.8,0.628101376168035
0.23232323232323235,0.8,0.6142555783204082
0.24242424242424243,0.8,0.600800474467891
0.25252525252525254,0.8,0.5877494479527957
0.26262626262626265,0.8,0.5751154560717917
0.27272727272727276,0.8,0.5629110186951951
0.2828282828282829,0.8,0.5511482074852584
0.29292929292929293,0.8,0.53983863570779
0.30303030303030304,0.8,0.5289934486295516
0.31313131313131315,0.8,0.5186233144921661
0.32323232323232326,0.8,0.5087384160517336
0.33333333333333337,0.8,0.4993484426720124
0.3434343434343435,0.8,0.49046258295787737
0.3535353535353536,0.8,0.4820895179148321
0.36363636363636365,0.8,0.4742374146196192
0.37373737373737376,0.8,0.4669139203864675
0.38383838383838387,0.8,0.4601261574132042
0.393939393939394,0.8,0.4538807178913755
0.4040404040404041,0.8,0.448183659564643
0.4141414141414142,0.8,0.4430405017200325
0.42424242424242425,0.8,0.43845622159714304
0.43434343434343436,0.8,0.4344352512011219
0.4444444444444445,0.8,0.43098147450608904
0.4545454545454546,0.8,0.4280982250367412
0.4646464646464647,0.8,0.4257882838170558
0.4747474747474748,0.8,0.42405387767634084
0.48484848484848486,0.8,0.42289667790431673
0.494949494949495,0.8,0.42231779924846047
0.5050505050505051,0.8,0.42231779924846047
0.5151515151515152,0.8,0.42289667790431673
0.5252525252525253,0.8,0.42405387767634084
0.5353535353535354,0.8,0.4257882838170558
0.5454545454545455,0.8,0.4280982250367412
0.5555555555555556,0.8,0.43098147450608915
0.5656565656565657,0.8,0.43443525120112203
0.5757575757575758,0.8,0.43845622159714304
0.5858585858585859,0.8,0.4430405017200324
0.595959595959596,0.8,0.4481836595646431
0.6060606060606061,0.8,0.4538807178913755
0.6161616161616162,0.8,0.4601261574132042
0.6262626262626263,0.8,0.4669139203864675
0.6363636363636365,0.8,0.4742374146196192
0.6464646464646465,0.8,0.4820895179148321
0.6565656565656566,0.8,0.4904625829578775
0.6666666666666667,0.8,0.4993484426720124
0.6767676767676768,0.8,0.5087384160517336
0.686868686868687,0.8,0.5186233144921664
0.696969696969697,0.8,0.5289934486295516
0.7070707070707072,0.8,0.53983863570779
0.7171717171717172,0.8,0.5511482074852585
0.7272727272727273,0.8,0.5629110186951951
0.7373737373737375,0.8,0.5751154560717918
0.7474747474747475,0.8,0.5877494479527958
0.7575757575757577,0.8,0.600800474467891
0.7676767676767677,0.8,0.6142555783204082
0.7777777777777778,0.8,0.628101376168035
0.787878787878788,0.8,0.6423240706061579
0.797979797979798,0.8,0.6569094627552847
0.8080808080808082,0.8,0.6718429654516992
0.8181818181818182,0.8,0.6871096170380824
0.8282828282828284,0.8,0.7026940957483492
0.8383838383838385,0.8,0.7185807346783701
0.8484848484848485,0.8,0.7347535373316505
0.8585858585858587,0.8,0.7511961937263898
0.8686868686868687,0.8,0.7678920970477039
0.8787878787878789,0.8,0.7848243608261707
0.888888888888889,0.8,0.8019758366212564
0.8989898989898991,0.8,0.8193291321856666
0.9090909090909092,0.8,0.8368666300841993
0.9191919191919192,0.8,0.8545705067383365
0.9292929292929294,0.8,0.8724227518655768
0.9393939393939394,0.8,0.8904051882804185
0.9494949494949496,0.8,0.9084994920219666
0.9595959595959597,0.8,0.9266872127713685
0.9696969696969697,0.8,0.9449497945207157
0.9797979797979799,0.8,0.9632685964536515
0.98989898989899,0.8,0.9816249139967781
1.0,0.8,0.9999999999999999
0.0,0.8200000000000001,1.0
0.010101010101010102,0.8200000000000001,0.9819888057117125
0.020202020202020204,0.8200000000000001,0.9639959701289773
0.030303030303030304,0.8200000000000001,0.9460398314525037
0.04040404040404041,0.8200000000000001,0.9281386869122489
0.05050505050505051,0.8200000000000001,0.9103107723791696
0.06060606060606061,0.8200000000000001,0.8925742420929573
0.07070707070707072,0.8200000000000001,0.8749471485434674
0.08080808080808081,0.8200000000000001,0.8574474225427557
0.09090909090909091,0.8200000000000001,0.8400928535236385
0.10101010101010102,0.8200000000000001,0.8229010700995314
0.11111111111111112,0.8200000000000001,0.8058895209189725
0.12121212121212122,0.8200000000000001,0.7890754558467439
0.13131313131313133,0.8200000000000001,0.7724759075018541
0.14141414141414144,0.8200000000000001,0.7561076731808712
0.15151515151515152,0.8200000000000001,0.7399872971931947
0.16161616161616163,0.8200000000000001,0.724131053632856
0.17171717171717174,0.8200000000000001,0.7085549296093538
0.18181818181818182,0.8200000000000001,0.6932746089578719
0.19191919191919193,0.8200000000000001,0.6783054564470201
0.20202020202020204,0.8200000000000001,0.6636625025000025
0.21212121212121213,0.8200000000000001,0.6493604284428527
0.22222222222222224,0.8200000000000001,0.6354135522911251
0.23232323232323235,0.8200000000000001,0.6218358150841992
0.24242424242424243,0.8200000000000001,0.6086407677741456
0.25252525252525254,0.8200000000000001,0.5958415586739708
0.26262626262626265,0.8200000000000001,0.5834509214679819
0.27272727272727276,0.8200000000000001,0.5714811637850221
0.2828282828282829,0.8200000000000001,0.5599441563334526
0.29292929292929293,0.8200000000000001,0.5488513225949869
0.30303030303030304,0.8200000000000001,0.5382136290728365
0.31313131313131315,0.8200000000000001,0.52804157608814
0.32323232323232326,0.8200000000000001,0.5183451891172859
0.33333333333333337,0.8200000000000001,0.5091340106615543
0.3434343434343435,0.8200000000000001,0.5004170926394723
0.3535353535353536,0.8200000000000001,0.4922029892914255
0.36363636363636365,0.8200000000000001,0.4844997505853822
0.37373737373737376,0.8200000000000001,0.47731491611208887
0.38383838383838387,0.8200000000000001,0.47065550945776
0.393939393939394,0.8200000000000001,0.4645280330421423
0.4040404040404041,0.8200000000000001,0.4589384634098508
0.4141414141414142,0.8200000000000001,0.4538922469630683
0.42424242424242425,0.8200000000000001,0.44939429612404913
0.43434343434343436,0.8200000000000001,0.4454489859163847
0.4444444444444445,0.8200000000000001,0.442060150954634
0.4545454545454546,0.8200000000000001,0.4392310828327246
0.4646464646464647,0.8200000000000001,0.43696452790243023
0.4747474747474748,0.8200000000000001,0.43526268543427515
0.48484848484848486,0.8200000000000001,0.4341272061543211
0.494949494949495,0.8200000000000001,0.43355919115151054
0.5050505050505051,0.8200000000000001,0.43355919115151054
0.5151515151515152,0.8200000000000001,0.4341272061543211
0.5252525252525253,0.8200000000000001,0.43526268543427515
0.5353535353535354,0.8200000000000001,0.43696452790243023
0.5454545454545455,0.8200000000000001,0.4392310828327246
0.5555555555555556,0.8200000000000001,0.44206015095463413
0.5656565656565657,0.8200000000000001,0.4454489859163847
0.5757575757575758,0.8200000000000001,0.44939429612404913
0.5858585858585859,0.8200000000000001,0.4538922469630682
0.595959595959596,0.8200000000000001,0.4589384634098509
0.6060606060606061,0.8200000000000001,0.4645280330421423
0.6161616161616162,0.8200000000000001,0.47065550945776
0.6262626262626263,0.8200000000000001,0.477314916112089
0.6363636363636365,0.8200000000000001,0.4844997505853823
0.6464646464646465,0.8200000000000001,0.4922029892914255
0.6565656565656566,0.8200000000000001,0.5004170926394724
0.6666666666666667,0.8200000000000001,0.5091340106615543
0.6767676767676768,0.8200000000000001,0.5183451891172859
0.686868686868687,0.8200000000000001,0.5280415760881401
0.696969696969697,0.8200000000000001,0.5382136290728365
0.7070707070707072,0.8200000000000001,0.548851322594987
0.7171717171717172,0.8200000000000001,0.5599441563334528
0.7272727272727273,0.8200000000000001,0.5714811637850221
0.7373737373737375,0.8200000000000001,0.5834509214679822
0.7474747474747475,0.8200000000000001,0.5958415586739709
0.7575757575757577,0.8200000000000001,0.6086407677741456
0.7676767676767677,0.8200000000000001,0.6218358150841992
0.7777777777777778,0.8200000000000001,0.6354135522911251
0.787878787878788,0.8200000000000001,0.6493604284428527
0.797979797979798,0.8200000000000001,0.6636625025000026
0.8080808080808082,0.8200000000000001,0.6783054564470203
0.8181818181818182,0.8200000000000001,0.693274608957872
0.8282828282828284,0.8200000000000001,0.7085549296093538
0.8383838383838385,0.8200000000000001,0.724131053632856
0.8484848484848485,0.8200000000000001,0.7399872971931947
0.8585858585858587,0.8200000000000001,0.7561076731808714
0.8686868686868687,0.8200000000000001,0.7724759075018541
0.8787878787878789,0.8200000000000001,0.7890754558467441
0.888888888888889,0.8200000000000001,0.8058895209189727
0.8989898989898991,0.8200000000000001,0.8229010700995314
0.9090909090909092,0.8200000000000001,0.8400928535236385
0.9191919191919192,0.8200000000000001,0.8574474225427556
0.9292929292929294,0.8200000000000001,0.8749471485434677
0.9393939393939394,0.8200000000000001,0.8925742420929573
0.9494949494949496,0.8200000000000001,0.9103107723791699
0.9595959595959597,0.8200000000000001,0.9281386869122488
0.9696969696969697,0.8200000000000001,0.9460398314525036
0.9797979797979799,0.8200000000000001,0.9639959701289773
0.98989898989899,0.8200000000000001,0.9819888057117125
1.0,0.8200000000000001,0.9999999999999999
0.0,0.84,1.0
0.010101010101010102,0.84,0.9823448136535176
0.020202020202020204,0.84,0.9647075912519338
0.030303030303030304,0.84,0.9471062769614607
0.04040404040404041,0.84,0.9295587754261613
0.05050505050505051,0.84,0.9120829320947653
0.06060606060606061,0.84,0.8946965136524658
0.07070707070707072,0.84,0.877417188591884
0.08080808080808081,0.84,0.8602625079567097
0.09090909090909091,0.84,0.843249886290679
0.10101010101010102,0.84,0.8263965828235581
0.11111111111111112,0.84,0.8097196829246597
0.12121212121212122,0.84,0.7932360798531446
0.13131313131313133,0.84,0.7769624568329581
0.14141414141414144,0.84,0.7609152694787369
0.15151515151515152,0.84,0.7451107285974046
0.16161616161616163,0.84,0.7295647833884691
0.17171717171717174,0.84,0.7142931050642568
0.18181818181818182,0.84,0.6993110709094752
0.19191919191919193,0.84,0.6846337487976109
0.20202020202020204,0.84,0.6702758821797563
0.21212121212121213,0.84,0.6562518755595178
0.22222222222222224,0.84,0.6425757804657326
0.23232323232323235,0.84,0.6292612819328006
0.24242424242424243,0.84,0.6163216854965448
0.25252525252525254,0.84,0.6037699047116726
0.26262626262626265,0.84,0.59161844919512
0.27272727272727276,0.84,0.5798794131978414
0.2828282828282829,0.84,0.5685644647059779
0.29292929292929293,0.84,0.5576848350707921
0.30303030303030304,0.84,0.5472513091653278
0.31313131313131315,0.84,0.5372742160644317
0.32323232323232326,0.84,0.5277634202435804
0.33333333333333337,0.84,0.5187283132908894
0.3434343434343435,0.84,0.5101778061257578
0.3535353535353536,0.84,0.5021203217168093
0.36363636363636365,0.84,0.494563788291156
0.37373737373737376,0.84,0.487515633026513
0.38383838383838387,0.84,0.48098277621734364
0.393939393939394,0.84,0.4749716259060168
0.4040404040404041,0.84,0.4694880729698986
0.4141414141414142,0.84,0.4645374866553845
0.42424242424242425,0.84,0.4601247105500945
0.43434343434343436,0.84,0.45625405898480575
0.4444444444444445,0.84,0.45292931385715984
0.4545454545454546,0.84,0.45015372186976954
0.4646464646464647,0.84,0.4479299921760288
0.4747474747474748,0.84,0.4462602944277173
0.48484848484848486,0.84,0.4451462572193339
0.494949494949495,0.84,0.4445889669250356
0.5050505050505051,0.84,0.4445889669250356
0.5151515151515152,0.84,0.4451462572193339
0.5252525252525253,0.84,0.4462602944277173
0.5353535353535354,0.84,0.4479299921760288
0.5454545454545455,0.84,0.45015372186976954
0.5555555555555556,0.84,0.45292931385715995
0.5656565656565657,0.84,0.45625405898480587
0.5757575757575758,0.84,0.4601247105500945
0.5858585858585859,0.84,0.4645374866553844
0.595959595959596,0.84,0.4694880729698986
0.6060606060606061,0.84,0.4749716259060168
0.6161616161616162,0.84,0.48098277621734364
0.6262626262626263,0.84,0.487515633026513
0.6363636363636365,0.84,0.494563788291156
0.6464646464646465,0.84,0.5021203217168093
0.6565656565656566,0.84,0.5101778061257578
0.6666666666666667,0.84,0.5187283132908895
0.6767676767676768,0.84,0.5277634202435804
0.686868686868687,0.84,0.5372742160644319
0.696969696969697,0.84,0.5472513091653278
0.7070707070707072,0.84,0.5576848350707923
0.7171717171717172,0.84,0.568564464705978
0.7272727272727273,0.84,0.5798794131978414
0.7373737373737375,0.84,0.5916184491951201
0.7474747474747475,0.84,0.6037699047116727
0.7575757575757577,0.84,0.6163216854965448
0.7676767676767677,0.84,0.6292612819328006
0.7777777777777778,0.84,0.6425757804657325
0.787878787878788,0.84,0.6562518755595178
0.797979797979798,0.84,0.6702758821797563
0.8080808080808082,0.84,0.6846337487976111
0.8181818181818182,0.84,0.6993110709094752
0.8282828282828284,0.84,0.7142931050642569
0.8383838383838385,0.84,0.7295647833884691
0.8484848484848485,0.84,0.7451107285974045
0.8585858585858587,0.84,0.760915269478737
0.8686868686868687,0.84,0.7769624568329581
0.8787878787878789,0.84,0.7932360798531448
0.888888888888889,0.84,0.8097196829246599
0.8989898989898991,0.84,0.8263965828235582
0.9090909090909092,0.84,0.843249886290679
0.9191919191919192,0.84,0.8602625079567097
0.9292929292929294,0.84,0.8774171885918842
0.9393939393939394,0.84,0.8946965136524659
0.9494949494949496,0.84,0.9120829320947657
0.9595959595959597,0.84,0.9295587754261612
0.9696969696969697,0.84,0.9471062769614605
0.9797979797979799,0.84,0.9647075912519338
0.98989898989899,0.84,0.9823448136535176
1.0,0.84,0.9999999999999999
0.0,0.86,1.0
0.010101010101010102,0.86,0.982693217456152
0.020202020202020204,0.86,0.9654040176603631
0.030303030303030304,0.86,0.9481499642410044
0.04040404040404041,0.86,0.9309485826191402
0.05050505050505051,0.86,0.9138173409849012
0.06060606060606061,0.86,0.8967736313694743
0.07070707070707072,0.86,0.879834750843895
0.08080808080808081,0.86,0.863017882875246
0.09090909090909091,0.86,0.8463400788701487
0.10101010101010102,0.86,0.8298182399345839
0.11111111111111112,0.86,0.8134690988781055
0.12121212121212122,0.86,0.7973092024894242
0.13131313131313133,0.86,0.7813548941091383
0.14141414141414144,0.86,0.7656222965240993
0.15151515151515152,0.86,0.7501272952065141
0.16161616161616163,0.86,0.7348855219194307
0.17171717171717174,0.86,0.719912338708729
0.18181818181818182,0.86,0.7052228223001671
0.19191919191919193,0.86,0.6908317489184077
0.20202020202020204,0.86,0.6767535795433165
0.21212121212121213,0.86,0.6630024456171526
0.22222222222222224,0.86,0.6495921352146182
0.23232323232323235,0.86,0.6365360796860748
0.24242424242424243,0.86,0.6238473407826057
0.25252525252525254,0.86,0.6115385982700104
0.26262626262626265,0.86,0.5996221380372628
0.27272727272727276,0.86,0.588109840703474
0.2828282828282829,0.86,0.5770131707259789
0.29292929292929293,0.86,0.5663431660108125
0.30303030303030304,0.86,0.5561104280255866
0.31313131313131315,0.86,0.546325112413609
0.32323232323232326,0.86,0.536996920107022
0.33333333333333337,0.86,0.5281350889357846
0.3434343434343435,0.86,0.5197483857284759
0.3535353535353536,0.86,0.5118450989001713
0.36363636363636365,0.86,0.5044330315220389
0.37373737373737376,0.86,0.4975194948668179
0.38383838383838387,0.86,0.4911113024239746
0.393939393939394,0.86,0.48521476437809274
0.4040404040404041,0.86,0.4798356825439346
0.4141414141414142,0.86,0.47497934575159806
0.42424242424242425,0.86,0.47065052567530363
0.43434343434343436,0.86,0.4668534730995616
0.4444444444444445,0.86,0.4635919146167795
0.4545454545454546,0.86,0.4608690497507817
0.4646464646464647,0.86,0.45868754850120297
0.4747474747474748,0.86,0.45704954930429653
0.48484848484848486,0.86,0.4559566574063234
0.494949494949495,0.86,0.4554099436463984
0.5050505050505051,0.86,0.4554099436463984
0.5151515151515152,0.86,0.4559566574063234
0.5252525252525253,0.86,0.45704954930429653
0.5353535353535354,0.86,0.45868754850120297
0.5454545454545455,0.86,0.4608690497507817
0.5555555555555556,0.86,0.4635919146167796
0.5656565656565657,0.86,0.4668534730995617
0.5757575757575758,0.86,0.47065052567530363
0.5858585858585859,0.86,0.47497934575159806
0.595959595959596,0.86,0.4798356825439347
0.6060606060606061,0.86,0.48521476437809274
0.6161616161616162,0.86,0.4911113024239746
0.6262626262626263,0.86,0.4975194948668179
0.6363636363636365,0.86,0.5044330315220389
0.6464646464646465,0.86,0.5118450989001713
0.6565656565656566,0.86,0.5197483857284759
0.6666666666666667,0.86,0.5281350889357848
0.6767676767676768,0.86,0.5369969201070222
0.686868686868687,0.86,0.5463251124136093
0.696969696969697,0.86,0.5561104280255866
0.7070707070707072,0.86,0.5663431660108126
0.7171717171717172,0.86,0.5770131707259789
0.7272727272727273,0.86,0.588109840703474
0.7373737373737375,0.86,0.5996221380372629
0.7474747474747475,0.86,0.6115385982700106
0.7575757575757577,0.86,0.6238473407826057
0.7676767676767677,0.86,0.6365360796860748
0.7777777777777778,0.86,0.6495921352146181
0.787878787878788,0.86,0.6630024456171526
0.797979797979798,0.86,0.6767535795433166
0.8080808080808082,0.86,0.6908317489184079
0.8181818181818182,0.86,0.7052228223001671
0.8282828282828284,0.86,0.7199123387087291
0.8383838383838385,0.86,0.7348855219194307
0.8484848484848485,0.86,0.7501272952065141
0.8585858585858587,0.86,0.7656222965240994
0.8686868686868687,0.86,0.7813548941091383
0.8787878787878789,0.86,0.7973092024894244
0.888888888888889,0.86,0.8134690988781057
0.8989898989898991,0.86,0.829818239934584
0.9090909090909092,0.86,0.8463400788701487
0.9191919191919192,0.86,0.863017882875246
0.9292929292929294,0.86,0.8798347508438951
0.9393939393939394,0.86,0.8967736313694744
0.9494949494949496,0.86,0.9138173409849014
0.9595959595959597,0.86,0.93094858261914
0.9696969696969697,0.86,0.9481499642410042
0.9797979797979799,0.86,0.9654040176603632
0.98989898989899,0.86,0.982693217456152
1.0,0.86,0.9999999999999999
0.0,0.88,1.0
0.010101010101010102,0.88,0.9830342708527442
0.020202020202020204,0.88,0.9660857556035002
0.030303030303030304,0.88,0.9491716496323679
0.04040404040404041,0.88,0.9323091113130018
0.05050505050505051,0.88,0.9155152435827045
0.06060606060606061,0.88,0.8988070756001472
0.07070707070707072,0.88,0.8822015445193376
0.08080808080808081,0.88,0.8657154774079614
0.09090909090909091,0.88,0.8493655733376069
0.10101010101010102,0.88,0.8331683856726587
0.11111111111111112,0.88,0.8171403045838138
0.12121212121212122,0.88,0.8012975398112396
0.13131313131313133,0.88,0.785656103701373
0.14141414141414144,0.88,0.7702317945402485
0.15151515151515152,0.88,0.7550401802050601
0.16161616161616163,0.88,0.7400965821544112
0.17171717171717174,0.88,0.7254160597764
0.18181818181818182,0.88,0.7110133951123333
0.19191919191919193,0.88,0.6969030779724718
0.20202020202020204,0.88,0.6830992914587938
0.21212121212121213,0.88,0.6696158979083335
0.22222222222222224,0.88,0.6564664252692138
0.23232323232323235,0.88,0.643664053920065
0.24242424242424243,0.88,0.6312216039421086
0.25252525252525254,0.88,0.6191515228517975
0.26262626262626265,0.88,0.6074658738005593
0.27272727272727276,0.88,0.5961763242468778
0.2828282828282829,0.88,0.5852941351047114
0.29292929292929293,0.88,0.5748301503710518
0.30303030303030304,0.88,0.5647947872343142
0.31313131313131315,0.88,0.555198026664221
0.32323232323232326,0.88,0.5460494044828742
0.33333333333333337,0.88,0.5373580029158602
0.3434343434343435,0.88,0.5291324426214505
0.3535353535353536,0.88,0.5213808751952932
0.36363636363636365,0.88,0.5141109761474068
0.37373737373737376,0.88,0.507329938347822
0.38383838383838387,0.88,0.5010444659368345
0.393939393939394,0.88,0.49526076869555824
0.4040404040404041,0.88,0.48998455687230114
0.4141414141414142,0.88,0.48522103646019354
0.42424242424242425,0.88,0.48097490492152506
0.43434343434343436,0.88,0.47725034735434335
0.4444444444444445,0.88,0.4740510330970533
0.4545454545454546,0.88,0.4713801127670251
0.4646464646464647,0.88,0.46924021572954866
0.4747474747474748,0.88,0.4676334479938794
0.48484848484848486,0.88,0.46656139053356627
0.494949494949495,0.88,0.466025098028763
0.5050505050505051,0.88,0.466025098028763
0.5151515151515152,0.88,0.46656139053356627
0.5252525252525253,0.88,0.4676334479938794
0.5353535353535354,0.88,0.46924021572954866
0.5454545454545455,0.88,0.4713801127670251
0.5555555555555556,0.88,0.4740510330970533
0.5656565656565657,0.88,0.47725034735434335
0.5757575757575758,0.88,0.48097490492152506
0.5858585858585859,0.88,0.48522103646019343
0.595959595959596,0.88,0.48998455687230114
0.6060606060606061,0.88,0.49526076869555824
0.6161616161616162,0.88,0.5010444659368345
0.6262626262626263,0.88,0.507329938347822
0.6363636363636365,0.88,0.5141109761474069
0.6464646464646465,0.88,0.5213808751952932
0.6565656565656566,0.88,0.5291324426214506
0.6666666666666667,0.88,0.5373580029158602
0.6767676767676768,0.88,0.5460494044828743
0.686868686868687,0.88,0.5551980266642211
0.696969696969697,0.88,0.5647947872343142
0.7070707070707072,0.88,0.5748301503710518
0.7171717171717172,0.88,0.5852941351047116
0.7272727272727273,0.88,0.5961763242468778
0.7373737373737375,0.88,0.6074658738005594
0.7474747474747475,0.88,0.6191515228517976
0.7575757575757577,0.88,0.6312216039421086
0.7676767676767677,0.88,0.643664053920065
0.7777777777777778,0.88,0.6564664252692138
0.787878787878788,0.88,0.6696158979083335
0.797979797979798,0.88,0.6830992914587939
0.8080808080808082,0.88,0.6969030779724719
0.8181818181818182,0.88,0.7110133951123334
0.8282828282828284,0.88,0.7254160597764001
0.8383838383838385,0.88,0.7400965821544112
0.8484848484848485,0.88,0.7550401802050601
0.8585858585858587,0.88,0.7702317945402486
0.8686868686868687,0.88,0.7856561037013731
0.8787878787878789,0.88,0.8012975398112399
0.888888888888889,0.88,0.817140304583814
0.8989898989898991,0.88,0.8331683856726588
0.9090909090909092,0.88,0.8493655733376069
0.9191919191919192,0.88,0.8657154774079614
0.9292929292929294,0.88,0.8822015445193377
0.9393939393939394,0.88,0.8988070756001473
0.9494949494949496,0.88,0.9155152435827048
0.9595959595959597,0.88,0.9323091113130016
0.9696969696969697,0.88,0.9491716496323678
0.9797979797979799,0.88,0.9660857556035002
0.98989898989899,0.88,0.9830342708527442
1.0,0.88,0.9999999999999999
0.0,0.9,1.0
0.010101010101010102,0.9,0.9833682055085506
0.020202020202020204,0.9,0.9667532673735838
0.030303030303030304,0.9,0.9501720239865613
0.04040404040404041,0.9,0.9336412778359776
0.05050505050505051,0.9,0.9171777776234529
0.06060606060606061,0.9,0.9007982004606129
0.07070707070707072,0.9,0.8845191341731848
0.08080808080808081,0.9,0.8683570597383077
0.09090909090909091,0.9,0.85232833388053
0.10101010101010102,0.9,0.8364491718513494
0.11111111111111112,0.9,0.8207356304164288
0.12121212121212122,0.9,0.8052035910738272
0.13131313131313133,0.9,0.7898687435257039
0.14141414141414144,0.9,0.774746569425001
0.15151515151515152,0.9,0.7598523264175916
0.16161616161616163,0.9,0.7452010324993046
0.17171717171717174,0.9,0.7308074507061125
0.18181818181818182,0.9,0.7166860741545984
0.19191919191919193,0.9,0.70285111144862
0.20202020202020204,0.9,0.6893164724668679
0.21212121212121213,0.9,0.6760957545447692
0.22222222222222224,0.9,0.6632022290629506
0.23232323232323235,0.9,0.6506488284532306
0.24242424242424243,0.9,0.6384481336318816
0.25252525252525254,0.9,0.6266123618686914
0.26262626262626265,0.9,0.615153355099181
0.27272727272727276,0.9,0.6040825686861812
0.2828282828282829,0.9,0.5934110606358809
0.29292929292929293,0.9,0.5831494812724067
0.30303030303030304,0.9,0.5733080633740028
0.31313131313131315,0.9,0.5638966127729546
0.32323232323232326,0.9,0.5549244994205387
0.33333333333333337,0.9,0.5464006489174963
0.3434343434343435,0.9,0.5383335345098169
0.3535353535353536,0.9,0.5307311695489881
0.36363636363636365,0.9,0.5236011004153194
0.37373737373737376,0.9,0.5169503999024819
0.38383838383838387,0.9,0.5107856610610213
0.393939393939394,0.9,0.5051129914983007
0.4040404040404041,0.9,0.49993800813211575
0.4141414141414142,0.9,0.49526583239508204
0.42424242424242425,0.9,0.49110108588683
0.43434343434343436,0.9,0.48744788647106707
0.4444444444444445,0.9,0.4843098448146298
0.4545454545454546,0.9,0.48169006136581116
0.4646464646464647,0.9,0.47959112376944024
0.4747474747474748,0.9,0.47801510471645914
0.48484848484848486,0.9,0.4769635602260375
0.494949494949495,0.9,0.4764375283586113
0.5050505050505051,0.9,0.4764375283586113
0.5151515151515152,0.9,0.4769635602260375
0.5252525252525253,0.9,0.47801510471645914
0.5353535353535354,0.9,0.47959112376944024
0.5454545454545455,0.9,0.48169006136581116
0.5555555555555556,0.9,0.4843098448146299
0.5656565656565657,0.9,0.48744788647106707
0.5757575757575758,0.9,0.49110108588683
0.5858585858585859,0.9,0.49526583239508204
0.595959595959596,0.9,0.49993800813211586
0.6060606060606061,0.9,0.5051129914983007
0.6161616161616162,0.9,0.5107856610610213
0.6262626262626263,0.9,0.516950399902482
0.6363636363636365,0.9,0.5236011004153195
0.6464646464646465,0.9,0.5307311695489881
0.6565656565656566,0.9,0.538333534509817
0.6666666666666667,0.9,0.5464006489174964
0.6767676767676768,0.9,0.5549244994205387
0.686868686868687,0.9,0.5638966127729547
0.696969696969697,0.9,0.5733080633740028
0.7070707070707072,0.9,0.5831494812724068
0.7171717171717172,0.9,0.593411060635881
0.7272727272727273,0.9,0.6040825686861812
0.7373737373737375,0.9,0.615153355099181
0.7474747474747475,0.9,0.6266123618686915
0.7575757575757577,0.9,0.6384481336318816
0.7676767676767677,0.9,0.6506488284532306
0.7777777777777778,0.9,0.6632022290629505
0.787878787878788,0.9,0.6760957545447692
0.797979797979798,0.9,0.6893164724668679
0.8080808080808082,0.9,0.7028511114486201
0.8181818181818182,0.9,0.7166860741545984
0.8282828282828284,0.9,0.7308074507061126
0.8383838383838385,0.9,0.7452010324993046
0.8484848484848485,0.9,0.7598523264175915
0.8585858585858587,0.9,0.7747465694250011
0.8686868686868687,0.9,0.789868743525704
0.8787878787878789,0.9,0.8052035910738274
0.888888888888889,0.9,0.8207356304164289
0.8989898989898991,0.9,0.8364491718513495
0.9090909090909092,0.9,0.85232833388053
0.9191919191919192,0.9,0.8683570597383077
0.9292929292929294,0.9,0.8845191341731851
0.9393939393939394,0.9,0.9007982004606129
0.9494949494949496,0.9,0.9171777776234531
0.9595959595959597,0.9,0.9336412778359776
0.9696969696969697,0.9,0.9501720239865612
0.9797979797979799,0.9,0.9667532673735839
0.98989898989899,0.9,0.9833682055085506
1.0,0.9,0.9999999999999999
0.0,0.92,1.0
0.010101010101010102,0.92,0.9836952342373103
0.020202020202020204,0.92,0.9674069777098415
0.030303030303030304,0.92,0.9511517221987977
0.04040404040404041,0.92,0.9349459246024464
0.05050505050505051,0.92,0.9188059895572994
0.06060606060606061,0.92,0.9027482521342113
0.07070707070707072,0.92,0.8867889606339363
0.08080808080808081,0.92,0.8709442595063175
0.09090909090909091,0.92,0.8552301724168271
0.10101010101010102,0.92,0.839662585483646
0.11111111111111112,0.92,0.8242572307078497
0.12121212121212122,0.92,0.8090296696185838
0.13131313131313133,0.92,0.7939952771543503
0.14141414141414144,0.92,0.779169225800709
0.15151515151515152,0.92,0.7645664700038142
0.16161616161616163,0.92,0.7502017308782803
0.17171717171717174,0.92,0.7360894812268974
0.18181818181818182,0.92,0.7222439308887034
0.19191919191919193,0.92,0.7086790124308839
0.20202020202020204,0.92,0.6954083671989055
0.21212121212121213,0.92,0.6824453317382133
0.22222222222222224,0.92,0.6698029245997396
0.23232323232323235,0.92,0.6574938335403873
0.24242424242424243,0.92,0.6455304031285791
0.25252525252525254,0.92,0.6339246227638973
0.26262626262626265,0.92,0.6226881151188124
0.27272727272727276,0.92,0.6118321250094769
0.2828282828282829,0.92,0.6013675087015986
0.29292929292929293,0.92,0.591304723656467
0.30303030303030304,0.92,0.5816538187213254
0.31313131313131315,0.92,0.5724244247674425
0.32323232323232326,0.92,0.5636257457784624
0.33333333333333337,0.92,0.5552665503908865
0.3434343434343435,0.92,0.5473551638878902
0.3535353535353536,0.92,0.5398994606470795
0.36363636363636365,0.92,0.5329068570422718
0.37373737373737376,0.92,0.5263843047989242
0.38383838383838387,0.92,0.5203382848024473
0.393939393939394,0.92,0.5147748013583197
0.4040404040404041,0.92,0.5096993769026672
0.4141414141414142,0.92,0.5051170471617825
0.42424242424242425,0.92,0.5010323567589359
0.43434343434343436,0.92,0.4974493552667689
0.4444444444444445,0.92,0.4943715937035543
0.4545454545454546,0.92,0.49180212147165037
0.4646464646464647,0.92,0.48974348373658105
0.4747474747474748,0.92,0.48819771924530964
0.48484848484848486,0.92,0.48716635858244695
0.494949494949495,0.92,0.48665042286335825
0.5050505050505051,0.92,0.48665042286335825
0.5151515151515152,0.92,0.48716635858244695
0.5252525252525253,0.92,0.48819771924530964
0.5353535353535354,0.92,0.48974348373658105
0.5454545454545455,0.92,0.49180212147165037
0.5555555555555556,0.92,0.49437159370355443
0.5656565656565657,0.92,0.49744935526676903
0.5757575757575758,0.92,0.5010323567589359
0.5858585858585859,0.92,0.5051170471617825
0.595959595959596,0.92,0.5096993769026672
0.6060606060606061,0.92,0.5147748013583197
0.6161616161616162,0.92,0.5203382848024473
0.6262626262626263,0.92,0.5263843047989243
0.6363636363636365,0.92,0.5329068570422719
0.6464646464646465,0.92,0.5398994606470795
0.6565656565656566,0.92,0.5473551638878902
0.6666666666666667,0.92,0.5552665503908866
0.6767676767676768,0.92,0.5636257457784625
0.686868686868687,0.92,0.5724244247674426
0.696969696969697,0.92,0.5816538187213254
0.7070707070707072,0.92,0.591304723656467
0.7171717171717172,0.92,0.6013675087015986
0.7272727272727273,0.92,0.6118321250094769
0.7373737373737375,0.92,0.6226881151188124
0.7474747474747475,0.92,0.6339246227638975
0.7575757575757577,0.92,0.6455304031285791
0.7676767676767677,0.92,0.6574938335403873
0.7777777777777778,0.92,0.6698029245997394
0.787878787878788,0.92,0.6824453317382133
0.797979797979798,0.92,0.6954083671989055
0.8080808080808082,0.92,0.708679012430884
0.8181818181818182,0.92,0.7222439308887034
0.8282828282828284,0.92,0.7360894812268974
0.8383838383838385,0.92,0.7502017308782803
0.8484848484848485,0.92,0.7645664700038142
0.8585858585858587,0.92,0.7791692258007092
0.8686868686868687,0.92,0.7939952771543504
0.8787878787878789,0.92,0.809029669618584
0.888888888888889,0.92,0.82425723070785
0.8989898989898991,0.92,0.8396625854836461
0.9090909090909092,0.92,0.8552301724168271
0.9191919191919192,0.92,0.8709442595063175
0.9292929292929294,0.92,0.8867889606339365
0.9393939393939394,0.92,0.9027482521342114
0.9494949494949496,0.92,0.9188059895572998
0.9595959595959597,0.92,0.9349459246024464
0.9696969696969697,0.92,0.9511517221987976
0.9797979797979799,0.92,0.9674069777098415
0.98989898989899,0.92,0.9836952342373103
1.0,0.92,0.9999999999999999
0.0,0.9400000000000001,1.0
0.010101010101010102,0.9400000000000001,0.9840155537012967
0.020202020202020204,0.9400000000000001,0.9680472791745401
0.030303030303030304,0.9400000000000001,0.9521113312126548
0.04040404040404041,0.9400000000000001,0.9362238306739153
0.05050505050505051,0.9400000000000001,0.9204008475730263
0.06060606060606061,0.9400000000000001,0.9046583842420637
0.07070707070707072,0.9400000000000001,0.8890123585841908
0.08080808080808081,0.9400000000000001,0.8734785874427464
0.09090909090909091,0.9400000000000001,0.8580727701079115
0.10101010101010102,0.9400000000000001,0.8428104719826967
0.11111111111111112,0.9400000000000001,0.8277071084294644
0.12121212121212122,0.9400000000000001,0.8127779288176002
0.13131313131313133,0.9400000000000001,0.7980380007922931
0.14141414141414144,0.9400000000000001,0.7835021947836753
0.15151515151515152,0.9400000000000001,0.7691851687748076
0.16161616161616163,0.9400000000000001,0.755101353346189
0.17171717171717174,0.9400000000000001,0.7412649370136308
0.18181818181818182,0.9400000000000001,0.7276898518754458
0.19191919191919193,0.9400000000000001,0.7143897595840081
0.20202020202020204,0.9400000000000001,0.7013780376558085
0.21212121212121213,0.9400000000000001,0.6886677661331886
0.22222222222222224,0.9400000000000001,0.6762717146099919
0.23232323232323235,0.9400000000000001,0.6642023296324218
0.24242424242424243,0.9400000000000001,0.6524717224854453
0.25252525252525254,0.9400000000000001,0.6410916573741554
0.26262626262626265,0.9400000000000001,0.63007354000858
0.27272727272727276,0.9400000000000001,0.6194284065995375
0.2828282828282829,0.9400000000000001,0.6091669132722655
0.29292929292929293,0.9400000000000001,0.5992993259037193
0.30303030303030304,0.9400000000000001,0.5898355103886358
0.31313131313131315,0.9400000000000001,0.580784923338705
0.32323232323232326,0.9400000000000001,0.5721566032184775
0.33333333333333337,0.9400000000000001,0.5639591619209776
0.3434343434343435,0.9400000000000001,0.5562007767853745
0.3535353535353536,0.9400000000000001,0.5488891830585108
0.36363636363636365,0.9400000000000001,0.5420316668015803
0.37373737373737376,0.9400000000000001,0.5356350582427987
0.38383838383838387,0.9400000000000001,0.5297057255765224
0.393939393939394,0.9400000000000001,0.524249569208928
0.4040404040404041,0.9400000000000001,0.5192720164500922
0.4141414141414142,0.9400000000000001,0.514778016652081
0.42424242424242425,0.9400000000000001,0.51077203679248
0.43434343434343436,0.9400000000000001,0.5072580575026822
0.4444444444444445,0.9400000000000001,0.5042395695401642
0.4545454545454546,0.9400000000000001,0.501719570703953
0.4646464646464647,0.9400000000000001,0.4997005631924907
0.4747474747474748,0.9400000000000001,0.4981845514031521
0.48484848484848486,0.9400000000000001,0.4971730401727389
0.494949494949495,0.9400000000000001,0.49666703345837715
0.5050505050505051,0.9400000000000001,0.49666703345837715
0.5151515151515152,0.9400000000000001,0.4971730401727389
0.5252525252525253,0.9400000000000001,0.4981845514031521
0.5353535353535354,0.9400000000000001,0.4997005631924907
0.5454545454545455,0.9400000000000001,0.501719570703953
0.5555555555555556,0.9400000000000001,0.5042395695401642
0.5656565656565657,0.9400000000000001,0.5072580575026822
0.5757575757575758,0.9400000000000001,0.51077203679248
0.5858585858585859,0.9400000000000001,0.5147780166520809
0.595959595959596,0.9400000000000001,0.5192720164500924
0.6060606060606061,0.9400000000000001,0.524249569208928
0.6161616161616162,0.9400000000000001,0.5297057255765224
0.6262626262626263,0.9400000000000001,0.5356350582427988
0.6363636363636365,0.9400000000000001,0.5420316668015803
0.6464646464646465,0.9400000000000001,0.5488891830585108
0.6565656565656566,0.9400000000000001,0.5562007767853745
0.6666666666666667,0.9400000000000001,0.5639591619209777
0.6767676767676768,0.9400000000000001,0.5721566032184776
0.686868686868687,0.9400000000000001,0.5807849233387052
0.696969696969697,0.9400000000000001,0.5898355103886358
0.7070707070707072,0.9400000000000001,0.5992993259037194
0.7171717171717172,0.9400000000000001,0.6091669132722656
0.7272727272727273,0.9400000000000001,0.6194284065995375
0.7373737373737375,0.9400000000000001,0.6300735400085802
0.7474747474747475,0.9400000000000001,0.6410916573741554
0.7575757575757577,0.9400000000000001,0.6524717224854453
0.7676767676767677,0.9400000000000001,0.6642023296324218
0.7777777777777778,0.9400000000000001,0.6762717146099918
0.787878787878788,0.9400000000000001,0.6886677661331886
0.797979797979798,0.9400000000000001,0.7013780376558085
0.8080808080808082,0.9400000000000001,0.7143897595840083
0.8181818181818182,0.9400000000000001,0.7276898518754458
0.8282828282828284,0.9400000000000001,0.7412649370136308
0.8383838383838385,0.9400000000000001,0.755101353346189
0.8484848484848485,0.9400000000000001,0.7691851687748075
0.8585858585858587,0.9400000000000001,0.7835021947836756
0.8686868686868687,0.9400000000000001,0.7980380007922931
0.8787878787878789,0.9400000000000001,0.8127779288176005
0.888888888888889,0.9400000000000001,0.8277071084294645
0.8989898989898991,0.9400000000000001,0.8428104719826968
0.9090909090909092,0.9400000000000001,0.8580727701079115
0.9191919191919192,0.9400000000000001,0.8734785874427464
0.9292929292929294,0.9400000000000001,0.8890123585841909
0.9393939393939394,0.9400000000000001,0.9046583842420638
0.9494949494949496,0.9400000000000001,0.9204008475730265
0.9595959595959597,0.9400000000000001,0.9362238306739152
0.9696969696969697,0.9400000000000001,0.9521113312126547
0.9797979797979799,0.9400000000000001,0.9680472791745401
0.98989898989899,0.9400000000000001,0.9840155537012967
1.0,0.9400000000000001,0.9999999999999999
0.0,0.96,1.0
0.010101010101010102,0.96,0.9843293466790126
0.020202020202020204,0.96,0.9686745366682323
0.030303030303030304,0.96,0.9530513967427684
0.04040404040404041,0.96,0.9374757206294582
0.05050505050505051,0.96,0.9219632525374657
0.06060606060606061,0.96,0.906529670754369
0.07070707070707072,0.96,0.8911905713292411
0.08080808080808081,0.96,0.8759614518639559
0.09090909090909091,0.96,0.860857695433611
0.10101010101010102,0.96,0.8458945546565589
0.11111111111111112,0.96,0.8310871359340757
0.12121212121212122,0.96,0.8164503838791791
0.13131313131313133,0.96,0.8019990659535384
0.14141414141414144,0.96,0.7877477573307985
0.15151515151515152,0.96,0.7737108260039797
0.16161616161616163,0.96,0.7599024181539089
0.17171717171717174,0.96,0.7463364437949043
0.18181818181818182,0.96,0.7330265627131634
0.19191919191919193,0.96,0.7199861707125175
0.20202020202020204,0.96,0.7072283861814015
0.21212121212121213,0.96,0.6947660369940608
0.22222222222222224,0.96,0.6826116477581894
0.23232323232323235,0.96,0.6707774274203488
0.24242424242424243,0.96,0.6592752572396896
0.25252525252525254,0.96,0.6481166791396631
0.26262626262626265,0.96,0.6373128844466003
0.27272727272727276,0.96,0.6268747030232331
0.2828282828282829,0.96,0.6168125928044569
0.29292929292929293,0.96,0.6071366297418824
0.30303030303030304,0.96,0.5978564981630006
0.31313131313131315,0.96,0.588981481550098
0.32323232323232326,0.96,0.5805204537434046
0.33333333333333337,0.96,0.5724818705723439
0.3434343434343435,0.96,0.5648737619181823
0.3535353535353536,0.96,0.5577037242108442
0.36363636363636365,0.96,0.5509789133621762
0.37373737373737376,0.96,0.5447060381375023
0.38383838383838387,0.96,0.5388913539669207
0.393939393939394,0.96,0.5335406571974415
0.4040404040404041,0.96,0.528659279786768
0.4141414141414142,0.96,0.52425208443926
0.42424242424242425,0.96,0.5203234601844053
0.43434343434343436,0.96,0.5168773183979549
0.4444444444444445,0.96,0.5139170892657342
0.4545454545454546,0.96,0.5114457186900523
0.4646464646464647,0.96,0.5094656656385586
0.4747474747474748,0.96,0.507978899935364
0.48484848484848486,0.96,0.5069869004942313
0.494949494949495,0.96,0.5064906539936507
0.5050505050505051,0.96,0.5064906539936507
0.5151515151515152,0.96,0.5069869004942313
0.5252525252525253,0.96,0.507978899935364
0.5353535353535354,0.96,0.5094656656385586
0.5454545454545455,0.96,0.5114457186900523
0.5555555555555556,0.96,0.5139170892657343
0.5656565656565657,0.96,0.516877318397955
0.5757575757575758,0.96,0.5203234601844053
0.5858585858585859,0.96,0.52425208443926
0.595959595959596,0.96,0.5286592797867681
0.6060606060606061,0.96,0.5335406571974415
0.6161616161616162,0.96,0.5388913539669207
0.6262626262626263,0.96,0.5447060381375024
0.6363636363636365,0.96,0.5509789133621763
0.6464646464646465,0.96,0.5577037242108442
0.6565656565656566,0.96,0.5648737619181823
0.6666666666666667,0.96,0.572481870572344
0.6767676767676768,0.96,0.5805204537434047
0.686868686868687,0.96,0.5889814815500981
0.696969696969697,0.96,0.5978564981630006
0.7070707070707072,0.96,0.6071366297418825
0.7171717171717172,0.96,0.616812592804457
0.7272727272727273,0.96,0.6268747030232331
0.7373737373737375,0.96,0.6373128844466005
0.7474747474747475,0.96,0.6481166791396632
0.7575757575757577,0.96,0.6592752572396896
0.7676767676767677,0.96,0.6707774274203488
0.7777777777777778,0.96,0.6826116477581893
0.787878787878788,0.96,0.6947660369940608
0.797979797979798,0.96,0.7072283861814015
0.8080808080808082,0.96,0.7199861707125177
0.8181818181818182,0.96,0.7330265627131634
0.8282828282828284,0.96,0.7463364437949043
0.8383838383838385,0.96,0.7599024181539089
0.8484848484848485,0.96,0.7737108260039796
0.8585858585858587,0.96,0.7877477573307986
0.8686868686868687,0.96,0.8019990659535384
0.8787878787878789,0.96,0.8164503838791793
0.888888888888889,0.96,0.8310871359340759
0.8989898989898991,0.96,0.845894554656559
0.9090909090909092,0.96,0.860857695433611
0.9191919191919192,0.96,0.8759614518639558
0.9292929292929294,0.96,0.8911905713292412
0.9393939393939394,0.96,0.906529670754369
0.9494949494949496,0.96,0.9219632525374659
0.9595959595959597,0.96,0.9374757206294582
0.9696969696969697,0.96,0.9530513967427683
0.9797979797979799,0.96,0.9686745366682323
0.98989898989899,0.96,0.9843293466790126
1.0,0.96,0.9999999999999999
0.0,0.98,1.0
0.010101010101010102,0.98,0.9846367839707926
0.020202020202020204,0.98,0.9692890912240906
0.030303030303030304,0.98,0.9539724289243102
0.04040404040404041,0.98,0.9387022720203341
0.05050505050505051,0.98,0.9234940471892934
0.06060606060606061,0.98,0.9083631168420401
0.07070707070707072,0.98,0.8933247632105896
0.08080808080808081,0.98,0.8783941725375789
0.09090909090909091,0.98,0.8635864193874838
0.10101010101010102,0.98,0.8489164510989963
0.11111111111111112,0.98,0.834399072397555
0.12121212121212122,0.98,0.8200489301865721
0.13131313131313133,0.98,0.805880498535406
0.14141414141414144,0.98,0.7919080638815794
0.15151515151515152,0.98,0.7781457104641734
0.16161616161616163,0.98,0.7646073060047034
0.17171717171717174,0.98,0.7513064876511444
0.18181818181818182,0.98,0.7382566482000896
0.19191919191919193,0.98,0.725470922611341
0.20202020202020204,0.98,0.7129621748285071
0.21212121212121213,0.98,0.7007429849184599
0.22222222222222224,0.98,0.6888256365417628
0.23232323232323235,0.98,0.6772221047654425
0.24242424242424243,0.98,0.6659440442287322
0.25252525252525254,0.98,0.6550027776716764
0.26262626262626265,0.98,0.6444092848357614
0.27272727272727276,0.98,0.6341741917450134
0.2828282828282829,0.98,0.6243077603753076
0.29292929292929293,0.98,0.6148198787189507
0.30303030303030304,0.98,0.6057200512509415
0.31313131313131315,0.98,0.5970173898026818
0.32323232323232326,0.98,0.5887206048483046
0.33333333333333337,0.98,0.58083799720822
0.3434343434343435,0.98,0.5733774501739378
0.3535353535353536,0.98,0.5663464220577179
0.36363636363636365,0.98,0.5597519391701407
0.37373737373737376,0.98,0.5536005892282518
0.38383838383838387,0.98,0.5478985151965439
0.393939393939394,0.98,0.5426514095626815
0.4040404040404041,0.98,0.53786450904956
0.4141414141414142,0.98,0.5335425897649977
0.42424242424242425,0.98,0.5296899627901224
0.43434343434343436,0.98,0.5263104702072914
0.4444444444444445,0.98,0.5234074815682055
0.4545454545454546,0.98,0.5209838908027251
0.4646464646464647,0.98,0.5190421135687651
0.4747474747474748,0.98,0.5175840850435518
0.48484848484848486,0.98,0.516611258156439
0.494949494949495,0.98,0.5161246022634186
0.5050505050505051,0.98,0.5161246022634186
0.5151515151515152,0.98,0.516611258156439
0.5252525252525253,0.98,0.5175840850435518
0.5353535353535354,0.98,0.5190421135687651
0.5454545454545455,0.98,0.5209838908027251
0.5555555555555556,0.98,0.5234074815682055
0.5656565656565657,0.98,0.5263104702072914
0.5757575757575758,0.98,0.5296899627901224
0.5858585858585859,0.98,0.5335425897649977
0.595959595959596,0.98,0.53786450904956
0.6060606060606061,0.98,0.5426514095626815
0.6161616161616162,0.98,0.5478985151965439
0.6262626262626263,0.98,0.5536005892282518
0.6363636363636365,0.98,0.5597519391701407
0.6464646464646465,0.98,0.5663464220577179
0.6565656565656566,0.98,0.5733774501739379
0.6666666666666667,0.98,0.5808379972082202
0.6767676767676768,0.98,0.5887206048483047
0.686868686868687,0.98,0.597017389802682
0.696969696969697,0.98,0.6057200512509415
0.7070707070707072,0.98,0.6148198787189507
0.7171717171717172,0.98,0.6243077603753076
0.7272727272727273,0.98,0.6341741917450134
0.7373737373737375,0.98,0.6444092848357615
0.7474747474747475,0.98,0.6550027776716765
0.7575757575757577,0.98,0.6659440442287322
0.7676767676767677,0.98,0.6772221047654425
0.7777777777777778,0.98,0.6888256365417627
0.787878787878788,0.98,0.7007429849184599
0.797979797979798,0.98,0.7129621748285072
0.8080808080808082,0.98,0.7254709226113412
0.8181818181818182,0.98,0.7382566482000897
0.8282828282828284,0.98,0.7513064876511444
0.8383838383838385,0.98,0.7646073060047034
0.8484848484848485,0.98,0.7781457104641732
0.8585858585858587,0.98,0.7919080638815796
0.8686868686868687,0.98,0.8058804985354061
0.8787878787878789,0.98,0.8200489301865723
0.888888888888889,0.98,0.8343990723975551
0.8989898989898991,0.98,0.8489164510989964
0.9090909090909092,0.98,0.8635864193874838
0.9191919191919192,0.98,0.8783941725375788
0.9292929292929294,0.98,0.8933247632105897
0.9393939393939394,0.98,0.9083631168420401
0.9494949494949496,0.98,0.9234940471892936
0.9595959595959597,0.98,0.9387022720203341
0.9696969696969697,0.98,0.9539724289243101
0.9797979797979799,0.98,0.9692890912240906
0.98989898989899,0.98,0.9846367839707926
1.0,0.98,0.9999999999999999
0.0,1.0,1.0
0.010101010101010102,1.0,0.9849380260011299
0.020202020202020204,1.0,0.9698912631984316
0.030303030303030304,1.0,0.9548749070635749
0.04040404040404041,1.0,0.9399041216387549
0.05050505050505051,1.0,0.9249940238707243
0.06060606060606061,1.0,0.9101596680032016
0.07070707070707072,1.0,0.8954160300468663
0.08080808080808081,1.0,0.8807779923459462
0.09090909090909091,1.0,0.8662603282601385
0.10101010101010102,1.0,0.8518776869803054
0.11111111111111112,1.0,0.8376445784960285
0.12121212121212122,1.0,0.8235753587327129
0.13131313131313133,1.0,0.809684214875492
0.14141414141414144,1.0,0.7959851508967133
0.15151515151515152,1.0,0.782491973303272
0.16161616161616163,1.0,0.7692182771195191
0.17171717171717174,1.0,0.7561774321208998
0.18181818181818182,1.0,0.7433825693328868
0.19191919191919193,1.0,0.7308465678091498
0.20202020202020204,1.0,0.718582041702279
0.21212121212121213,1.0,0.7066013276397274
0.22222222222222224,1.0,0.6949164724169831
0.23232323232323235,1.0,0.6835392210193214
0.24242424242424243,1.0,0.6724810049828225
0.25252525252525254,1.0,0.6617529311046784
0.26262626262626265,1.0,0.6513657705121575
0.27272727272727276,1.0,0.6413299480989445
0.2828282828282829,1.0,0.631655532336939
0.29292929292929293,1.0,0.622352225470979
0.30303030303030304,1.0,0.61342935410334
0.31313131313131315,1.0,0.6048958601742964
0.32323232323232326,1.0,0.5967602923444517
0.33333333333333337,1.0,0.5890307977840246
0.3434343434343435,1.0,0.581715114373759
0.3535353535353536,1.0,0.5748205633216509
0.36363636363636365,1.0,0.5683540421992275
0.37373737373737376,1.0,0.5623220184006985
0.38383838383838387,1.0,0.5567305230278999
0.393939393939394,1.0,0.551585145203592
0.4040404040404041,1.0,0.546891026815344
0.4141414141414142,1.0,0.5426528576919274
0.42424242424242425,1.0,0.5388748712138751
0.43434343434343436,1.0,0.5355608403596088
0.4444444444444445,1.0,0.5327140741883212
0.4545454545454546,1.0,0.5303374147605999
0.4646464646464647,1.0,0.528433234497608
0.4747474747474748,1.0,0.5270034339794784
0.48484848484848486,1.0,0.5260494401834437
0.494949494949495,1.0,0.5255722051621015
0.5050505050505051,1.0,0.5255722051621015
0.5151515151515152,1.0,0.5260494401834437
0.5252525252525253,1.0,0.5270034339794784
0.5353535353535354,1.0,0.528433234497608
0.5454545454545455,1.0,0.5303374147605999
0.5555555555555556,1.0,0.5327140741883212
0.5656565656565657,1.0,0.5355608403596088
0.5757575757575758,1.0,0.5388748712138751
0.5858585858585859,1.0,0.5426528576919274
0.595959595959596,1.0,0.546891026815344
0.6060606060606061,1.0,0.551585145203592
0.6161616161616162,1.0,0.5567305230278999
0.6262626262626263,1.0,0.5623220184006986
0.6363636363636365,1.0,0.5683540421992275
0.6464646464646465,1.0,0.5748205633216509
0.6565656565656566,1.0,0.5817151143737591
0.6666666666666667,1.0,0.5890307977840247
0.6767676767676768,1.0,0.5967602923444518
0.686868686868687,1.0,0.6048958601742966
0.696969696969697,1.0,0.61342935410334
0.7070707070707072,1.0,0.622352225470979
0.7171717171717172,1.0,0.6316555323369393
0.7272727272727273,1.0,0.6413299480989445
0.7373737373737375,1.0,0.6513657705121576
0.7474747474747475,1.0,0.6617529311046784
0.7575757575757577,1.0,0.6724810049828225
0.7676767676767677,1.0,0.6835392210193214
0.7777777777777778,1.0,0.694916472416983
0.787878787878788,1.0,0.7066013276397274
0.797979797979798,1.0,0.718582041702279
0.8080808080808082,1.0,0.73084656780915
0.8181818181818182,1.0,0.7433825693328869
0.8282828282828284,1.0,0.7561774321208998
0.8383838383838385,1.0,0.7692182771195191
0.8484848484848485,1.0,0.782491973303272
0.8585858585858587,1.0,0.7959851508967135
0.8686868686868687,1.0,0.8096842148754921
0.8787878787878789,1.0,0.8235753587327131
0.888888888888889,1.0,0.8376445784960287
0.8989898989898991,1.0,0.8518776869803055
0.9090909090909092,1.0,0.8662603282601385
0.9191919191919192,1.0,0.8807779923459462
0.9292929292929294,1.0,0.8954160300468664
0.9393939393939394,1.0,0.9101596680032016
0.9494949494949496,1.0,0.9249940238707245
0.9595959595959597,1.0,0.9399041216387548
0.9696969696969697,1.0,0.9548749070635748
0.9797979797979799,1.0,0.9698912631984317
0.98989898989899,1.0,0.9849380260011299
1.0,1.0,0.9999999999999999
