-8.14235781165061,14.3609814044176,19
-5.79127076114078,5.60492500388838,11
21.4447709757743,3.86360172855802,17
-14.4489480304749,-10.3882902726979,3
-13.7126462931395,-10.0728151430858,20
31.5120478416853,-18.4814858788654,2
-4.80743174360581,-7.51084073008463,5
-11.5704451186826,-1.0735321412692,18
-14.4833431677578,2.78302186444304,19
0.565792556195046,-2.70811250960766,2
-4.82588720051096,-7.57113276573336,11
-18.4059813302795,16.8661520819248,11
-18.2170996228674,15.6681996328238,11
-8.68994264562725,-1.90117858369207,10
-1.36955198067238,7.95301292734734,10
-5.13753323654766,-6.23950766164066,20
-1.1325039472327,9.45727572213527,12
21.2254792465819,-13.1001251027813,14
-6.3348813037434,-2.58957602775542,20
-15.7565087462709,13.9466953915004,11
1.20154563477838,-13.0605545790793,11
25.0591833548561,-9.58226413485162,17
-9.89704610392853,11.9610492918742,9
22.4857222458671,19.7727702648284,16
-2.22393238500529,14.5940129299634,3
-6.88008878294952,10.7851138091588,9
-1.7282914325265,-0.0406911661935858,19
4.63234636568589,-1.92062349184462,11
14.5168519040387,-16.9122072873479,19
31.6654561958332,-18.303424623649,2
4.41482755424019,-18.6106704984493,16
27.6168359724081,-3.38253884324775,17
-2.53365004929969,-6.8850580373919,11
-15.6164758525314,-14.8204462269687,7
22.2409201565373,3.91164274554186,17
15.2087774980131,-19.4459835097711,17
-31.7535435381609,-15.2994177894774,19
-9.36826681881537,25.384763996815,5
5.04181105517244,6.14729246540035,12
28.5868510056974,-0.795157921306034,17
12.1549288930721,13.9945484069255,12
-0.525402172432406,15.9196500824196,10
11.7655752595094,14.8956628966258,14
4.3737404996983,8.58204872705106,11
-17.6046677840213,-16.1441092945351,19
0.677984264651138,6.15400043581546,12
-6.93961879064368,-15.3959934780289,4
-3.06507070437191,4.77052836527818,5
-8.74469431841357,-0.612463657278837,15
15.2150658238006,-19.4715181478659,17
8.92395083260436,15.2688261537707,2
-2.06849105386479,11.0111327451257,9
-4.90741730386277,4.1994091684688,11
-8.24208725441501,-1.52647839130962,10
27.6179684478238,-3.18984340022951,17
-25.6295332248712,4.19552834030618,13
27.293064978945,-3.61758464514919,15
-14.4636122146938,-9.96427062674263,9
3.02906926705534,-5.03127080005276,14
6.6808449499038,3.51536606694214,16
-14.3488572561018,7.58932930496015,20
-4.65137625447941,12.7090565347192,9
-11.7784170269158,3.44264720905442,18
23.6037946278853,0.508509781781711,17
-6.49219290148208,18.4214985714009,5
4.50929427102054,2.41341578060371,11
-13.8338350056733,12.6212911583597,15
6.15562178366387,-2.81668399865231,20
22.6880108419925,-10.6566700965314,7
-6.26349370105269,10.6470660572806,18
1.66042459860348,4.56183265200331,1
7.16724480737014,-7.37878626307653,1
13.1165769416831,12.1045278543911,7
15.9745718009735,18.9144854346517,16
13.7246525982651,-23.8351516326209,2
-14.9325314380687,5.56354792270159,18
4.76668129866854,6.06763460760499,8
-9.65866266487116,4.37618313191109,20
13.4364173394233,12.9976336732984,10
-9.29021266444504,11.3407555831716,9
-6.05161982746484,22.657803694932,14
12.6985614478162,-15.9496992696017,15
-9.84762038310325,8.95790752492658,13
-11.9017724891516,-2.37408009579505,18
-6.95599434298689,2.48763374109607,11
4.43678670155887,-18.6247821385542,1
6.52012265669979,9.24195572880827,11
-10.7647253181104,3.19942462426528,11
-15.2530655525808,-8.86016727951844,16
0.332560247032424,-12.8004765845885,1
-8.53499595391194,10.056719139664,9
-9.2507078554921,-2.96062640882245,18
-3.73967719397247,-8.98073148384289,10
27.5579900471037,-3.4503009405303,17
-31.7533912351116,-15.2992633225937,19
-1.21217051584278,16.0274857302803,6
-2.14118463508456,4.74233546596235,12
-10.303921663404,-3.93391350314856,18
5.70043746574461,11.1258831556167,11
-13.8258994108385,19.7271208384396,10
-6.03334032356557,-4.7966888644724,20
3.53225678752452,13.255971699753,7
-3.57384221598871,7.87512687248778,15
-31.8265630591,3.26630895086651,11
4.20581835882767,3.3129710036319,10
-5.47916933320731,2.77456806764476,11
-0.144005576752377,0.500789510785007,11
-1.0732224488273,-22.4396665769999,4
3.50338591953135,7.46104543132146,12
12.3725768467765,8.68436553789049,16
6.45146651546752,-9.81237512431958,5
28.7544379631038,-20.0322403072423,2
-6.0776931237975,5.66945685017212,11
-8.84637290156408,-1.4635044807783,18
-12.3048746349992,8.51066434218272,19
-13.0862784472492,0.442590363519589,18
-16.5854047161116,-15.8057905674942,19
-13.5104314484588,7.70823057895091,13
15.3725093059414,-16.6605539690762,1
2.36075513798428,5.40489026168239,20
-17.8564781848601,7.7912520680527,1
1.24155385771409,0.222109275044919,2
-3.25398753569473,-4.1318692365799,5
-5.9632205094396,3.77691415656951,4
-0.347252132789796,15.7148444737047,11
-8.17226066920722,14.3616841261414,14
5.96750962976821,-23.5329972790896,16
-2.15335895176789,-22.0393440608929,15
-2.12877531136225,-2.29124048148757,19
-8.90374707831887,20.7016512143064,4
-6.61486949836844,-8.45485122380181,19
-5.81373867795285,4.23443572470922,4
16.5345377166509,1.17526565133288,7
-19.0305767731062,9.1487410470089,13
-9.60994282861985,14.8864450889721,12
-13.1586569253295,12.4874456462023,13
-10.157961786558,-2.96124072458345,18
-17.0184895182139,-4.13483587835586,14
-3.01558285120122,-0.756622475549923,11
28.5017329581153,-1.88534497360398,8
-4.73579246967746,-7.57851549584758,5
-10.0394204822212,-22.4286947099806,11
-15.7444279810203,1.74040594032902,19
24.6565840584592,-3.30324232581003,8
-11.6763051467436,-4.16251344724206,18
-14.4061955100053,12.2131596613156,19
-17.8299835759562,14.431455840787,10
-15.8710292513666,-6.29809922267233,19
16.7773319390718,-12.941450312916,5
15.9545549661619,-6.65287977849188,7
-1.26678105894057,6.26014284481137,12
-17.9811044982421,-11.2866510553071,20
-6.93883688345571,11.6407842948756,9
-10.771602832146,9.68824486148103,9
-7.07067775526091,-4.46697167004746,19
-20.2408213694713,17.6219003038525,11
-0.0956244766202516,-28.8250006875699,16
19.8793885702905,-9.0380031213949,5
-22.1513812906669,6.23846020494888,15
-31.7533915182243,-15.2993056491533,19
-15.0159533470312,-21.075742226778,9
-0.0788646923842439,-11.4355257120355,3
-17.9231207809553,-16.2552172563221,12
17.0122816986896,-10.7956970354948,7
27.7276207688486,-3.19334788405228,3
9.92339984116115,-7.43857246046434,7
22.8357277599716,-10.7678443490113,14
-0.444909417807094,22.4845624295085,12
-1.16209993176117,-28.2774179046377,18
-14.8499864710294,-9.54484305213228,2
-0.40573025105704,2.36302372866486,11
-17.1721725034439,17.37685813039,4
-10.3490293736455,-5.76475789014888,11
-13.4265915565678,-1.08905287776765,18
-10.7411670485093,-2.04902572207512,18
-17.5840881903589,-11.3553982944187,20
19.7514239079418,7.96572837576574,14
-16.567717461036,15.8027513999225,11
14.7500063621551,0.848577972630993,17
1.94776341234227,-3.05527368896851,2
-3.12460361172608,6.70528877112574,11
-0.000363951638152667,9.44193156373073,12
-3.6941210733351,25.3561712765188,13
-23.255447958128,-7.0821835232762,10
30.2954517701838,-9.09574718581107,3
1.08397323577153,16.1098810261961,6
-0.212159662004828,8.35809687207474,12
24.6966759748063,1.27076675193517,17
-7.90849396717146,-0.233263401968391,11
-12.8894920637241,-10.4857259864938,11
19.0816636217251,-24.2963863976984,1
-5.01425334646323,3.16857620938382,4
3.67346200992541,-4.41517692095014,15
-0.492425700309731,5.65927095743227,12
-16.9840622799065,1.31992056375651,15
4.4547368439043,11.0677556588084,14
-9.03996997404614,-0.628509897959902,13
-15.9824809564414,-10.9337302530353,11
-24.0701848448221,4.27963463612159,13
27.8657683604854,-4.54068409727811,8
30.3919618593469,-8.7670996890808,3
-24.9879916346903,-2.61462594361634,14
16.866982605906,-7.99300479702977,14
-3.81730507834399,0.824161329438837,11
-16.9058244907066,22.115010224136,20
10.0292360875871,-10.8601791436888,14
-21.8180575497677,2.7520364374896,13
-19.5054141761071,7.51767639845683,20
-3.46571837085922,-0.454840148774834,20
-28.6136868639183,3.93473539744684,18
-15.2983576740325,-1.07055975879554,10
2.1417058423958,-13.1300956212074,2
-5.83433567977183,-8.7773146734411,19
-5.815329901333,11.5842286784455,9
-7.19052989622092,12.5291031203591,9
-12.3223555326997,8.11344282109203,11
23.2903930018137,0.63445303688936,17
-30.4399582133493,2.7139253809081,11
-1.42866179164273,1.96779606551996,11
27.8270871297166,1.84305217005114,8
-4.48625210533621,-1.40671852463882,7
-12.0153596205903,0.0865612258569637,18
18.175233805321,13.2112610677389,8
13.7279100929597,-0.529614824023597,16
-7.37214695483669,9.23878745219411,9
11.4138489696671,4.48720138125329,6
-6.66328761133554,3.94742140137209,4
12.6707334072401,7.50134881592087,8
-14.4499837265448,-8.77935876220971,19
5.0388797182518,-5.32707109371091,13
-22.1856536779838,7.49314146881847,18
18.3865633843145,-18.2470245468119,3
-23.8816378178601,-7.09887072068871,18
15.702085734613,-16.2754547573811,14
-18.8320965786121,10.2936969756352,19
-6.74632429945028,12.3306062836187,9
9.14006010266903,15.1626463046654,15
3.00937564185098,-11.9385989384304,2
26.5509746548506,-2.50672150229599,17
-12.6226317339275,-9.71148777783023,13
30.1413965089677,8.17591839263678,8
22.1274527537789,-3.6840040592024,17
14.0754386979465,-8.23699566474026,7
-18.7836647906149,2.96956322953466,13
11.7075686319101,7.73735701555094,20
15.3562015826903,-5.37670207522633,11
-9.78911090401344,8.94847918558542,18
27.802307884859,-4.734573542321,7
7.68862099501708,1.49287160242316,5
-2.38352689209929,-6.85012397783243,11
18.4161688169415,18.7243392281384,16
-3.74505772047834,-4.35721433103396,5
7.70372202686672,-27.7647351324176,16
1.12342213742591,-7.74579590594074,11
-21.4255091382915,5.86924707802912,11
-9.86057668990694,-26.3720385621193,7
23.8424520280042,-11.7315512367989,7
-1.14783266967106,11.9796657840549,18
2.14914578407792,-20.4194341375029,4
-6.4470961449249,3.15965556213044,11
15.1972869166032,-19.4218515800276,17
-15.0158966885422,-11.9749003939561,19
6.43403824122536,19.7375050775526,6
-10.3476143272589,12.8461592269062,9
-4.50661628956285,0.914363191490202,11
-21.431692703783,4.2495742435906,13
-8.89769139440488,3.35439261781108,11
13.9458111243539,-1.84891610073675,7
3.04597221632163,4.38142564289836,14
13.9123872027214,-23.0116145229232,3
1.53626229859398,-26.9595310564747,1
-3.31172019769775,-5.62148613083456,5
-3.3653744745492,19.4788705207435,6
27.5676931850954,-4.43306092582852,17
-7.51393434391396,12.8169408161799,9
-15.027946981692,-1.08236505705239,18
-17.3588440130703,-3.08894436949091,11
22.7593416767769,8.38935887288234,16
-6.81665709618207,0.901781899060522,11
-3.27099770959651,17.8782047214244,11
4.37592364240386,-3.65962895028218,7
-13.1995862072614,0.682967846541612,11
0.504374162096747,-4.36114195721714,5
-2.20771135524848,-22.0299282033949,1
-0.670019634419896,-0.41313293516649,11
27.9402184260258,-4.80033116716579,17
10.9704354355855,-16.6356558221013,10
26.5633326552751,-2.52481139281651,8
-28.7040741990857,-5.4759855380191,13
0.537478991018317,-12.8755561231777,11
-1.00661353515648,17.8105722631931,6
6.05909084982901,19.7445240370878,6
-0.348490637916509,18.8489453003089,6
-0.490203894233749,18.7844744376074,6
-0.24509915255783,19.7568629367369,6
0.0345308850729572,7.80169235907519,15
0.601920791542547,2.77234433047932,1
0.825581287250882,-2.72937093717861,2
12.8891830843128,-6.99214478352201,7
36.3960687281611,-37.8779220136552,9
0.890989878693659,9.65669056575078,11
-4.54337566993502,5.83645037427608,11
-9.20864816061876,-2.80410313872575,18
-13.7018786442627,-8.2225924306126,13
18.6332104758191,-23.9671749330186,3
-24.1896725425768,3.03809624039211,13
4.85239346195271,19.569439972316,6
-10.9023609018879,9.51615311688712,9
0.170202623006798,-11.5602208932072,3
19.5384646764368,-10.6435247006578,7
8.19240865627841,6.40722303567272,9
-13.7342705845472,3.28610625548793,19
23.9433358368771,-4.78188053665364,17
-2.9188516959564,28.0792142023006,11
-16.3909165777194,-6.68066274735778,11
24.0756187968479,-9.89743658988898,7
-18.9285064715577,10.3750698709579,13
0.520910175164665,-3.41252531119022,8
27.2095335313321,-5.61448209265571,17
27.3688186587677,-3.1162720504487,17
-1.96961932370465,13.062807132539,15
24.0606656593524,18.809440538536,17
9.78374510063628,-2.03017561742892,7
19.6381111836845,9.47760099605408,16
6.54718630709245,-4.43812347302755,15
-17.6816352053922,-5.4197552522556,19
-3.8136348620916,0.751721795805225,19
-5.85233743554032,9.77278197881297,11
1.50401800861843,-13.8634446211955,10
15.40777717399,-5.44185820411362,18
0.445772932510969,-3.68566626702066,10
-6.58539573164572,-20.8763312071687,11
-18.1885549057204,9.81891491326245,13
-31.7533601494583,-15.2992975500772,19
10.477666201439,-3.06973524736414,1
-8.09440945349943,-6.96537462545293,11
-2.53465769613642,4.57304007944629,4
9.16474507053775,-24.7700073165096,9
1.88092576945584,-5.66069080418013,15
-3.18280514549836,7.16301575081971,3
-3.64769785121733,10.981618662441,4
6.39319674372784,8.82586657792686,11
-2.00675771145754,-12.2323910007808,18
-28.9173269936467,6.97256988464777,13
-14.3735842545923,-8.03295220306698,13
-10.3487672640248,-4.97254402785491,11
-25.8339942260251,4.70306257958265,18
-23.8093647226209,-1.16804997261358,3
-3.86429330095533,-4.01768237200745,20
-14.9076109390341,15.9790399296315,9
-24.0007217542025,-6.72463868574633,20
11.3988034953372,7.28112130988306,7
-1.503981075429,5.48036343232512,12
-16.8270526059979,-14.0528594627855,19
-4.72063776243705,-2.39032277008947,20
-26.0846571906786,-0.0586998565925164,10
27.2846628504423,-3.52910692401557,17
-11.6504543193316,3.39246933087011,4
-7.72478856966894,-6.79182281648115,11
31.0499383834107,-19.144715780129,2
22.3279604100716,2.03187769109311,17
-25.1080906267903,15.110809290157,4
22.1325649312059,-12.9262400233342,7
-2.25970745064035,-6.55125652586821,5
-2.34598984281955,-2.86241402981876,19
26.633346142349,0.00719142273192869,12
-2.34591196931641,-5.17641300997701,5
-6.89548061299013,-4.14151062108766,15
-13.5741792202943,9.82895673626619,19
-12.2215453551267,4.12352388754916,19
-5.97103065422574,3.06465475903132,4
-0.69897052913528,-28.313730547766,2
-13.3134846957098,-6.56380027426933,13
-9.07079978929622,9.50234355426057,8
8.29054309874366,0.638771193386108,7
1.69730211208147,5.77907764155577,11
-9.45957059711341,11.5771484949512,9
7.76427001816983,-27.8129071360006,6
27.9723952083121,-4.6850100900911,17
12.7007503991672,-15.9695896246326,14
25.9415483164562,-8.63814980449536,17
-5.76967529093927,-21.4089883754455,1
27.2493639959542,-3.79262582404597,17
2.60049690535347,-2.04265661600264,8
3.60186800926503,-12.1010589167434,7
11.3407377218113,-12.9866650977394,2
8.28455297452354,8.25512294734173,10
-16.2450042434302,-8.74556981366844,19
2.94830154237146,2.15731687682835,8
-15.5395189354979,6.12916730418342,10
24.0989653622349,-1.14491801243095,12
-8.37159421997342,-19.0569689540967,1
-3.23039507445454,-4.14220150289001,5
6.71959566870783,-8.1404228871989,3
-31.7533915313724,-15.2993056492715,19
-7.61046421349757,-5.7927147916753,20
-6.50829388729201,3.25630821555332,4
-12.4881738371904,-2.05908602854388,11
12.4132356721071,2.45933036712962,15
-8.931605498918,4.47302149282082,11
-12.5110367206167,1.2647429216599,18
-18.4427725108272,0.32309509123839,11
-6.64033711778403,-8.1649562637559,19
1.81366982068845,12.77655026027,16
4.68935963866703,-7.28499769004879,1
-1.29989999365024,0.163369970728107,3
-6.58573257048159,-20.8767295149747,11
20.7986976798239,-9.94338927431099,7
-1.89028736241122,-11.9145318601537,1
25.4424726490409,-10.1029016859309,17
-14.4521628409487,-9.90691486056748,7
-9.85685549581461,4.37262720902672,18
-7.0847534659437,6.5207794611126,15
22.1985130607806,-13.2803885065301,17
-15.1169396302897,-15.1171942968762,4
22.0774837593198,-10.8483592335464,14
-2.1139585787755,2.07312824064215,11
27.2243033057398,-3.48075159909234,17
-10.9219677424381,-0.0918106849977942,11
-0.796718682305412,-11.7950936384035,3
-13.6566786710722,-3.78191699686068,3
-0.0100960804964638,1.33057305477786,11
27.2708856635562,-3.48962001301796,12
-17.8502469140197,-5.40852579219861,11
-4.43632500224043,9.45261463842915,15
1.49919319164815,5.92446234630718,19
-13.6854779299293,11.9264633131193,19
-20.4564731983104,-3.93773322609061,4
-1.82136774020457,-8.41208271647527,3
-6.12306364595201,3.76303774677549,4
-9.06652506665256,-22.5942525527579,4
-3.92446915907091,1.11316926414181,11
-12.9113793565029,9.46760215056938,19
-18.3577219385311,14.1055057010829,3
6.65765699971847,18.3930094222411,19
-11.3508188954956,12.8128745992261,9
-18.0371096839727,-25.1121958828592,15
27.0819969481058,-4.7614150476611,17
-1.3270775756183,0.521918926453818,16
18.3164392853635,-7.63032491854915,7
27.6657949502568,8.21034596709919,17
-25.1080906265994,15.1108092901851,4
30.3114518743049,8.10878359146511,8
-7.79161492192254,-19.2547583127354,11
4.55631715768964,-12.4447510715974,2
24.8899203822383,3.57604133406575,12
8.28082169089408,4.27730545276734,11
-10.7115394741018,8.10399112366693,13
-4.67067407995342,-3.31694161774104,20
-9.96635372019895,9.17261027548459,13
2.64541860174463,-10.6150168038717,3
-14.794899779553,7.29348587758067,14
27.4685102818136,-3.56150284582599,1
-4.81459394287411,2.03231784116062,10
5.19295698295685,-19.0638378826114,17
22.2715788027958,-6.84947043090609,8
-0.345993345532916,6.84243929233365,18
5.58983762957005,5.90831504082598,11
-12.0617343192431,-10.2630406658921,19
-20.0567722634608,-17.0400517671171,19
-2.9228657370048,28.0641042067477,19
15.5303775050265,-5.35973425379312,13
12.0956630310282,10.6237580469749,15
-10.6378763606936,-10.0203218355329,20
20.9079230193752,-1.34447722733502,17
27.7881652836493,-4.22828960616569,17
-1.86211524353291,2.21938461718101,9
-12.7332017447876,-10.9407901244372,10
27.9083766956252,-1.00481856640904,12
-4.11804570697311,-6.20341432948353,19
25.6786552733052,-4.40248328200742,7
6.70082416059694,-8.1767026510429,9
-31.7534287946007,-15.2992892736773,19
-6.58470237323343,-20.8889058879283,3
-17.573778841581,10.4845286978187,15
-17.3409482253969,6.05960804640774,20
-13.0207574784085,1.246986758323,4
-10.6648155821528,1.78426120912829,11
-6.1297488108728,-4.64899360937086,18
8.83735578777556,4.88840719626213,10
-13.6212380857616,8.84170452858615,10
1.92652020476868,-2.96330567611258,14
-8.53693062692505,-15.6045222998481,5
-8.62007490300925,0.631571768464565,9
-11.7502088129326,-1.04283541179027,18
-12.9337360544191,-10.4771090313219,11
26.8305626095974,2.51818893600174,8
-7.02723314454448,-7.07465545879972,15
20.9851150802205,-1.38989693280267,15
22.5291981847945,4.16747271907573,17
3.2300865034286,-22.0560994188931,19
-3.76188347402641,-0.649965496806731,2
-13.8576007695769,-2.84484821429414,3
-6.5812490554014,9.09241201409422,5
28.8699687753946,11.4456600477392,8
0.664101762000053,12.6152647188023,12
-0.581898267424695,6.05723117818503,12
-1.55702770649863,10.2891902859889,11
1.97988869522159,8.06969609759338,10
0.0732111305196763,-28.9805021698436,16
-17.9771107387036,-14.0604470333426,19
-23.0698660999337,3.3530336320375,13
-0.350235951038043,5.68858087349908,10
27.9432608165901,-2.85167992848261,12
-0.42132120533861,-1.45382180637642,9
-10.8223041148965,1.95161638081664,4
12.3998187958606,10.4969628747267,2
-4.95147092544218,-1.50620319153021,11
-14.3725246783077,-7.60016071161103,18
-9.89825126758263,6.75220997236712,13
-12.831887301921,7.13406503033245,9
18.5351701141097,3.72290598004568,12
-12.945236421854,6.04532095236472,18
-6.95863721269694,6.08524503437051,3
5.54176254858794,18.3662091096664,13
-18.4809043405678,1.3751100826295,15
22.5617201692718,-3.50188180350879,8
12.941498553013,6.95249848523855,8
-2.6233047159783,-0.10615860670862,11
30.4391349321194,-8.73234103816572,8
-13.1466926923129,-3.32497163422086,13
-4.28329500357452,26.4430322459868,6
4.51741280921225,-18.619008178622,3
7.63735610124295,8.25627206154458,17
-3.67117410259342,7.48614836582257,9
-9.56281441561117,8.67073275750669,4
-12.5301916138359,7.85356168676004,20
-16.0129672383665,-0.635277597094509,13
5.01696793810632,-18.8402857065708,17
11.8176967909666,-12.7275859044928,2
7.50351515171976,4.88050531068962,11
-2.389433163219,2.37087932554177,16
-1.67723327479052,3.88527756415217,12
12.8387998472062,-2.71867744276177,8
-7.29557764020413,2.06102508683976,10
9.20619261143689,-1.81932989086273,8
2.96245613463223,6.31305936809649,16
27.8318635013387,-4.52101678893846,17
26.8726633732388,-1.69078655098151,17
13.7098327199407,-0.531476850272087,16
0.0916348236835114,-5.36991238900525,10
-18.9416929316094,-1.45460063279428,15
2.46053187763839,-23.6392467771148,2
-31.7533915313724,-15.2993056492715,19
31.196760920887,-19.2063382119857,2
18.0862462239195,-23.5124289120883,14
7.74714976095216,7.02288359491351,14
-6.7725003478611,4.91293617410104,10
2.99124742691731,-10.3115866859524,9
-17.1319366910643,18.3919532738763,11
13.0070943532148,16.0673000090195,16
19.161437573349,-18.1803856242925,2
-11.2112180595169,21.2538608429206,4
3.91055891768738,-24.0400362619314,3
2.91025251594861,3.15803649227163,14
-12.7012056508951,4.48025880099717,18
0.365601959606397,16.2866533217558,11
9.18446778899505,-22.8152555993894,1
9.33184787691527,-16.3721896334436,2
26.8233389342882,-4.63428859345076,17
27.2772875723039,-3.8781895442892,17
-11.3641074454059,-9.47313311897003,19
-4.58794158303115,-5.30836633885361,20
-3.03745876345867,-9.47404768409973,19
-2.93769687159088,28.0629246479197,19
17.0010613479826,-11.8910923199124,7
6.40503948433822,-4.09728334384584,11
-13.5688876156236,-0.556302873673987,18
-4.67331098837446,0.0816987265765954,3
-3.11008833394221,-0.436109613483479,18
-6.0236712269572,21.6615220156492,2
-22.4199099604623,10.2722484814682,5
-4.78522953999307,7.68825212970077,20
-2.28757034645206,4.31482547159325,2
-11.701805698867,9.67960027968116,2
-5.6388414134926,0.498458214182804,11
-16.2799118611105,-9.97227418726826,19
-3.94306086457361,1.5161248450764,2
-0.0010718489028185,-28.9407852443028,6
-13.4204199972095,-3.67481773985078,18
16.4484218382363,19.7724101851176,12
16.9428381679653,-11.874260327349,17
-7.12715075141666,-2.30256154965923,13
0.911648696306851,3.89140183181195,1
27.1664122765923,-4.77910426288665,7
-1.36251023218712,-3.44522657858261,5
-9.6420683472207,5.5673557455862,11
5.37712706159938,-1.8959426159741,14
-16.026293285324,5.85672686236436,16
18.6138508890763,-23.9082120739745,1
22.2043371851657,-3.63608798997387,17
15.5615602959017,-6.90258184889288,7
29.0088910252696,6.09202574779564,17
8.31734962078563,3.91198127029512,2
48.3069365669789,-9.45895699681139,4
-13.0184165086638,14.6025868317167,10
1.8666438795111,14.7973534055888,1
-16.830703062074,16.5328339046722,13
4.67320843248136,12.5577348760987,11
-11.1827545042489,6.23450257953384,11
28.0967434089526,-4.77992276253051,12
28.5599491628386,-0.99098729743474,12
26.4815604970912,-4.25749505717445,17
-2.88529410380369,2.52644392600339,10
4.83334859604747,-2.09000710542778,1
-22.9429123932829,4.24684920743874,13
13.4371595247961,1.25148044171359,8
15.2446358416122,-4.90672518757516,17
13.6620860600286,-0.586417374970495,16
-8.64683310503753,-10.5559145003729,10
-18.0444566130561,-25.1195358285581,6
-5.5923306319545,-1.43069581964808,16
-2.86328765374778,12.2404441871778,4
23.4436090081772,0.49438698335828,17
5.23031668079892,-5.35818000735464,11
7.3384669275537,-2.38086701220577,3
16.1328161744032,3.03003186492604,11
-16.5713750385732,-9.41823540718359,19
10.5667700951812,21.3674432050283,14
21.5972265083944,-2.14459401637574,17
26.6681560543957,-1.39609798400727,12
-5.53805200101036,0.0239077370754664,6
-7.86831721477126,-17.9770629722796,2
-31.7534092084913,-15.2993070301109,19
30.8411501962756,-21.2894569438519,2
-10.4111578391165,-13.649144511744,19
-2.92278605275022,28.0887773616234,19
-3.22612567449813,0.906617589609509,11
26.7827549887971,-4.810597818367,17
8.46954301488969,-1.45185672850387,5
10.3617260714374,-7.76812121231416,7
5.61028605587035,2.31580511210662,1
-17.2487525600791,17.8309357463359,11
-2.23704120638322,2.84355937305841,19
9.71980111759248,10.1455791413365,7
-17.0160637092869,17.9543780597242,10
21.0588460345461,-12.9432240223743,14
14.7011424631489,-12.8337719194994,7
0.628314215073716,22.8282763183293,9
-13.1147597142059,-2.26601913575459,18
26.83390239539,5.83708666108073,17
18.0533709011275,-24.6174044315928,1
-23.4048630184232,-19.3107597985166,17
-11.2912404971783,-11.3879277088483,11
-7.70009674096562,16.4130230733266,14
-3.44640226279108,0.105242148669202,11
-18.2970205731243,14.1610398571439,18
-12.8787972505253,-10.4523743795401,19
-16.0638971375729,-19.1668260352771,14
-25.548735724386,3.32635398015548,13
20.0933049958982,-45.1061454934096,20
-17.6536473759778,8.49704931928619,11
-7.07398845785395,3.27824565787728,4
-13.4654362845247,12.3328167857425,13
-2.46242187367304,-5.8648440085422,5
-2.93384236980744,-5.56413507456582,5
-6.56737549678314,-20.8326033002935,9
11.3666242294481,12.4223391141491,17
0.7041635548685,-4.09356331152122,10
13.6947701886587,-0.67127965645564,16
18.2056858555727,21.3427164401917,11
-15.3941149434534,8.46618265779806,12
28.2462182275733,-1.05399272088407,14
-10.4368003509655,-14.2356514078626,5
-6.0950893849481,7.22583018351107,2
-8.69666571309264,15.4535482713481,6
0.2606810341224,-4.10366276137599,9
-22.3258818907204,-12.0210422605933,5
-18.0730349069851,-18.9132779706346,10
-11.5732561681091,1.3900850391412,18
12.4131381778704,2.46188842942484,3
6.89496284656894,-8.14398675384013,7
-6.87774002444442,12.1921281922667,9
-7.93602324162419,14.4865655439764,4
-2.29477711891436,1.90352552754041,1
-5.61980653874019,14.3105108428118,5
-11.461546546698,-3.34697977229192,18
-7.47556741905902,11.7885648548922,9
5.57878219113499,3.3364880312649,9
-18.086880310904,-7.7337057361027,15
-0.138305346650062,4.1539313073068,3
4.51881249591664,3.72274679812149,2
-0.386408699390568,-0.0313427975184931,16
4.59115061410311,23.5338769645804,15
-7.10607754559039,14.0056950865976,9
12.5412007630181,-12.4748317237222,10
-10.609138870182,10.8378842457484,19
26.3291475691703,-2.59540247657968,8
13.6955136319297,-0.580059195110631,3
27.6377222680456,-3.48160188032348,12
-12.2647877986398,-8.45218530254938,19
21.4095845059645,12.4799866461607,20
-3.10716121628809,12.633750816368,12
1.61220018196305,-1.3358841845378,11
-1.22803371117925,-0.039456141208024,2
2.69015507744539,-6.32599102260738,3
12.7296623721145,7.58257964441327,8
4.53806923128997,-1.93290118908245,1
3.43713143468737,-13.6341986531475,10
26.9917742984442,6.00845780939999,17
27.3512175633877,1.57980247997613,12
-0.893362965148015,-5.83462588022153,5
27.8753137059874,-4.50605235130563,8
-14.1593701856141,0.304630780516569,18
-29.0968382778486,-5.0098866279748,11
2.43135845102907,-8.13119539136651,10
27.005526630972,-4.96830206230565,3
1.9983034770967,-14.0354350175288,10
-4.40887961927631,-3.39102949596924,20
-2.92293050773643,14.2988609067825,5
14.7432160506339,-12.8007825177485,3
-3.38930470250634,-12.8763661592019,3
17.0670871473432,10.6057213438754,8
-29.8737185594211,-6.55686839371787,11
27.9561464739046,-3.37946805119257,17
21.3037063759857,5.97430570472615,16
7.70421562853162,1.91540890126865,17
4.34408304629619,0.87644910025902,8
12.1893660527179,11.6300497281881,19
2.6048459437534,8.40950114097685,12
13.0730307558744,5.22922896994839,8
17.2436457486887,0.0119835105758423,17
-11.2037004363909,-1.0605541160751,15
28.95396540865,8.24792702372898,17
8.66253967454924,-3.22855795155423,3
-26.7206167783533,0.757721099750248,19
-8.38703663653042,-7.23726110341148,18
7.31321719145638,-2.5458970701644,11
0.418129995500541,-4.12369585959863,9
-28.8580105607185,-4.94168662987117,11
2.17740240141466,-13.6011544473753,10
-24.2561945402561,-16.5973821751084,19
22.0466002651884,-3.77772320213729,8
1.58758950270682,18.4242277327276,6
1.58784242769389,18.4242903110469,6
15.7088006583483,-16.0927982162555,7
2.55122572512598,0.340226742213527,11
36.3951424188927,-37.8757582009593,9
2.85301225167733,-22.9471348805604,6
-26.124337192645,4.5795338701203,13
-12.1093078327785,-6.82699289665252,13
-2.70766878674246,-11.7446971002515,3
27.5072543674082,-3.66889012935895,8
-2.44892780382201,4.71608496223143,11
-5.90257556553157,-20.108356014981,5
-4.8417561567421,5.23106991033134,11
2.65059618280743,-2.13340955841721,19
-30.0657314424313,-5.58808139090492,18
-18.4612214517644,11.1894315234936,20
-2.82291417956886,3.19838590953421,18
5.13648682019722,4.29637704358317,8
-15.4696100431508,-3.86835423181488,19
-2.43413025612451,-2.173666046979,19
16.3767338483378,-0.725764841874361,8
19.3591471685973,-17.8330052295086,2
0.152038469849579,29.8590699283913,11
17.7852971418091,4.85123368484217,16
18.7499793523929,3.92140855899245,17
22.5885213095398,-0.0434789747562054,17
-6.40964902328919,0.235037313103417,11
28.054863710436,4.88298121591772,17
3.55600614196941,3.91331026353901,2
-13.1736956823117,-8.294240690325,19
23.9070343483815,-4.76985591579638,17
-10.916743346509,4.2219485108954,3
-12.5713380839451,-1.266588092689,18
31.4980498001477,-18.5100550936141,17
15.7250198667146,-15.5609091239658,7
-2.10689091243402,-11.7996382350084,11
-2.70014468887329,-11.8304592080889,3
-22.0662433264219,14.841059531796,6
11.5429410305369,2.02307502269627,3
-31.7534092084913,-15.2993070301109,19
16.0112553952875,6.71702218873282,20
9.35481754609456,-16.3629227652191,8
0.643353796253136,-18.6703942056848,11
-9.98661336972401,-14.8625561200797,15
3.66041297721996,-14.6537434047552,10
-11.9023163642798,-2.28956871861927,18
15.5570973994487,-15.867377530226,14
-1.64539351129769,1.39834257184709,13
-16.5504749270738,-12.3183726636351,9
11.6195076795423,-4.39914677020351,7
-16.4912193544137,24.1046953076838,6
0.90822953912007,26.3278108267333,11
18.4668504031197,-1.8982050400932,14
14.7523115978212,-6.37114022522651,7
30.8062268095098,-20.6902186917048,2
0.675368741029307,4.21961430699642,1
6.42069860597518,8.28810228692084,17
-5.73831549578435,2.62470993378377,4
-2.88407411886299,-5.17518455028853,5
-9.83682176051883,-26.4520706663607,3
-15.6602346821029,-11.6722687557768,13
8.85140888524975,-6.52082829469343,7
-12.8653882945386,-6.89931994492149,20
-9.47709401399076,-14.9467027651688,15
5.09217154205381,-23.5701992810696,16
-6.42389913774161,-5.62322440447073,18
4.28747838490146,7.28559527385693,12
-0.551276694794119,-5.38108827926583,5
-20.0793991096541,-3.9264404086142,13
-16.7489289046381,0.489246739341343,19
14.2124887143288,7.67962071743942,8
-5.2564993289867,8.58983733415329,11
26.5608145828125,-2.36604057721679,17
-25.477937532857,6.06799414242174,11
27.746656418201,-3.54077857845211,17
-13.2675110799734,-1.99828351321056,18
1.37269887049601,-2.06589426353951,2
29.9111401831334,10.4044339901668,8
7.01852952660381,-7.34611444997052,2
2.99823739832363,-11.9131762074346,1
8.08687588136605,-9.60482602205855,16
-10.6287706994411,15.6385602514435,9
16.4419503892376,19.7523305015807,16
-19.9069934625475,-11.8216323010843,5
0.546019512642294,3.49602192750965,1
-24.9258598178853,-8.14487663202774,6
-24.755613845965,-1.28814491002321,20
10.4273405083217,-1.50336783738937,9
-16.2213183925002,-12.4925629941844,13
-1.02188210858486,7.21900362317528,14
-14.6756605739965,20.4637763914588,11
27.2122843905108,-4.59116885545578,17
-6.81763391951173,-7.74565782382567,11
-6.49189626763335,-6.9745156875701,18
0.910060411346493,26.3367547269671,2
-7.55902919389608,11.8501252230503,9
0.333766417298307,9.3690457657044,12
-21.8167844186963,9.41460101257291,20
-5.88922604889357,1.93968783369709,10
6.655741880485,-14.3290416100863,10
-5.75389915709559,9.63146531729693,14
-9.48040492280743,9.27584422903927,4
7.2375137534016,2.26930869550609,1
29.8970772087285,10.9997222206359,8
-1.25974583426321,-27.6842240092983,11
-7.10754721997963,12.3509025913044,9
8.64319929925985,-1.31773374064732,20
26.6622404769538,-1.29171366668882,12
24.5675897848528,-0.438658235665468,17
23.2571267781343,-6.25690911812069,14
14.6843512466599,0.894573823257435,5
21.4124438053963,12.4992800099417,12
15.8026651458142,-15.445349449996,2
12.631193032012,22.3646960032506,17
12.857522713941,-2.72649710227775,3
-24.5137458901604,12.704546313321,1
3.65696281656254,-0.000982425935725253,3
17.876276965263,5.61835830529897,12
5.5901499234625,-9.2636237205514,14
-4.49384177474226,13.5560843174521,10
15.8441760004852,-3.023889896316,7
-31.7535601117767,-15.2995128897363,19
-3.50382368754627,-19.572217238125,16
-8.33429111548923,-5.32398656938237,18
-8.72221603624791,-8.26143782019116,3
-11.7994140859424,-13.4945550332818,5
-22.2738782383879,3.46922250425821,13
4.33404026779589,-1.73439810249087,1
-8.50672518696776,-11.3162000867791,20
21.183299738054,-0.0164220197820849,17
-7.89819222705422,-18.4980222000896,11
21.4052895812883,12.4940129747099,12
26.6952848766592,-4.45511021782019,17
-0.201355683138429,-29.329388748034,5
10.8849269470026,-13.6962481268885,3
-11.2183209388192,2.45487633751458,18
3.85279867118059,-1.00260356517889,4
-8.38213199984194,11.5073225570195,9
23.452558385664,0.490844177041423,18
-7.49864297307552,-6.10059304882597,11
-21.3258646312877,-0.323888390582184,11
0.146175678858267,-15.6417128883336,1
-5.79840952894638,-15.3832740262866,18
25.3936038932421,13.7516709712455,8
-8.76002267275184,18.418234392008,4
-6.03145755264283,-5.70887134146264,10
-3.76453694584097,1.17357094547974,4
-16.9126950361517,0.180373125705078,18
-9.46534179439036,-14.8905219697348,16
-10.1507674791382,6.68401666415023,15
25.7994064786877,-0.181351012289698,12
-19.436140525743,9.25544936112319,19
-5.2838996147416,-1.96549688982356,9
-2.66449415321822,16.7310243311423,11
-11.5390182809516,16.8454727499983,4
-4.20451511282882,-3.25731029428733,14
21.4087140901645,12.397896054356,12
-3.52423403951204,-13.6373588978153,3
-9.77252895464358,10.3386765881975,20
0.922614423974072,26.3316451215753,11
26.4317307995076,-2.41158484033137,8
-8.59366619766766,-6.72617462887517,13
-0.141946493583774,-11.3047336352932,3
-0.134345615773945,-28.9134870822537,2
30.2126611287205,9.87746146248844,17
5.80527159997632,13.2726677796523,11
-11.2946169196003,-2.64425686813669,18
0.825508123024844,12.5379009094436,19
-18.0135132913265,13.3888508657457,11
-6.18332237450567,10.9324937283238,11
21.2976876364398,12.1043063763662,18
-1.784375638604,-22.386928243065,17
0.352798441549938,-29.1268339762413,6
4.03267202997498,-4.57016569772565,19
18.704655951257,18.1723236086355,16
-9.71923388866872,10.3402943823836,15
7.29848968653532,15.7127504749131,19
-8.59981809730038,3.0828580657039,19
3.81304455267966,-9.58164379261364,2
5.2211589828462,-19.2169452458303,13
26.7173624861769,-4.83192854580226,7
10.4390700104794,-6.04624826203976,7
-10.7220806577263,1.19157015046846,18
21.4114892663797,12.517419586295,19
19.4188607884695,3.57567709815427,18
-5.53743416543993,16.8609075250684,5
-10.8057833161809,13.740630549273,1
10.6866500869867,-0.797972580356939,20
17.2409268667474,-4.8583409383218,3
26.5380198474289,-2.03916167407573,12
11.6502351456887,1.90312054581617,7
24.025262456669,1.40028459274842,8
22.4103262479306,0.0904495293408581,17
-0.0617872653276341,-29.0396146576836,11
25.8075145426296,0.340928716149657,12
9.4052701871547,-25.3307855952678,1
-31.7535601118005,-15.2995128759881,19
-12.7489954020382,-18.4327544173027,7
-5.38650485230259,7.08727047415537,3
-8.85025907513259,0.845610769587549,19
9.40237136557964,-16.3424219058503,3
22.9404581238778,-2.89463665982467,17
-0.209260135998205,-5.69877725151713,10
-5.72272793724601,3.95716354952748,4
-22.3140350892426,1.63655549788577,13
8.87652920275935,4.92429668614185,10
-1.238711444449,15.5181796719105,18
5.66272991082924,17.1325013128585,14
-4.98699754363385,10.6002693853841,4
-7.4026813057901,10.4372927123207,9
1.72106113299761,2.90249702610679,14
21.3934864897181,12.3812930341243,18
-14.6876640992776,8.59325632220644,12
-22.761603694283,0.571226848004683,13
-1.71795406128291,0.51654503870788,18
-4.23110620021808,13.0933808642897,4
-0.0881575407723641,-28.9506592937026,16
-6.97582320542993,-5.31307914075098,19
-4.7077920280994,6.51541259330729,14
11.150813308103,-6.4921335896161,7
4.91966342393951,-19.1978707436449,3
-15.2039138880639,-13.885597490116,7
0.900719792193998,26.2809935572803,19
-0.669828972261362,8.72339135108087,2
2.88857817974665,-22.9066441063505,16
27.8669252100535,-2.88047535045225,17
-1.82322370800911,-22.3887703276266,13
28.2204246670156,-1.29617869897272,17
18.9180261130415,-2.30943891242084,17
20.4965112036888,-13.0935303430149,7
-25.3092523186657,5.69659671016791,20
-15.5464386598918,7.77441526023415,19
-0.0584742751787836,-28.9899815179237,16
-7.28755753517111,2.04264615275688,11
-6.59114952450757,-1.26233818794498,18
-12.6725509752896,2.33869182884468,11
1.9894290075534,-0.525290017314335,11
-4.5379025803522,9.50609749470585,18
29.7435560444955,11.1665786363456,17
-12.4494580956062,22.1045828595335,4
6.32782442106207,24.4403666819378,11
-14.4508696386207,23.0037529969228,10
-7.12409102711843,-2.03565404167733,2
-1.50733931909091,-1.1324948079506,3
-13.7905490900361,4.70635332412152,13
3.7683094378674,7.79944555026912,14
-15.8050084194983,-4.26241649358796,11
7.44264954507012,14.6288441995752,7
-6.00101644482536,-4.21130434000712,20
12.6392796459326,1.7462129085371,7
-12.3858191483257,-6.94977744719713,15
11.6200439684373,1.94164297518115,7
-14.6782013713357,9.56356158073835,10
16.2152049726547,10.1473006939272,7
24.8369958380512,-10.5610844548894,7
21.269720446324,-0.57480161791973,17
-18.4688667015555,6.12539219460707,19
-21.2370398597614,7.67797971643775,13
3.30352532566347,-4.12306318263943,11
17.2202028610476,-2.61611939612813,20
2.36704844354092,25.1108075648056,19
1.00101679750212,-1.59780023428696,2
-8.07361498250437,11.7933991768772,9
16.4491328856137,19.7331224351942,16
-20.6814076155847,2.45421027318838,11
7.41334795109205,-5.82196476540995,9
24.3061188965433,9.93152768333692,17
6.78387160285529,1.54651929894505,12
-5.89569197548016,-20.1013080610676,5
30.0583546340055,8.59687329261864,8
15.8292396402479,3.73296777564388,12
-5.53508575386013,16.9160624136043,18
-11.6592174428,-9.58058054561261,3
-0.00818143341181924,-28.8944819140641,6
15.5355029046165,-7.05137478844081,7
31.5377062355456,-18.2998138628418,2
24.315124547367,7.91753851510648,8
26.543726436249,-2.52927784335817,8
-1.87880834741128,11.8360689124682,9
0.349836464847975,9.88409316083677,10
-30.0958100747761,-5.23378885632126,15
0.132779560700736,3.38817550969561,1
1.93984475465837,-3.27550398267271,2
4.85930512659769,-6.12873542879113,20
12.3178939109405,-12.338323479693,9
-9.95546821640212,16.6895930134341,15
-0.529945941277455,-18.675313403482,1
2.19941447284414,-6.41614171971184,18
-10.7877837566214,-8.72273818761285,3
-8.02928889066823,-8.64474369256158,11
-3.0111178838752,4.03282748671952,11
-16.5694942588352,16.2307850252832,13
-4.63705365130676,1.415976416867,15
-0.719729002069865,-2.49996542388546,11
4.6377594001423,-1.72347770258817,8
-9.56517698007926,2.10415547126245,18
2.55713802489769,8.56208963951882,16
8.42327352147021,6.29766866552879,11
-1.2088648768452,5.69830732256311,12
-5.59894424507258,3.02286932385723,4
2.51450537406762,-4.28256830023339,10
18.0313922965,21.2938148701565,16
7.4534359846911,-5.90299160301682,10
-16.3901285714821,9.25074140160534,15
2.17042741417192,2.93638475830531,14
-16.6855341013213,11.6906932302001,11
27.2846335991371,-5.08678676084361,17
6.36387809004962,-4.73996726450113,3
9.50380663312831,-14.590523762375,1
6.82288292821716,2.51368712033199,3
5.96613354738932,0.36810773829484,3
11.6311251260813,1.93181130107344,7
-20.8281305148381,6.46185849499383,11
11.4188218076617,4.49243581658733,11
-14.8805814171516,18.008096222177,7
23.3608050866196,-8.72429966195338,7
29.20601360189,6.25984495695894,17
-9.82236328021902,0.7145511433666,10
30.1037554339243,4.87188706599056,17
21.2891024819902,12.0674596201498,18
-4.72059946370438,16.7404067279458,5
7.47894395696159,3.07663759783822,11
-4.16834309229717,13.5650517135642,20
29.3877436175733,5.05759025324644,17
3.8077952432257,24.4632082486981,18
-0.293828230568204,16.6022800996104,15
3.47654253586097,-1.49091045242994,2
-10.5071308459145,13.2743224491201,9
0.19296033902524,13.9974894912063,6
5.40658532602353,-5.59305238081951,16
-9.96048887429825,9.78836078956787,2
15.7100030788607,-2.34894234734167,2
-11.4790351828207,10.5273757200953,12
27.9353092322489,-2.46293077662965,17
14.3524970891727,-9.68551481167076,7
15.3079554091236,-17.1765044554737,9
-19.842784991148,-9.22075999246599,10
26.4953060414007,-2.44712878510934,8
-15.7473335171561,-6.33398789787997,19
4.66011395903305,4.35164214766086,4
-8.49315406156518,-24.0603352570483,2
20.093201943327,-45.1043919974954,20
-2.16697998949827,-17.2187687313396,1
-14.106624126457,-2.45614180127518,18
-9.98043620372408,0.275870194447303,18
-7.23946405867178,8.77353277316759,18
-24.8891932995664,-8.12858494496686,13
6.90583150098282,0.487672988906479,2
-0.69570248115917,3.27866483516697,15
-9.59208144364196,-18.2241266629995,4
-10.3149500829321,3.63734340731139,11
-25.5164414348691,10.8029748082638,15
-4.30155185562337,3.99771847037376,11
-1.60035000240208,-0.233720818927339,14
-12.005388622812,0.212750732924197,18
12.2452249683153,-10.0898188492972,7
15.2347603009593,-5.34660432032334,4
14.0568664424234,16.6246001390614,16
13.5317407412943,17.5795947873204,16
0.79475985084879,-15.3437011138821,10
7.11808377287065,-3.44361599052979,8
-9.82170442685252,3.33620828811132,9
-2.68824554535441,-2.01032637690113,14
25.9504067634299,-0.748918146630234,12
-0.438225232512273,2.92828219023228,18
-4.01600852929434,3.80148884655423,18
11.9227841919934,7.36325292180559,1
-8.85197659705869,0.648183557990291,19
-4.10453451459497,2.84534416757188,4
-0.0282318527277854,9.61493285631496,12
27.063046874037,-0.48217754623169,12
1.89864962717921,-1.46325471678578,3
-0.867066608157056,-4.82715934434645,5
-12.6888576889889,0.786092325617577,11
0.356082881141235,9.74340763961768,12
26.3112841606391,-2.68631588254894,8
-1.48952220582337,1.25192387593452,15
-6.35455422759367,-4.36338858806212,20
-4.27995500634356,-3.17414673588064,20
-3.59122330223717,13.5067645463783,11
-8.32883203682159,8.08885245867778,2
-4.85880264816843,4.29849350127937,18
-1.34086527523648,-3.29839083582783,19
-0.353012118464828,2.76419115915737,1
2.55087367169314,-23.6533731278484,16
18.9186544145182,-7.13250591938103,14
-1.14529677896866,-6.81201184995802,5
19.0432313851269,-25.4334059875376,1
-3.71937529688214,-20.0908245414098,3
5.98967520252108,-6.73949166949256,15
21.5314798077232,4.3993955151404,16
-9.38718242339241,-15.0133958917592,18
48.3055764472254,-9.45866678839553,4
-13.415042656208,12.7596578196131,9
-7.83148844402496,4.69030234813639,3
27.6057080651101,-3.43530873091328,17
-20.7472442056761,-2.72671215088261,13
-0.416487353291099,2.65485585504843,1
26.2962045715196,-9.68846195235312,1
-4.96083167278084,8.12990871750718,11
-6.8870759221623,12.4656532744343,9
-3.18320571474897,6.3656098207855,19
-0.110620502132117,3.54280747872196,18
-25.9582228788325,4.83818962925197,20
-7.6588840913054,-0.785220850427688,20
0.192979041376127,-13.9725440257851,10
-13.215983658982,21.4671697494195,19
0.769541633419556,1.11534400963831,11
-5.43239967076201,-4.85596784738446,20
-11.6840778018018,-1.50099358703039,11
3.71151327414959,-13.4071157802025,10
29.1258474721522,6.43237174421196,17
24.1558795064911,-2.54536291016558,8
-1.30836683776856,6.70259617021835,9
-4.5188550167892,3.71817400941342,18
-13.213182271612,1.0236278911271,18
31.6990330411802,-18.2376675921766,2
-8.97384237174096,14.1627935716481,11
10.7878436961019,-4.02811774903947,7
-2.50036014143389,-0.867051781613608,9
10.8818199801096,7.56276774120239,7
20.8829394223523,-12.1775400624148,7
-8.48590924737609,-24.0576206882942,2
4.10813548672526,24.433839536765,14
-7.90954734842241,-4.04006001380839,10
-4.86572117812456,-5.41879206895882,18
-12.5670052783086,16.9344375705633,4
-5.89356234833942,-20.0902787353073,5
-0.013741645130175,1.49531409170201,6
15.4290595175853,-6.9232105785113,7
-2.38624890915222,-17.300152705678,1
0.353555630277649,9.74332940478837,12
19.3734209662771,-0.819908959834806,17
5.55998728972027,1.14856941419477,18
4.61336028332307,-1.89965714467026,1
11.7657156834747,-8.69831414193463,7
17.6436632979339,-4.88140379789289,8
7.24718327208886,-4.46480495382901,8
3.64477120767322,5.26548967450943,11
6.99584457192694,21.1765600374787,3
14.9190191423567,0.990489826001883,19
-29.527364566297,-4.82033285224311,20
-5.33029696556712,-4.37787651887217,20
12.5418029355448,-12.4625994288629,10
4.63358824043243,-1.91068553299945,1
-17.415606958954,-3.02313545129285,11
-10.6179148651989,-14.4307078414549,7
-10.2828539246778,-3.86614144377701,1
4.27369857097124,2.70313827813868,14
17.3990200762418,5.85337365005782,14
22.4323483841774,-14.5461634463892,14
-0.599097386146336,18.3869173813482,6
4.16121946081837,18.4044975996658,6
-0.297070986231014,18.6176456595434,6
3.59823744346626,19.825632075841,6
0.918674747622084,-2.59750225577984,15
-6.64736908517134,16.7072274415753,15
2.51959543184869,-16.2551836901567,11
27.3071923312227,-4.98649305347008,17
-10.0245656839523,-14.1428890868113,19
-17.3495578004031,15.2447285451331,13
12.5396694204114,-12.5901741582069,2
11.67953137446,14.715366251135,18
-13.1131977973631,2.11330424670599,18
27.5886091843649,-3.49372866480462,17
-1.77920939089224,-0.142629489877566,4
7.91262221817741,-9.05343290897793,5
-9.63969199277012,4.72111938048443,7
9.89806404066341,-15.4902694778312,11
11.0010518117204,-9.52052774477191,14
5.05816052184965,25.7397779497815,14
-25.9369076431365,-5.46633898171056,11
-14.6212289552993,-10.340946476891,19
27.2354102216274,-5.41353395669669,3
-2.25305183064289,-15.7107220129833,20
13.6899681030614,-0.567342899524111,16
18.6771635270465,18.3841260238123,16
0.054535137911679,19.326403391653,6
2.3557472421307,20.5993162804296,6
6.17959846712868,19.9261366667122,6
-0.281443554173342,18.6326228859254,6
-9.95580743658171,-14.084344312999,1
-13.1005466230273,-7.43415477146058,19
-19.1744750611984,-2.34581869158563,11
4.08943106170579,24.4544326867408,4
36.3944341743443,-37.8739299209066,9
-10.2969625990775,-14.0578457687676,5
3.16258845866174,-21.8992085573675,10
-18.1728565027678,17.3058907075373,15
-8.47486357305324,-24.1135951159311,15
-19.5050128549878,-13.1156000989666,19
-2.24100823327126,-2.25959887431576,2
-9.98769579085267,-14.4071720505999,14
27.0260075889799,-2.2171854098703,17
0.154767929440555,-13.9866554560189,11
-5.07983192448876,-18.2740886428732,3
29.0330965388981,5.38198822020196,17
18.6399649266658,3.26840010300472,17
0.870603610065586,1.38854153166764,10
-21.2881315288718,-4.39263412389274,20
-3.01959407737894,-0.377607723402615,16
-3.21900634944596,-18.9496594999801,19
-12.2750636510224,-8.51322373080953,18
-2.93526589829048,2.02576808374786,9
-7.84061021880516,7.17892660251685,4
-10.6328024519976,-9.99235253768948,20
13.5009308780252,-10.391365522739,3
5.10817749918182,5.69972400442866,8
-6.86603468372869,6.58316190540105,9
-9.58066941227077,-14.6914270864984,19
14.1642561080774,-13.4593265607471,7
19.2116175113039,3.27519229680078,17
5.06259563131144,25.7263004282775,14
-13.6811905356963,-7.75444628380927,19
-6.42631443470071,5.93326491554978,11
-18.9332758916221,-13.7668741343197,16
15.602535046652,1.28517045786835,17
17.4264128530174,9.18091539538503,13
26.4597705331066,0.447769515266018,12
21.9905088268123,-3.83026480912403,8
-18.7475050516658,-6.7576579481216,15
-4.53388386499769,-1.11647873168143,6
19.3575862910874,-12.5772871371209,3
10.1042392778938,-25.6613910472632,5
-0.854092265117605,3.15942694818774,1
18.322113905021,-13.9972577182483,5
-16.5903313241901,1.93399642472437,15
-14.6795552403972,2.17775799038243,19
6.06517231580894,7.92648928612203,3
-2.50376231874635,-15.8231428835015,1
12.9663772729348,7.75442187688638,8
-3.72775178257299,-7.98570369156504,5
-9.51417751497168,-2.67371117962641,20
-6.64776922910258,10.3268270172306,11
15.6805047861274,-12.231824529009,17
11.1379402258814,-8.75231892405625,7
18.0877093126346,21.2934529036861,16
18.0833248704407,21.4068620362296,7
-18.4371343112495,-9.43153460837684,19
-4.33084269603198,11.7021146495925,18
20.2127342265673,-13.4143435007095,7
-9.42914108585997,-14.9168395392974,3
18.9793644750141,-17.9898845477408,3
10.5387561811035,-6.27510463887375,19
-23.6584578075428,2.95365248490341,13
-7.16199530121851,-5.78571409503137,15
-2.60258810185506,-6.91099605760117,5
15.7821108866551,3.88283046465339,12
23.9452412679041,-10.1708970838139,7
2.4785434986226,6.3953802313158,11
2.93813632188544,12.3085649924123,20
26.1010751308873,1.32630814837098,12
-16.1252721683668,7.61965804054699,11
6.39418311931359,-13.6861308151681,1
21.3833096930918,11.7636315664926,15
-1.12597356273377,-3.3782139012436,5
11.8434446263102,-9.57316693507261,7
22.063997865567,-3.77833405039207,8
-11.3972193045155,10.7215511659783,9
6.07240023953224,4.42683782662278,10
22.8973885864241,0.758665452329971,17
-11.3680293158993,0.092072597112021,10
8.84030590778051,-1.65630634583264,5
-12.2457868477365,-9.85657840430239,11
29.1548135301076,5.40894046240902,17
-19.5733097301682,-8.30417891387228,19
21.2611592491799,-0.0848088564525588,17
12.1022648950126,9.53240257812362,16
0.710681303329172,-4.75950930705421,10
5.9852685945983,0.318925769013253,11
-13.814811276501,4.60619277297845,13
2.4928577844056,5.53235292942506,18
0.951432556934364,0.361371950470363,11
-2.055551205185,3.17300779178613,11
6.53506753476956,-19.8535236274436,5
-4.86071782096397,11.5987693590094,6
2.70201531078523,-10.8305520725337,20
10.6044660978963,5.91444810563811,18
4.90417242709078,12.1894119911678,19
-9.94975865738811,7.85018087030242,4
10.3916896212332,-9.46715532665861,5
0.396831381887764,3.62080148149975,1
-7.83155209588115,-10.4413985948539,11
3.4969432180376,24.709618579244,2
-21.9469149024162,4.50654960468574,13
-7.31192180178788,-3.16729789514671,11
-13.5475138248848,-1.20568909720422,18
-1.62432206987735,1.21397261437161,11
-0.0990172927855213,0.685158263753712,2
-11.8537571712892,-21.1482487234401,3
5.07774668448728,25.7469462788359,8
7.48525152013293,-14.4874241380156,7
-11.5503930395931,3.738793287533,11
12.7973511952065,7.75428888095763,8
-17.4637318480282,-3.1000771402023,11
6.47998500971494,-10.407700320769,5
-22.5959189270023,-0.468756449101305,10
-9.5085408646285,5.46377581586858,3
7.49236278241556,4.51381399153067,11
-9.22419376261997,-4.6503414877034,13
-5.90297255521611,-20.1132434760777,5
-10.5350161867616,-6.51507793033773,11
7.02729786030345,-13.6253928100499,19
-18.0340037192976,-4.0186293643091,2
2.23451268144144,-0.683281951159019,9
-7.59971931993378,-19.1111129162437,18
13.3444720590381,-7.60935741086372,7
-9.92801325660714,-2.87524613922389,18
0.921429541431608,26.2838503199565,11
27.6884508859186,-3.31442428248798,8
-3.7230372760232,2.99122077985008,11
-11.1317354619109,7.37949947784068,3
22.0537192787869,-0.277603849418018,15
-12.4104021088327,-4.33592942425471,20
8.11976298557597,8.32673787763328,14
-2.24801842118403,-0.0331507276324032,15
-20.9962541214329,-3.78735808373924,4
18.9868836704939,10.9628048619432,16
-9.05966894006608,6.90674560171828,9
-10.8142852096424,6.29554581699627,19
-8.97889460329275,1.26681627112706,15
-22.1571162520861,1.26115315769915,13
-22.7300474386472,-5.6583089462736,18
-5.37879156030817,-11.4614384316377,13
-23.0952575212044,-0.874435524286246,18
18.4477255635683,-18.5066380954176,2
-24.1424903166506,-5.88602949754906,20
-9.23621625945631,11.5329199678635,9
10.4490739404914,-1.5373427495934,7
19.9158393562284,-17.3097173138346,17
-3.06772402376199,17.9432253742628,6
-2.89593866225222,15.5363236137405,10
-0.352634036390621,-15.3802772302561,10
-1.5418495456616,-1.22761734211063,11
5.73349611113078,-19.4826430532342,17
-4.12435052063994,-6.50447060520673,19
-20.0835886358557,0.911903911905146,11
-11.8635135989729,9.60111282975701,19
27.8029586252045,-3.55215593728617,8
2.93038578150764,1.61513540674658,14
4.84929510800191,19.9761018051544,10
-12.4442733340749,13.074477637653,14
-14.0160332042723,-0.726076617230824,18
13.853663947628,-8.42171070336141,7
26.2474070036657,-12.4207691843965,17
13.9901612671849,7.82593699510768,10
-9.73859777781406,-14.400713986555,18
5.89310406196523,-14.7818382984709,3
-13.0878957164286,-2.00954627064334,18
-1.09642230056273,-22.3812360312974,17
5.74311308020542,2.15697279659839,8
10.4160488483803,12.2923833490246,17
-19.7918101099658,-12.7046309021211,5
-9.88968185821817,-14.2220431801006,15
2.40203427669599,2.59989324161462,8
-0.771396579194435,-1.40447809874708,9
6.96556115284765,19.6690591117971,14
24.6026129934955,1.08305010017601,17
0.149328112293854,-28.6625834820477,10
10.6907596535871,4.11483694568158,8
31.490720894782,-18.4226740413653,2
5.04667031494533,25.7073596061421,14
-3.35228086184203,0.69140638550843,11
-3.04281399749231,2.1740636031986,3
-10.2526820933058,14.5217125925475,15
-3.18815537856906,-14.428177869319,9
-2.61246463117102,-0.990740455758121,10
-6.82938291235458,3.11647189308818,20
7.58480086436646,4.99269614416983,13
-6.38490228182173,7.3144382026542,4
4.85923240399366,6.39214101253331,11
0.148207028135959,7.94630765452306,18
-19.0898621406311,11.8636192992111,12
-0.565681881732365,5.0531772921618,12
-2.67359597137938,-4.77275184038514,5
-6.51352535128211,1.26756113771721,10
-2.30456078792891,8.92410600964143,3
-2.47999933288558,10.1883967141978,9
12.516884709727,15.3828005962102,16
-11.8384127430192,-21.1690270724038,18
30.7608751518807,-21.0563181389922,2
15.0338918321457,22.9896763824524,16
5.02525188877828,22.7676591271957,16
-10.5469216128822,-15.0558509637239,18
-1.02500841421261,11.0188391884823,9
19.4568510974488,-17.8206162835441,17
-3.81296047425718,-8.02590401731959,5
18.5719220792137,-23.8191105545703,3
27.3719315920214,-3.60979803155621,17
13.1636419711273,7.94299128973349,13
1.18587610072002,5.13131768901374,16
-24.6660907050488,3.06295809919996,13
-19.1437532340066,-2.3497067456491,19
8.00765032948192,16.9981227282346,3
15.6257544439836,-8.98435777808624,14
-14.9380024239013,-1.38919026661402,18
-3.74674145791241,-20.4754750635143,5
-4.53591155675258,7.90539538850502,6
-11.4613907786778,-2.71866905298315,11
-17.2849354505246,-5.60493551617222,11
-10.3965622170312,4.72765276125565,18
-10.4556796436491,12.2257345740389,9
14.0263596655264,-8.8455210868437,7
-10.2980803152783,14.5757855222876,15
-1.34017741385967,-0.12250436032112,1
29.0316128225684,6.04675665477481,17
28.1947785075865,-1.89597424166706,17
-11.3062800958494,13.4522382830908,4
-18.3424514586442,5.97695672035407,20
30.8492071378831,-21.2750306660869,2
-13.1556590560683,-2.45155555766154,18
7.71188120536776,-27.856244995423,20
20.2393178238583,-13.4236986767043,7
3.96038829393694,-5.45760653432011,5
25.6300698267187,-9.67580038356694,17
-8.74309964301634,11.2134882189906,9
31.497896557969,-18.4597325315905,2
-9.34585808152588,-0.025650883725386,15
-11.290001813784,5.31389281080992,11
-22.1495527077452,13.7967953274896,5
3.9268730049162,7.86748678179594,10
-9.1616060102509,7.00340977096945,18
-5.2090365432845,14.615359304234,6
-8.64149654659537,0.61269696125329,15
8.42222791064303,-21.565952999434,10
-4.30962054017308,3.57389426357514,19
21.5470539877942,1.35103797855658,17
7.08497449083085,-0.514266002058083,7
-12.3053351756266,-8.84751389468369,9
-12.8021720515574,-2.07181584339779,18
-5.72961168482267,5.30027890221579,11
-1.59317947248534,-0.0729022056603418,4
-2.26692152096807,0.80089754974778,11
27.5037727079833,-4.1159434249476,17
13.9387901694635,7.79822125994739,10
-13.2264563344872,-9.7114097416115,19
27.3992446459727,-3.66893269086197,17
11.2107735700779,-7.39400042182896,7
5.5176760043905,4.78562977395976,4
5.86410438643661,2.17159940417547,14
-4.19970686486383,1.85442867816379,11
31.23803604587,-19.1160544022006,2
19.4442174910412,-17.3738980736462,7
5.89700213500384,-14.8056790030052,8
13.3927413720357,1.25205716375719,1
-1.0236588344834,-22.4308029496876,9
7.160986000824,-16.2858803731145,19
0.527933193297916,17.0752194568485,1
-21.2813608144772,6.96047396212215,20
-6.59151011775347,5.29276200291189,11
23.0497670369382,3.25688530630862,17
-17.5808504706138,13.5831185536227,11
-10.2766983454747,-3.77742635441112,18
0.806745704288764,-9.45720805039598,20
-14.1101765383289,-11.4901357591724,17
-4.16521922990221,-1.33205219145136,11
-3.3170326376197,18.6354104068639,11
5.14096393151515,11.9864160999879,20
5.34452652346165,-0.0533748414902015,1
-6.63942727280402,7.26342921390924,9
-1.63213211347035,-7.61646391255318,5
-14.2599749181802,7.09343842182443,19
-10.6923770389288,-4.11952737612442,18
-15.6957382175241,0.465406281409227,19
-14.6519415387473,-0.812367494826823,18
-9.09619848011999,2.09453331490489,20
-3.7447918549551,-20.4989526201354,5
12.923918735102,3.07958680728507,13
28.9685050143695,6.01027811182616,17
18.7267128417381,-16.5847446973492,7
6.02112375158864,-21.9566993749683,3
2.34871878145584,2.97623857134774,1
-3.85769217371813,-2.88510209342,16
13.6656145150303,-0.724004221040237,2
-6.72622089496375,-10.5408643410431,19
5.68077825158687,24.0349070078905,16
12.3390199667332,-12.406749595429,10
2.59107402696229,-1.49223630947697,2
27.674802756144,-3.45157200534159,17
1.07712280805831,4.60269211541353,1
15.2372687410719,-0.402386122928712,17
-8.45042376275202,5.62080051378045,11
24.9642657353988,1.97503761218193,17
-20.9010858734554,5.04257989760686,11
-7.15155650643494,11.6147616095171,9
-5.08506337698303,1.47635600300153,8
-12.7867560958214,0.8965782430725,11
8.57147577736832,7.09637405256886,14
-6.7892594271027,12.3444575417431,9
48.3055317981383,-9.45868123663489,4
-28.9189212928407,6.972912832776,13
-5.90410012931791,24.7456354085433,19
-5.19430893066475,-5.63645451342006,11
-3.9786354380198,10.8945277562995,3
-10.8387644770835,17.142927679902,4
-6.85280052436792,1.53989599933102,13
22.5095229720644,1.27241478572202,17
-2.84340574393956,-14.8050186268662,20
-7.02234215803587,21.329092137243,4
19.541564197251,-22.8513151159422,7
6.56503037658778,1.44121266088816,10
-8.21996478382272,21.5563371535171,4
-2.29205635064345,-1.18002183834382,1
-6.05681975243479,19.7569638835707,4
8.23151375832905,-7.49843273146331,7
-4.28684366541518,-3.83280099810405,10
-9.82731063331257,-26.4638760643279,5
-1.55102649841793,-16.4027394130725,2
26.8517347060545,-4.9873432933029,7
-9.91978839047187,21.8102405200787,18
5.60991250949731,-19.4346386715392,5
19.0650318649359,-18.6597099826233,17
9.49925598013787,-6.39659545038484,7
13.4007861828465,1.25261404927172,1
15.1946984350578,16.1304255524111,16
-16.4001292212474,-8.92397564225518,20
2.0258422228891,1.89254990731582,1
-2.54870133812183,0.512968131438234,1
19.3167910555943,-16.457752342471,7
2.63577037194588,0.565658006070229,11
8.48485922426323,17.0090799400317,18
-8.58528385478847,6.39923521117426,14
8.62580562760975,-10.3142907864978,15
19.5342781102218,-17.1893017053235,14
-4.89938990440269,0.382737649165877,11
-11.4778761786494,8.17249352562724,3
-2.04154032322772,-14.132730436582,19
-8.40908524485328,-6.14471297512349,5
18.6703633914448,-6.32910140326559,7
9.1714203806919,0.14448615159447,7
-13.3886148306025,-1.53272854203148,18
6.53435797168918,-5.78622976906671,12
2.88951099825838,9.53322213524378,19
-12.8853677287073,6.99121094186038,11
-2.95556300240287,-9.93620258604371,3
-1.76526540781634,-1.6570087299102,5
-1.52504657307386,-1.10813073309807,1
0.269024436519035,10.8089477688916,18
-1.27144142178097,-28.8919842867508,16
-12.7713960542319,6.09522464434794,15
-11.1126601127445,-2.29080657706151,18
9.02334112317627,5.05836269216242,10
5.49418670009288,-2.80045650921067,7
12.9232791103957,-6.97095397235353,7
-15.441897049129,5.43677222070239,13
2.61602379822917,2.9874088377687,13
0.629940643795497,-1.34452690505657,12
-8.08295804376443,2.55491414106471,11
-7.41761260668182,-2.08964423891356,15
-18.8169519423617,6.57123641907952,4
30.0143345917894,8.22981611425957,16
15.4653389067505,-16.6192386187072,8
-8.10448658007645,-19.212377801096,2
19.0383426390597,-25.4589459473964,1
19.1705519452206,-17.8886632892713,17
-0.802581705316477,-28.0078039964141,16
-12.4944749232743,8.17021275555867,19
-16.7920412290689,17.9923224918294,13
20.0929574200651,-45.1043046510607,20
1.06575560967716,-26.7413015675605,2
6.55675980636013,-5.71280228025102,15
-5.03232497348429,-17.2294606481433,3
29.6306813398759,7.63291284129611,17
-6.53268553619138,-9.61713971147346,19
-9.52188982166854,-7.9350580707613,13
-24.9897185659324,2.8948402392403,13
-7.65431628031702,1.3908812483775,11
-10.6555847398399,9.24762148815097,13
-17.6084516844666,17.531042981892,15
4.53573485231998,-21.2539427328576,5
-2.70962577999219,-2.01121147962436,1
7.73487183256595,-11.3692584757025,5
18.8720444423627,-24.2167044310353,14
-12.8551334255769,-1.19166386219656,18
-7.86123677892705,4.18160633890336,19
-14.9348184997863,1.81782031277899,19
-5.97660237020442,3.81120838720138,4
-26.4353064597264,4.87455711449093,10
-7.02448381187692,21.6958112987612,4
-9.57083830722607,-14.9470496017856,15
13.0098939476232,16.1762740821475,16
-2.58109672005307,3.99661516313397,11
-15.3202204782307,8.3140095272823,19
27.6571412254961,-4.16925151857324,8
12.6057113063802,-12.4496139354681,4
-16.1067414659917,-4.4579375357368,4
26.85110050875,-5.31180236122894,20
15.0077796095595,-12.6676193218467,5
-5.4065281812471,-3.34895819506603,20
-16.0419266418689,15.871429838895,3
-17.6956859012408,7.58839236144297,11
-0.0682875223189409,0.865626999539901,1
28.0774388913554,7.49880574346849,17
-6.30666520064931,-11.3141407850231,20
-5.13486731035085,0.293295258079336,11
-1.74371194147523,-0.241419006540746,18
0.111864582186764,9.25101943886452,12
1.37520238736838,-15.5900083403625,10
-6.09956267831147,-17.7026035924904,2
2.65199260146574,-10.5955340123586,3
-17.2904019029377,-1.37082671580413,18
30.1693234219515,7.65635822620421,18
19.6056895087941,-23.0951370371171,7
-6.94765560936992,8.10896907653605,9
-1.62801507508945,-0.251216595945981,4
13.3160244040635,-4.11769660524381,8
-13.7567503814956,17.7274059999575,15
4.53017768045781,-0.0539180265839053,14
-7.52283811813016,-5.48411928511298,13
19.4014927074788,-17.5343781593718,2
27.2230226166716,-3.61628335608442,17
28.0093883653063,-3.54233731429482,17
5.89562956042292,-11.3699839998922,2
16.9758298896924,-7.02363909921177,3
-4.48851799435106,24.1526096439087,6
24.3979033886408,-6.35623819471439,17
27.8807372984468,7.35475192790988,17
8.40106981497327,-11.663438851314,3
-2.5835195464432,-5.34611990392926,5
-1.87564416975559,-10.9427257541524,3
14.7884830112039,-10.2669823141787,7
-28.2545914977901,-5.71534369439563,11
-23.2383894499258,-9.15904684407488,11
-6.20417596438925,-11.2228550635025,7
-2.89675394384832,-1.62779155026236,11
-3.60090373355329,5.94800750233998,20
-10.7614890326822,-14.6583511712,9
-6.64458391498153,16.7264277168342,9
29.0435554453377,-4.64614892052486,17
13.322779257244,-4.1126245587935,14
30.8635190831163,-4.83011899193956,8
29.4087054577201,7.56087738963966,17
9.79640518701493,-0.962474779517419,8
-1.88436467520123,4.81151073513779,11
3.3456320032954,-7.05534931899134,16
-29.7492912003554,-6.61383106897777,11
28.1410133341528,7.39715675346961,17
1.85405603492025,18.4482094118399,6
7.97457386790554,-13.4202530697284,1
-9.50883854764958,-14.7629682616878,19
-10.2456752667397,14.6927542090089,15
20.8339026688747,-3.90044272693349,10
27.0808122417023,-4.97595108281359,17
6.35188157912019,11.5794443104988,11
-0.077898730894353,3.14034978773151,16
16.5173245208897,-7.32445139242868,4
-0.533888497190635,-5.23822893342106,10
14.5599157327675,-16.0738944940256,11
12.9715110776283,-8.80554119649656,7
-30.0409664739935,-4.16270931331946,15
19.5770488958615,-17.1766570050381,14
15.7189967402802,-12.1821712143879,8
-21.6588919210112,-8.85096062754559,19
1.92857937956882,2.81269711094,17
2.639679738602,15.7353530692911,6
3.78200233744877,15.3121007820884,7
-0.673322127650136,18.3349391835422,6
2.71169743417345,16.4775857218094,6
5.28981739084955,5.46286293539913,10
-6.50949463595781,-11.0025283566904,11
29.7680767915861,7.56128311655261,17
36.3948524513792,-37.8768421313812,9
4.83596721306613,5.79654193954361,19
-24.3067573648569,3.06613494849496,13
-13.0295516169322,14.4865879358633,11
29.8913968829713,7.66471544296906,17
13.5175970515495,-9.83431701586127,7
-9.77187849100375,8.78728701827334,13
-16.1502783590378,3.5263711061475,20
-10.3945960620396,5.12732900198817,5
-2.2471510542701,2.82240180921514,11
-6.11593554983388,4.99074825782936,11
13.874290902101,20.3206260150181,10
2.48697910298852,-9.5403717024799,8
-9.00565447212488,-15.1774732768647,14
6.52515583897871,-19.8459373299329,5
12.4264674100435,2.35828406094741,14
3.28856167461698,-0.631187491432698,18
6.450174384317,-5.81636140719279,2
30.8728308552685,-4.82528302055936,8
-12.5547056142947,9.51499820606041,20
-29.6065285424692,-3.96939158039279,13
22.9065106018313,-2.36708950565914,17
1.48524796490576,-3.68789021562099,10
17.8677466754668,21.0655269682276,16
-24.4243346460663,9.40265742051024,13
-5.41394942460695,-9.50437358101128,15
22.279591755771,2.04005731361413,17
1.13948935788787,-15.7562423089403,11
-21.717029145437,4.8660512869567,13
-7.78141504652211,0.415837158707901,15
0.0203844195027167,5.87625218559889,3
27.560626425921,-4.07837810613997,17
2.5489518193317,-7.02329162860089,15
-10.7654734931338,-15.8946053436069,7
-20.7865082307414,25.2206720743833,15
2.7905422549584,9.79305454997841,20
5.6697377741833,-0.672268633961468,3
6.51076166983304,11.7178828081774,11
1.14530998196293,-8.31100300235605,10
6.08599948243659,8.50574520530753,14
-11.8745415630834,3.48311462786565,13
23.7099810779461,-9.7418787229276,7
19.5545878152358,-22.8640039673736,14
17.1828431966212,-6.88804529796631,7
-5.90677562613051,-10.5173145722338,5
-0.0162711718436986,-28.9206730183897,6
-5.3864759039938,21.3564329405413,5
-3.4309676340586,5.47968749886438,12
-10.7209207339668,3.65980226620555,13
-2.97402486269039,10.7067963193938,6
14.1958393874424,-6.98251263559978,7
13.2362770807804,-8.51566367520036,7
8.78214233691124,1.88757332283231,10
-2.19573986828247,-21.9379264296974,4
-26.1817125257559,-0.0836096478954537,19
-2.16561852832905,13.515627474558,8
-1.12325197495373,-0.040989318450439,3
-20.7676725292752,2.35521801411237,5
-12.0424439300466,9.6994468069692,19
-7.68717415829648,-0.771032554455597,15
4.30668272988809,9.3570542075387,11
-4.47662054942717,-2.06164474727862,20
27.5953774344992,-4.16736621238538,17
-6.03753416689279,12.8345547139254,9
18.9800374471482,-14.1965297552851,5
-2.21934160897546,-26.2115590081931,3
-12.2603018060077,-5.29048116063408,18
-2.99180515975049,4.3168171692033,20
1.77232405282465,13.987873156785,18
20.2521000670601,-17.2257761007351,17
-15.3259753802978,17.1239046224217,9
4.06437911446328,24.4141557581021,9
-9.36008119278469,-22.5947121871427,4
3.41841956763135,3.19231118433114,1
14.3144806805393,-13.2567692037899,8
27.6668518718524,-3.08730368665669,17
-13.3060187252504,-11.4314483193478,7
29.8583079754372,8.52592837638672,8
7.40995235176864,21.4884643439245,11
4.21526499057765,1.54092496160783,14
19.4152534211704,-23.1135783516022,7
-0.936098221788673,0.90739343085138,1
-11.6976107919946,1.90071417650309,14
-2.01115495704445,-16.2736765848193,1
14.2971143005163,-2.4279363776509,16
-5.93822856574112,24.7318427062914,19
8.03128513302341,-10.4197420763391,2
-5.12829779969236,-18.2481754993594,9
18.7481875167954,-8.83900671792787,17
21.8331304481701,2.69320238013285,17
-13.3755739224822,9.87130051789484,4
19.7988259501624,-21.9581199504733,14
-2.45059390706977,-17.0841018124325,1
5.88035713431509,2.15468691136525,16
-21.426129999469,15.098493355144,19
4.30189096230003,-14.3528325267102,7
-9.8133400395997,-26.4736497203721,2
-12.8841705308718,1.9724839559944,4
1.46924536789992,5.74147154302957,18
2.68661218162233,14.6663023999493,11
-20.486649339449,-14.910397898739,8
3.94909664860909,-3.67111717882359,12
22.9184225404257,-5.99605777921587,17
18.5591783436633,20.9706525156242,16
-4.85159358193859,-10.3265757943429,11
0.345039510810614,-1.17134916007224,11
-1.01305205804893,0.327539380463385,11
-8.95389359211754,2.25265109515852,11
28.9894364156298,7.55449598453778,8
0.062485912313602,2.60560487009887,1
-11.0629742496475,24.6580812958821,4
19.8717359149445,5.86556535969177,16
13.0710398195311,-27.9694399062143,10
2.34942135877447,-20.5256364230207,2
-5.88467816758454,-2.85192668378477,4
14.0553873345501,-13.4996775509,1
-8.19416135669574,-2.86695366587532,1
-0.197376221562062,-28.9882559894406,2
-1.27309215394364,-7.01448378302941,2
-4.06582871721088,17.6781593123386,6
-19.8338726514885,-6.39187243538916,19
1.02680467856006,-15.5889353440919,10
19.1059571710133,-16.9159941151712,7
14.4249145744654,-4.1213768551209,7
-11.9120987883913,6.1196466081015,4
4.5408282759827,9.28152934674265,14
-29.1027357345017,3.80213889954667,3
-8.44419739919747,-0.538525479678788,5
-7.59139523909982,0.536185365286544,13
-10.7679134548,1.94034766669905,4
-11.6182606253327,10.0467584499935,9
-8.10006079208625,-2.80011817806836,15
-10.1564685166743,16.1121025904166,14
0.0603478041485324,-28.7233481700535,3
2.28225314723713,4.35256398073283,1
-13.9031926359056,16.9127140153797,9
4.16805969503465,-7.65702829365844,15
1.96148404669057,-10.5217021225984,1
-13.9391301373531,-27.0908609657296,10
-23.7423483289003,-7.14396535844511,18
-1.04644173549905,6.91941817672043,4
-24.8961964009256,-8.16883482855301,20
-22.172014815586,1.32012775329877,20
-23.4584121110709,4.27837593079839,18
-9.6510671637507,-26.4217789967442,10
-9.74824906105277,-26.476234279482,10
-21.8459344092908,-2.68418762018483,3
22.423631672236,-3.58424763801075,8
2.07665506890253,-12.4986962455155,10
-0.0469100758197532,-0.800748071652489,3
-7.91817185612108,6.4595291633991,9
8.42594060671383,-21.5139770858597,15
-0.83160059795256,5.10932828720449,1
26.6523671891312,-4.43446026572712,8
7.42549686253574,14.6238455985209,7
-16.5059525878842,-9.01391269421807,11
3.76657167689892,-0.711310441231465,3
27.6469069201991,-1.80891102975345,17
-17.3569616911795,-5.63768448698862,12
4.14894075874323,3.7364260714733,14
-5.4490899189976,6.19118320221311,9
5.03674564324618,-18.9720373702651,17
16.9599744401549,-7.02227766997215,7
-8.6179148747671,11.2967548237858,9
-6.27343001725148,16.3812159445686,20
-8.21585969358307,-2.95297870739813,10
13.4329896951127,18.3793347623919,16
-2.25980883943357,2.38694260913448,10
30.4501551481703,-1.04393562865889,12
30.7085167436893,-0.228134437366578,2
22.0780241797685,-1.51689551242939,17
-0.904217713538531,4.31108514076247,11
-7.16494094177751,6.6580482711183,19
19.5657029251313,10.9290508617695,8
9.21763355869859,0.123851093045979,8
19.6072491090592,-17.6075302947013,2
-0.364622985483347,16.0473990693048,20
18.0062550465013,13.935422151406,16
-18.7530689844851,3.81996467469447,13
8.01313227552395,-9.79401966638779,10
14.7651929747023,-10.2830261561162,7
7.97498077452235,7.41319498125669,14
16.6241122979079,1.2529382688084,10
1.61657883749598,13.1140204164892,7
20.7403848626525,3.89033099212795,17
1.51743675122696,-7.94163579306631,10
-5.5608033329636,2.40294249051723,3
-0.117801719076126,2.64551375908994,11
-6.65797441309124,-2.59490556313283,5
24.1090585888513,-10.6164995172156,5
-2.12783448258816,9.6378763591707,13
22.0404368684732,2.14450177928981,16
-13.7687657303473,1.29168319532161,19
-3.77295999766096,-8.21558506798537,15
-6.10974006438289,-7.56897523352323,20
-10.4736722665826,0.38892527353758,12
-0.721072421287426,8.80705846576738,12
-11.6755419682267,-6.41906378789413,3
30.8399752820802,-20.7492962071528,2
0.0444536799819232,14.114055539699,2
0.575289282887499,-18.7290581065605,2
4.13551171714596,-8.36856122147744,16
19.2967860220247,-17.6752727953093,2
-2.02295660111518,6.0582520618641,3
-7.60465971605035,-5.69398288692253,11
-3.88230552897928,15.9013735354843,5
-3.7246311975139,-20.0929308895373,3
-5.37992830245609,1.33837092981842,4
22.7838550762685,-6.03490137278906,7
-14.4481405961965,-6.08918269093455,18
4.9896939949422,-1.06062811243879,14
-11.8348228056076,-21.1599680764127,3
0.736168824207233,2.77863021921493,13
-2.27540258443989,-3.53689995046561,5
-1.28381169649765,3.77469294893618,11
4.00475621801377,-26.0113106158636,2
-1.47750156838705,5.04367557486173,12
-7.90262274768352,8.98361497462905,9
17.0269154732656,10.5655678288122,8
4.89825614226581,-3.22309330855884,17
15.8549946780088,-2.31220541027246,9
-9.86292371941484,8.45037866913581,20
-8.00753494623396,1.7869771436124,11
-0.824257760170325,-10.7452355673523,3
-13.3177788265762,9.9676516012308,3
1.46977820761854,-7.82856386993199,10
-0.998158978635229,-28.1015743338948,2
-11.7272372618949,9.8010209930306,19
-10.3483560593305,-0.853928277905763,13
-9.40859239556654,2.79724265587222,11
-1.0350335115085,-3.24789314698467,7
-1.59979479097683,-30.1859966521942,3
3.79532560764728,-0.708653126855253,9
5.89032678536242,-12.147876654602,2
-7.18434120051541,12.7403838213855,9
-5.52248648154095,-1.21067414879163,4
19.405829515151,-22.5790434326494,17
2.86881737307885,9.96779401887214,11
24.524286147022,2.56238266145731,17
-8.19996556798453,-2.85161629835819,19
-2.14094011891178,-11.7223868975263,14
-13.9514034762769,-27.0696569214213,3
0.999043382207642,1.78627860331301,8
-12.378242853102,-3.37440873062578,9
6.31492215839202,-1.08732009570258,19
10.2264730734002,17.6284998617137,3
-2.28102105049716,-14.951152685825,19
27.8921880363535,-1.40026659176135,17
22.7932198582199,-6.00274336534583,17
-16.4329511685316,0.299011837056421,18
-4.71095501816736,1.95812992032946,11
1.6761012535527,12.8269944485461,10
-15.5552543773934,1.61071114608582,19
1.95109864259865,-0.362613943292437,4
-3.0069506337939,-3.08952524100706,14
-6.66875453438363,7.2586563466014,3
-2.2296529222331,5.1504331052902,5
20.9976509861184,-5.29217320043221,17
-9.36820465574954,17.3120716301659,5
-3.24410453012737,2.89408710400217,4
-8.18901750872114,-19.1490234996761,18
27.1637859170603,-5.51482764649294,12
-8.54663231147536,-7.74589219518455,11
-3.35015219546128,-26.0055642454886,16
-3.12394935100109,1.02536993948373,14
-1.46633248459591,8.76365573674297,9
-13.0846623559536,-1.89462676806268,18
-12.8641236007313,7.08699917290253,11
1.32080271084228,-0.540724277513449,11
-22.4692072438256,14.5253971230869,11
-16.176453718216,12.4206229656333,13
-2.43596350724725,22.0979265940482,5
-16.9094944363259,7.99708080748514,20
-12.8605727316322,7.08951980296472,11
1.15153363664074,4.40621184274631,1
-0.708660172500944,-28.4154048223887,19
24.7538392649797,-9.05522338914336,17
7.77633982580752,7.02630415945666,7
15.666313087504,19.2298172476577,16
18.5825224177197,-8.91899869092713,17
-14.4724939332292,9.29103831330818,14
-10.0753931217758,1.36828153729661,15
-22.0851444274439,6.11007006848239,13
-12.7505853108665,-18.139461243654,2
1.18540136418748,-6.01230341034392,10
-1.34004241145139,3.29639739984658,4
5.51100241308219,11.0886318836597,11
18.7556691891028,-17.458882525808,1
-18.7870005365998,6.75315180870371,19
-7.46814547675023,4.93813774466256,13
-6.58068937782853,10.6215494534313,18
-17.1155742486163,-5.40658419233219,18
-8.34385714002291,-7.19430734412789,11
4.81242412303986,2.00633264385974,1
-7.80626870224637,11.9244247274861,9
-4.83194643018261,-8.56786507500357,11
-10.4543369499475,6.06782669683763,11
-8.41751443386068,15.5372654275541,4
-1.74814328580571,-9.49513936962705,3
-7.70895743612608,19.9684120182194,4
24.465710952543,-6.83683668629299,17
-11.7669746690733,1.441937060954,10
4.03649874182684,-1.92527679941115,20
-15.5973472295072,12.4579583510284,12
19.3576010309017,-16.9409468914358,7
-13.1634423055112,0.119847900507885,18
1.64212522532121,-1.35017365908178,11
25.201267115588,-5.56793876193959,17
10.5622278850375,-6.22774259170652,7
-3.69224136529098,-3.18138474433895,19
-11.5837448908141,10.7259520332786,18
-11.807051126855,-10.373447858775,20
-5.98483353757332,5.82585787256152,11
-8.04101986038857,-2.80276649095878,6
4.57197934845648,-11.0540206978924,5
-16.3309195401986,13.7604990891208,14
20.0929165082272,-45.1044963605078,20
-16.3563554433178,1.26363086223354,19
-7.40001761172114,10.2190037312533,9
-18.4105671344065,20.013274740062,20
5.37056220996668,-11.4543565929677,14
-7.04911134037289,13.4389257495713,17
5.70989781757002,-8.88255489699672,14
27.7464608477989,-3.62424450343752,17
22.7440962297539,-6.14096779458519,7
-13.5575064783746,9.6167784083064,19
-4.44253673634558,-3.55911409192257,20
25.4188669092256,0.701357472575283,8
-17.8143814900142,-14.2271981604664,3
16.1265100775448,6.19176458798037,8
-0.424453135173143,0.346063545456124,16
3.81525447429057,-4.21815758223004,3
0.557860576967424,-7.93373389340785,2
1.02159087488463,-15.7107736129267,10
-21.2626672232282,-7.3196094178105,19
26.1301990888991,6.02045137123948,17
26.1751165732657,0.818875715139558,15
22.8191323463868,8.35165945252127,17
16.2669092321792,9.30186670789107,8
-1.87781449551395,-1.71935257633328,3
-7.39469561591649,-18.8956129745016,2
-13.1128914841526,1.73506083131551,4
-6.36502643492484,2.58834379235626,15
4.4391569775897,-6.36976804058977,2
-13.0549752753369,10.1564167921858,18
27.1440928254537,5.79098752629337,8
-7.55106999356204,11.6563980835295,9
-19.2522648524808,-8.77506543815143,19
13.4454229733347,9.29995866414454,8
16.5674557776284,1.20670640336596,17
25.850661231758,7.22924826467661,17
-0.0575270542921887,-0.310349372349859,13
-22.3766646059885,10.9034973280347,5
-2.39848234052041,2.40209416709967,17
-28.7841271029181,-4.65787650168781,20
-10.2845861927204,-1.07632662738224,15
-0.937598606956632,-12.0519008191852,3
-11.7308535824387,-6.32275914372733,11
19.2637222467638,-23.0963640327574,1
-2.34461452867279,-0.448223503692779,20
0.579149270450579,-12.83421283914,3
19.0616466460254,-17.9475108598754,17
14.3195086981613,-3.55245753380117,1
-11.2466049573793,19.7470271110455,4
3.65642193055313,-13.4839122582165,3
-2.5540598988588,2.29022501642396,2
19.4071809373615,-17.5003418943672,2
21.7347452468873,1.13734690925567,17
-16.3806259892523,-8.25714813332979,11
6.93740907870005,26.505901526741,3
15.8905568113697,-2.82016678074723,7
-0.507130346941182,13.9630255824151,4
5.77020480999306,10.3509021499647,4
16.3207320002332,10.4983749213012,14
-10.5810896740008,12.179917739116,9
21.5211969679087,1.26812859828221,10
19.2411588687889,8.24072269615344,14
19.2943528676992,-5.49236969059905,17
13.299998215735,10.3068034651015,7
4.4494493674504,-0.0495079661853954,19
-8.09279190129841,-2.98506315186807,14
-6.34357544156457,-14.2614813580042,11
2.56355099460108,-4.21329586426531,7
-8.05566572327216,-2.91717461167936,11
11.44213243527,-2.96921507506176,3
-3.01408845774202,10.7161635246899,10
-29.4901108810912,-4.24055650909582,10
5.9220682031148,-7.31178450388481,7
2.48134565130215,15.184145181072,6
0.109877013503008,19.4656529660489,6
1.56689701811601,15.1002924258879,6
5.69483776910044,18.8717989838999,6
12.0604509070399,7.62047086096875,6
-3.2524069723289,22.3398867896158,2
-22.9695544849032,10.7298160794802,11
-1.41357266453506,1.3205762689008,9
36.3948524513792,-37.8768421313812,9
-11.6305018703637,-6.43239161717309,11
17.3388506523915,-8.06300283616811,7
-13.9584143272588,-27.0380049860032,3
-20.7983296316353,2.37198039766924,13
-7.60888547418361,-18.8366021950456,9
7.13031110428649,26.6324837478512,16
22.8714232069163,-2.39435037403669,17
28.8696886216515,8.08930246388756,17
3.3888023075421,1.72074613844008,2
17.0751128102457,-13.0422770340946,5
-8.228567008925,-2.9216220979963,4
-8.99386978497759,7.53870847554118,18
3.08692014233926,9.13737161637346,8
-18.309840046293,9.54705095061249,19
-17.814922654683,-16.0465600262502,13
10.0794061818595,-7.04183768145051,7
1.5528642670989,3.0822500194561,1
-11.8375436392436,-21.1578776053593,3
12.0666371302157,-11.2116454877229,14
-13.0220779638785,-0.954496669726754,18
14.1037487837826,-13.4654527227329,20
17.0306834459534,10.5559868485579,1
2.74187792728214,-3.04210650096396,2
17.9745155200317,-20.6691424568955,1
7.02878267626877,26.2991288554761,8
-13.0963575259915,1.66070508213019,19
6.9958676219288,26.342891248151,9
21.030852382052,-12.6142777925628,7
-6.96440228269991,-8.69697175459671,19
-12.2582999622906,-7.63618684233159,19
-12.2588040352491,2.54696618850068,18
14.2012169048829,-1.8810328704405,2
-8.4627304208631,-19.0432865348859,9
-11.5272552075634,-7.23771629736787,9
-15.5995627154217,-1.81692727247785,14
6.02498927577476,7.92004164323337,3
-5.02120164751944,11.2180035715016,6
21.4314592558533,-13.868374720886,17
5.95254353641773,1.35884899735839,8
7.42872095185975,14.7574103676259,4
-1.82215484325507,1.31694916354994,2
29.2221878973329,-3.13463195348081,20
-8.2096145448362,9.79808384927864,10
-2.92915685760375,-5.49082629091896,5
4.09912639802345,24.4075405965402,16
-10.4537654570322,0.363617252827697,12
-5.20800157701172,-6.56571639159333,13
15.7546161042741,-2.28840563078536,14
17.0858706520667,-13.044755703561,7
19.3315818151862,-17.7317911452113,2
20.1456618973911,6.29777367755979,17
-1.24671554338544,5.5092332991692,11
7.63642534386427,28.0014149194006,16
7.6260014535301,27.9958921167385,16
-0.815224534559209,3.3138953604017,11
8.65732196073853,-25.6760627108943,9
-11.4591209996189,-7.34757146991846,15
-21.1313031484727,-3.28979940780333,18
0.087447933915746,-12.5749744990898,3
8.83027750388004,-6.51892878899885,7
4.46898370371109,2.9718132487142,13
-11.2653520642068,1.42525448306281,18
-24.1435134155332,-6.11388271405292,20
-8.55165355451434,-11.0392913163651,11
-21.4269437281952,-2.81157533692212,18
-9.34283899326746,-22.5795151875425,4
-16.7554755771733,20.5298995237052,14
-18.6596029822615,-14.2152824941572,5
-13.1036131619774,-12.127824491715,2
19.0316628449833,6.39912597331016,12
12.0710788182899,-15.122037607021,7
-6.27462580301035,-16.3197487647509,3
-18.8513875762107,13.0551913761793,11
1.5877285111574,12.1635378580146,6
-3.28773005962689,1.81526653839424,16
-15.9383499203779,4.55454124881509,19
6.89168908444138,26.4664083619009,11
0.156387054332473,-16.5394157252176,2
26.4515192277666,11.469717095803,17
-12.0735020184068,-11.2500530326186,5
0.167750243195311,-2.57407636268454,2
11.9382556909628,14.504783576724,16
17.4168582612288,9.03557588644922,8
2.15530436209383,-0.334212482068024,9
7.86746324159734,8.84213656526607,3
14.749843724299,1.14114941035962,15
-9.70827987051607,12.0452721147715,9
23.8822743522843,-9.98092931922283,7
27.7222179342792,-4.60563504572951,7
4.2381422553812,3.21817387606727,5
23.7353495402221,-2.3938713369087,8
-3.79009436986202,-16.0955594770673,17
13.2031394021072,-8.6802088011748,7
-7.87487380725311,21.24412612962,4
-13.3804897589971,-10.9446582772015,19
27.5545731313634,-3.11257534134332,17
6.11439066067435,5.01575004786097,4
-27.4144973078425,0.882319904640938,11
-0.43002634869616,16.3043958216228,6
-10.1566001804007,0.778890880364426,18
6.78692542689952,-14.2690260288605,10
17.8198937995965,-22.7950456804168,1
-9.04540857092776,-5.47078767249388,4
-15.4711047458168,-18.8323876696362,16
2.44697767779013,2.64622020339381,5
-22.2516490865434,-12.9245017282948,5
15.7008162594104,13.6175386251933,13
8.48536093148695,-7.76907408510653,7
-10.2277127148781,-20.7039744168834,15
-9.84841668509751,-6.13250009411758,3
-14.0669944520974,8.54606166107785,5
-7.58454890680663,21.5666705670852,4
-15.2013922812001,13.9961482118412,13
6.30864411834922,17.2346474805282,3
13.9473948517146,-1.79571487911168,17
-7.28656704848811,21.0555205669322,4
-1.18980032684615,9.04429963302404,9
12.9755039308281,-8.90479070473254,7
-13.6209511855835,-1.33952015651137,18
19.3238706429758,-17.6649418326092,2
-6.77777305944569,13.0414457875777,9
-16.0691508409478,15.7740529925987,3
-21.6482025668343,13.3275113493287,14
6.23849354090091,-11.4721515917009,1
-8.98964720155494,12.4717995786247,9
-12.562565046276,-3.5158479733456,3
-21.3051758633799,-3.38366054774088,18
30.614716419742,4.90625400686622,10
-18.1882301109859,11.5953887363379,13
10.3339938586398,20.445403450751,16
6.84342304307968,3.94544157243072,14
-18.2174090392131,-13.380000179548,20
-10.166930165193,-3.86719692526135,20
27.5585272137235,-3.12882103486602,17
-15.1410104004673,-2.4181613897631,10
18.7838192715947,-18.8494701633694,3
27.6628891081102,-2.43687035997998,17
5.59737023853369,3.3741864875946,17
-14.0050549132072,-15.3879605229556,18
1.32414445801536,3.55889556952172,1
-7.61501647782488,11.6736361738147,9
1.18855396899206,-6.99120684153118,19
-2.27801524280105,-16.7224166793163,3
20.9564128841046,-12.664102853869,7
7.21425049091097,21.4543479297913,15
25.1951147950376,-5.59639494459235,17
17.0544560725565,3.73773884490947,13
28.7694102674792,-2.97957115557474,17
19.6799377720278,12.788015670209,3
4.69499051146369,-12.0174127425324,3
-7.07946435963489,12.3175963869925,9
-18.6513885133339,6.69346870344245,10
7.77896794399637,8.93526375670662,6
-22.5821039869634,-14.9462227334491,9
6.97296053995946,26.3085561033765,13
19.579307018445,-18.4504464805011,17
5.23618133147528,3.11379682370685,20
-3.59935490442844,3.25665787472226,11
27.817620661973,-1.82958633691038,7
27.1973119164066,-4.98400915233125,17
27.8573859756139,-1.37196152626323,17
6.90318552863372,26.3967180610707,16
21.3419911907485,1.39948223619951,17
24.9244669825803,7.96317951725018,17
-7.32750098771924,-18.8737986617268,1
-4.81666690325926,-9.63706160113305,19
31.5671670890122,-18.3516982119669,2
27.6423525406768,-0.927647512923474,17
27.6446888770326,-1.83059711036433,8
-6.25781717266637,-4.63397910234489,18
-15.0133966619115,3.12175588237413,19
3.57110690330827,13.1033564487152,20
-12.5125381002856,-3.25520345821522,18
-2.20271587150608,5.82478636236609,9
-5.98920090952964,2.15934499591764,20
-6.97035662386021,-10.4559999566351,11
-3.18156228121873,-2.56282381384292,5
7.76931528617466,8.18172967627331,14
12.613757250371,-5.82599531741277,7
0.206969793360271,14.6901125845516,15
-6.80810423308552,19.7336940512669,4
31.261204032796,-19.0491891831036,2
13.2328826555458,10.358344818652,17
0.415580449551906,-1.51890114499836,11
-5.49497861097572,11.7827412363138,4
28.0739948942035,-0.967097880674345,12
5.60339951290209,3.44338878244801,13
27.6608997027013,-1.8424220704523,17
-8.46942821719996,2.93818360569597,13
4.25052494809782,-4.42610208094903,20
-5.15252273591389,0.245549784510144,11
17.003207226482,3.74146336763977,13
-0.863869364162686,11.0472051699699,12
-1.91903893830065,-6.66003367190838,5
0.431139838137532,-28.7291340254967,6
27.9629995266709,-1.03099962673263,12
-5.094318542187,-3.58987519176452,10
27.6014281887575,-1.77855094891203,17
-2.10207324931311,6.97618316732179,12
-0.00272215439862626,3.53978970511463,1
-6.21058494692589,-5.13771076335768,20
15.9822940252618,-2.6440902545675,17
28.767324944108,0.560886235349473,12
6.64120920544942,26.4095621046457,16
-6.13008286855235,2.6094714434638,11
-7.4334925775786,12.1235037448125,9
15.9150087088653,-6.87817121321512,17
-13.5321285748395,-13.7007509091332,20
20.1300724639955,5.05990595328518,17
-9.59855076278326,15.9202348166955,10
28.3843464860364,3.10897602536193,17
-6.19076248951657,12.2497446153936,9
-7.4667337976042,-3.36789680012614,11
25.6546530782497,1.12781061810629,17
-7.82896771744599,-5.85968476824622,19
-1.92741384313763,15.4545903089585,6
8.31864536821974,-1.31202178604887,13
-9.26814927769968,-2.65273297709442,7
18.5430751014013,3.65506125357749,7
9.0216909649344,0.434384627009485,19
-13.8282465819977,12.469285295949,13
0.141046143029876,-1.65648917003086,1
-14.5199785426776,14.4204003634364,4
0.510351701187507,2.27088001920214,1
7.67719856353441,28.1118194987321,8
-1.91632813066997,-18.3646577810594,15
-15.8423209982339,18.8405819805337,19
5.0281901973252,6.05699234884518,11
26.9841989421327,-7.56005690227629,17
19.4908262016096,-23.2016464962375,14
19.1901366605687,-17.80413119815,2
-9.56619522998253,-1.06683746074546,20
-6.9450128366845,13.8466886030591,4
3.88782108232389,-18.4718454103989,20
-12.5124869025471,-5.37553449151628,20
16.9087991370665,-11.8792908333114,14
8.39861293761434,2.76730657703321,10
20.8612301711954,-12.1757373228012,7
20.9406491764912,-12.3981032353721,7
-8.10866732063376,-0.489809729561864,2
17.1961463706375,9.41618850829485,10
-16.0205663992582,8.52369793115158,18
7.67371091772921,28.105444498513,16
-5.16710931381255,-14.6078021417394,13
28.5724788103145,-0.847992805740293,17
15.6865655703041,-12.1818250583928,8
6.63982507396411,-14.2256662833319,7
-2.36323708019093,11.4792023856505,11
-7.69439607407679,16.2908987241698,4
24.809139272604,0.270282853946295,17
-30.2882774095436,-5.29969988388439,15
14.5056550332041,2.7055352429221,17
-16.541060529702,0.0705414121408851,18
-12.0915474634823,-11.2356016773472,10
-0.905921356329215,-28.136819125277,20
-7.74305289513263,16.4324386545548,4
-11.0540156025003,16.4227439571567,5
11.1315928357762,-8.51378409052317,7
-3.89766487356581,-3.54359836789292,5
-6.36220399175195,4.3590668200834,4
-20.2293832782958,-3.41822587706869,13
3.85879636079221,12.6974539116555,11
17.9954820443183,2.75747812544569,2
15.3532487911019,-6.91268123790444,7
-7.87914719207084,6.39181862095925,13
-3.05629268935366,0.717119277478208,19
0.142893019468271,29.9764324361911,4
-5.11477760471916,7.44602876240355,18
-0.120017461844375,2.30256355066189,11
19.7042563378954,-22.691231203147,7
6.84145404494163,10.8937164443328,11
17.080812333168,9.47101845703702,16
17.3719701614832,-18.6902398406756,2
5.05279416463569,-4.27216393522688,10
-10.5506716202975,1.65822843644814,10
-4.89519326157476,3.41568284083064,4
1.89403123617635,3.75261242808398,14
-5.02544395407399,-12.8789004988216,10
-12.3616837829053,8.69657514359952,19
-10.4697345187248,-9.21080024076375,4
-12.7809341125858,4.30954571465936,4
7.66325629519424,-11.0533598253523,5
0.27775283415858,-28.4114674689563,17
-10.1823740055766,1.23480319107941,3
-2.17249930733715,-11.5922973289648,3
7.08638864160663,25.3505404790837,7
-19.8606375091314,7.97184182358018,20
-4.77375242414056,1.01942378780533,10
10.8631157011139,-5.3986730613948,7
-7.07070309502708,12.360118043555,9
-13.4272310384971,3.70952040929339,6
-13.4782510112988,8.94349543990771,19
-12.2579860246009,19.5085350880968,4
-6.13516579562752,0.455253540406511,11
2.15921897483465,3.51600524606876,1
27.5117328382643,5.74265807219686,17
-0.00743436123000784,5.60553333528469,1
-8.19059220062109,6.0806964163695,4
-12.0975513882314,21.1631254469263,5
-2.23423207551839,-6.53965713565523,16
-3.70206276040175,-20.5836521793008,15
-14.1697154269557,21.1753911130319,20
-15.8334711092933,-1.51520730800848,18
29.9252338958016,10.3794237897807,8
-15.3678828754181,8.70452940223258,11
-9.83582100929155,18.3022034988054,4
32.0711824247857,8.98257424705414,12
11.3948278427476,-7.50468680488365,7
-19.8520839683447,8.8282931054024,18
-3.76987229158275,8.54082389630306,12
-24.2395089884953,-16.5824766123417,19
-8.50917853475917,19.9736823243292,4
-7.05772806139796,12.1428108186273,5
-13.0410823877891,8.49461653679644,2
15.1671907566431,20.5128562537858,13
3.73337375287421,-17.5562692224018,10
-25.9553873189566,-10.0371572865198,13
-18.9403803483414,-11.8996586389126,9
22.160472806333,-6.46150022990642,17
8.15356691773574,-7.18226453809415,3
6.64997962370166,9.37932545286023,11
7.08068268674963,25.3040750260841,16
-13.0680101606338,8.50591585039193,20
6.95659836876634,-1.49655379610068,7
12.3016993081054,-7.50766845427926,7
10.7972040341741,-13.1643532376206,3
7.16584435874231,2.31731506114656,3
-8.97981408252104,13.4337160506153,13
-5.34138029548878,-11.1192773189717,11
15.3628795008087,-16.8407937442174,8
24.9273526935328,-9.4331849585553,17
20.092957420065,-45.1043046510607,20
-14.7239061345415,0.49781415682409,18
-10.1207099948118,-26.4089700005399,3
-0.72973967081082,6.22335837937271,12
9.27414821434168,-24.9786936159918,9
-18.7811971286152,3.74104438564246,11
-4.35003281521452,-3.57988589512812,14
-1.35602108476889,4.91460233422317,15
24.698492282739,1.18536553638592,17
3.46407333448566,3.85532061643085,2
-8.49229365578565,10.0184685328909,11
26.5881993531565,8.36310931683199,8
-13.5972808956096,7.57092429069906,20
-6.80491258408703,11.1839173031318,9
3.93194646735944,-6.20555142830469,5
-28.8342109754937,-3.40025484298526,15
-1.80485467004257,0.301735424176818,11
-19.1730187332262,12.3440256405488,11
-20.0424555580703,-4.36826895039542,15
-9.38435479032347,2.80163771402706,11
5.97893194200456,-26.231958006449,16
13.4323772550212,9.30941301151987,3
-5.35956778521313,0.4305159844351,11
31.5404808020602,-18.434590795116,2
-6.50184931338624,7.10996009496334,5
-10.2405275829012,11.0200067250841,7
-13.10377749395,0.398015339318515,5
-2.36213568267844,4.76087873410806,11
-9.11499862090751,-6.13423150598945,15
-6.25655099062166,21.1897273447127,14
-17.1615826231254,17.7830904504681,15
-0.273247593773852,-13.7559871554141,3
19.0489871565633,-25.4571648399205,1
-4.94649572369396,0.411886315526004,9
19.8074479353129,-17.6570059327154,17
23.0434664504587,1.78357250043646,17
-7.55268712255257,-0.0573946467957891,11
-14.2245597359938,-17.4897699455455,5
-6.81395935876725,-3.47235019481412,20
2.14521371890146,-3.57668009113514,11
30.1208149897219,10.3100996681054,17
-9.71871416486369,-22.3793465275563,11
-22.8580449897226,3.17726051425806,13
1.2348365653447,-13.0914751838072,3
-12.2139690278196,-5.58787345633901,19
-12.5610032751919,10.9062172687371,10
27.6857310502357,-3.54748129976279,17
-11.3666547569559,13.2566001019862,15
-5.59040758219742,0.511760633748671,11
-4.15054749083086,-6.53463157714276,7
-2.74956725081622,16.6954405082608,9
-27.5862373123108,6.41877365089879,11
2.34466848469374,-9.20882652771308,11
25.502454346567,6.25621726024489,17
-1.92640836974301,0.0375264808111372,14
-2.07087791205495,7.56747330597902,11
-7.51224493712873,-1.96611715877528,12
-12.3642764374781,19.473954512567,10
7.62289384927368,27.9117667662854,7
-12.7643492474241,-12.5256093779439,15
-4.34742517375237,-2.44289796050904,17
-8.14734804920943,-3.22287836289558,19
6.83402307625505,26.3253905332246,7
3.82166626051658,-6.24764631589156,5
-5.5890685332195,1.25177316338538,11
-2.90828181940036,3.46752714917427,6
4.19860989742343,-5.82184034600386,14
-20.1385708705061,-9.17309069319034,13
4.14208912653253,-5.76339844925016,5
-9.46656486092789,2.1857843991335,13
-13.3592829400786,10.584611277177,18
-12.5333696557999,10.6001477227235,9
-17.2310393188687,-0.996820218061558,19
-6.72721883587827,12.3438768735111,9
4.21280135770146,-2.34572911421678,8
17.2245810299048,10.571106657861,17
29.5122714837139,9.69251067880241,8
21.5233970731376,4.22882429567821,10
-1.40864538489807,-22.4493629684997,17
-10.9406680430614,16.5891341096112,4
-15.0778963391529,-2.9661588442366,18
14.9223086713941,-16.9343333009511,12
13.2402659851078,8.99109931524887,8
-8.11641845612412,12.0114499544507,9
-7.87963972149822,12.163380628555,9
-17.6360337859858,-1.22366366556834,11
12.6663593103646,7.46625207720515,8
-4.53370359719026,1.61976629507409,13
18.1727335921905,-22.938165768212,8
7.65014979813461,28.0197750582059,11
31.6436873375221,-18.3099926735559,2
15.6397872485499,-16.7459652619947,17
3.63058811994165,-5.58596772053486,5
-19.929462700726,-1.99090785856576,13
24.8902813545811,-0.858443541017962,17
26.2176119979191,-4.51287796185003,17
-28.9578482669339,-5.00361697310865,20
1.25330028901177,-15.7181928487616,10
5.64756743350583,6.97052720583513,1
-10.8632865823106,21.7508568776415,4
-24.6756301214875,9.64711728883248,20
-10.6553513488682,0.651397782894093,10
4.13604116908938,-7.52524939546384,5
13.8399326149644,20.4856418630191,17
7.64057734469092,27.9794701117931,14
16.1588400153689,20.434643311962,16
-5.05438121236308,-1.71169042032085,12
-3.5812462984913,14.37165309586,11
-5.81932677154164,-0.776017504908253,11
19.9226390876707,7.88138299348423,12
1.28863935937176,-2.47769011600919,16
-10.8266572194767,8.4802088791344,13
14.3498928334578,7.64606773750438,17
22.5656839739988,-6.48613468329466,7
9.42945379851877,15.6543114897703,15
-30.6454616375243,-3.10167571036845,13
15.4194119368232,-5.29655023709708,11
-18.0380142071488,6.94180534412268,19
18.5074160295027,-23.3561212283491,1
-28.4426428106631,1.00643142808027,7
-16.2724384508031,15.4810746914405,11
-12.6885276400222,1.02876899459549,6
16.4902271949448,19.0301522919173,16
-13.064728224093,-2.11489882962384,18
7.34420592776634,7.4453221545714,14
-17.4906709009649,13.1682008375669,11
-6.24308656530279,3.22187661465173,4
12.1041731966547,-3.46636751162426,1
-2.88587554148773,-2.78425596263602,10
-7.82940372914574,11.295765603303,9
-29.1713087984199,-5.27686182977391,3
-7.37537015249653,11.5823462218953,5
-12.2691961809459,-8.45600334291517,13
6.1073209443774,-26.3484393835752,16
-2.46675109017906,-4.09235363166839,5
3.97830999070529,16.0178644374431,7
-0.558667079900894,18.2563585508979,6
31.1298040980502,-19.4682934348213,2
1.94081348814451,-0.145711368020785,1
11.3284706029313,-16.4227363188416,10
-15.0193870538255,1.70602182002425,19
-21.1249217124336,19.3565825792,16
0.627822637614991,2.78730531820873,1
36.3944025325886,-37.8766029061485,9
5.96689358376224,-8.67166256729881,14
-1.78717991551891,-22.4167677443696,17
-24.4910513813211,-1.78420062372402,13
-15.3582120558521,18.707012625219,18
4.69247115796382,-22.0323948563928,6
-9.76726967587228,-22.3937425953371,11
27.6349283171606,-3.38009419997165,8
-0.188462840190119,-4.4355504406566,5
-19.7189042767849,9.14419982176409,15
14.0979942743232,17.5466565520713,16
0.648253238563675,-4.11037893365299,2
7.65121952585497,28.0263286242981,16
-10.8735805972688,-6.91144797670618,15
-10.6734097139251,9.90480897986089,13
-11.0269553935641,8.50549864510748,9
-6.38262468128962,-3.60932580220864,20
-10.5522841304619,-23.9370148103355,19
-6.60498270389406,-4.22127504608537,20
30.2160257887402,8.0615171164773,8
15.2801173699994,-5.93655927695772,17
17.0643499200534,20.3592064062107,17
16.4311541186022,-8.78087806192513,7
18.0138232630656,4.75486254210145,17
-0.443052152039354,-5.01869163079211,10
-0.938269124650653,22.0965003172891,6
-11.3845653394199,3.77510876915342,4
-8.50623159804094,6.29029167948205,13
13.9104994194934,-1.82134484656923,3
31.6099762147157,-18.3312778991382,17
-4.87311170028555,-2.74524582121117,3
-6.26086306320324,4.26208804702198,4
-22.7241478766961,4.71854211673601,13
17.7514335298144,8.10125907246495,17
-4.21052126230705,-17.9555235680262,1
-7.37237590937508,0.532788866258082,13
-18.8036979112637,13.0701400074338,11
13.9538838863778,-1.83898404102638,7
-8.70911637612074,-17.0680505732436,10
-4.18918211905574,-1.2780266011201,11
-3.08855524099517,-0.639405867419513,19
27.5086480315325,-4.25397187190139,17
5.09283049982881,-21.0713380373218,2
5.47813677245099,-14.7792431460621,2
-19.2721039557301,9.2729491863955,4
-4.46313000945186,-1.4861043345756,15
20.9378909318198,9.43339306013677,14
-7.73545090793021,12.6290047523151,9
-21.4118711957688,-5.67059369166381,13
-14.9868084386505,5.45172210752586,19
3.16257913196503,7.95649779760052,12
-6.68263139818734,3.20000106367442,4
7.6537099944931,28.0335133855429,14
-26.0219451443726,4.47201918342199,18
-10.8831855864013,-0.855107727361649,15
-17.9373029515811,-4.00991219467119,18
-1.5006140239174,-28.3307155492884,13
-13.8131321922294,-1.70105247372968,18
12.3793752950297,10.1814306644486,7
25.2465359009426,-0.192191427850973,17
5.57558594411493,12.0806634949337,4
-23.838942267095,-7.06482364653272,18
-7.03655301352839,-1.17902154957327,20
1.42298586625434,6.00801874509928,10
-2.55420370803895,3.87558938959987,11
-24.0576779498159,9.01837818870894,19
13.9742457282593,-16.0415143244179,4
-2.22973931020452,9.58452682757818,9
-3.0568534496751,-17.8061259812384,1
-1.62280844344601,4.89761727816424,11
3.69400930727083,-20.4847528585683,1
-11.0158519660882,-7.04779568839055,10
15.2172548341191,-5.86849718297242,7
15.2982158680306,-5.92320186847672,17
19.0523037573575,7.11255586711502,16
1.66952480760131,-1.3165640622011,11
26.1680603854585,1.05399523879559,17
6.7837065454926,-11.5435810396523,16
-10.8078799838927,-8.52810084500631,9
18.3984430761401,3.59935547552154,10
-9.47595226394606,13.7993306328533,4
14.0287120835528,15.4490362472782,16
-3.47057279562141,-24.4959784708665,19
-12.8672287209637,3.39801240822221,4
-2.59302524990873,23.9459876071859,11
27.6965401570665,-3.29608718741161,17
23.491806096108,1.65564296764686,18
6.12419720618945,-24.7405915217908,3
4.61492523393874,14.6722661307849,3
2.6894589612399,-1.39575976234938,14
-2.00065732410022,5.48991702099659,11
-11.6906001779254,-13.9883924424886,5
-1.34487649652947,-3.24864913660223,2
5.18748735495976,2.42460597171033,8
-1.54723868017067,6.2162596510257,12
5.61736208803627,-11.2509152827156,1
-4.82283934424686,-3.46414957573357,20
-11.4591848445168,-1.69867829240786,18
-0.676601008146209,5.31490602902415,5
3.80037803933061,8.02028910747069,3
5.08187660596378,-9.2794967112064,9
-1.99201905972765,-17.1536722814034,1
0.743937497850593,-4.08076537774824,10
-21.5116657036099,8.6492945033677,20
-24.0684379132174,9.08928088825511,19
-10.0920280780191,-2.37479340834775,15
1.82597802655434,-3.1882726195565,2
-7.5218668591329,-19.2433714172712,6
13.5430539626116,14.5605621129322,16
0.702653169070815,-7.03444728205572,10
-4.27364797876064,19.0376521310388,10
-24.087398851661,6.87896877035076,11
18.5600270078897,3.635995063447,17
4.15989828020342,-4.55762751091242,18
-14.2610487855816,-4.45611251508059,4
4.75468298202981,-22.0093290210818,10
14.548708187483,-6.29973997735591,7
17.505739778066,-11.3120722250196,7
-2.58050548835207,-0.914643211613113,15
-24.0580713806792,9.03916714869681,19
-9.37229470611145,6.10743227318146,4
-11.3251665150428,-8.28223595988342,8
13.3278154814801,-4.13856803533984,7
4.86774904905887,10.3986276678691,12
5.18603822884188,4.67062384495055,16
27.1829069959845,-3.06084841022992,17
-25.4326220175875,-12.2212810434844,4
0.175554890712951,2.65397035088876,19
27.9427073119899,-3.61993672633692,17
-7.6238571675866,-11.9544607288558,5
-1.66310065263504,12.3627965007034,15
-3.06672061705721,11.772853820891,4
27.0567512769826,1.76484607922006,17
-4.02160322419727,-3.64514870175577,5
-25.0178959595045,11.3947461286887,11
-21.4083549371194,-5.68999887639082,11
-2.6907207265326,-4.91954208163612,5
4.4529493919409,-5.74988079960395,5
-21.3520669457866,-3.39665382937621,18
11.4375478785624,-3.00761637466855,7
0.119455937375702,-4.40319678064378,13
20.3379683474859,3.99826668070449,10
5.55991530759226,9.5932888499679,5
-24.068662272246,9.02657369323359,13
-10.4905650392451,-1.63912683050213,18
-24.0252033660185,8.99007462168051,13
-17.1999360131534,13.6238139845537,13
24.5281681085224,-9.14081393484484,3
-4.57300322940211,2.61068151997746,9
-0.974997945237256,3.24990462303394,4
24.8293303963147,-8.95460465311927,7
-14.647715021888,4.86434243708999,20
15.4166289365473,-8.81567058612373,7
10.4421844122522,0.403436986807732,17
5.35905199129808,8.19059038975765,11
-10.5887961036817,11.1829301867934,9
-11.600938220947,7.11368192523769,19
-9.5294737907025,13.2129505392246,13
-6.31306275808335,13.1164354571214,9
-7.64669886957644,-11.6622387484416,13
-13.1255270261671,-0.554675419838127,18
-15.6725333821573,-4.81766109231728,18
21.1124189468353,-2.44656414901169,17
6.02784868941205,-21.9421311854222,10
29.0126718858532,10.5614434532284,8
-1.59477035310927,-0.248742004885589,11
-12.4350346712527,-2.83298479804911,18
9.00743605688081,3.68385970881569,8
-6.73602897214026,15.385123278703,5
18.5281283737619,-23.0091616343478,14
5.54912032513745,-13.6939199640715,2
-11.6739262069291,-1.4288429565572,18
28.6961543359804,-0.479588431007581,17
7.45882882418346,11.5490466782939,10
23.7841703569744,1.50319971847151,17
15.3326886061983,5.12656978954455,8
-4.30682307885519,-0.0116903418678157,11
-6.88727862089006,3.63305499284722,11
20.7884892583539,-8.46851156288084,8
13.6378470740436,4.23885000713815,7
12.3300555122154,-0.483916775483986,10
-3.09223750791233,-0.633370213187861,12
-0.318125069972572,0.136923372594419,19
15.6038390128947,-12.2031421955428,7
-14.7395744712753,0.728521492684131,19
-14.3735855978203,4.71629174181113,12
-24.0609219715272,9.04897139587731,19
9.58859869090305,1.25874819500569,12
-1.10909927708843,-5.47784512589831,10
-15.3218337078737,12.6766555015232,10
-5.86526060865468,5.79163090919513,10
-20.1751826648068,14.1495568070481,2
-7.18459126409881,3.09616425997164,11
0.00743518606147618,1.61570379428796,18
-1.96555844226972,1.71408713753178,13
8.63058199655559,4.32725512660958,10
-15.586962540245,-4.7893896939885,15
-7.49105686519857,15.292490913611,14
-14.0692215222208,6.90768377146891,19
7.65015871847058,28.0179347343708,17
30.7135990071977,-20.8460216745475,2
-15.8196179534584,12.0701329447076,4
30.7195713942982,-20.7249735961136,2
10.5980281331218,-6.31517797476798,10
14.4122315460169,-16.9609374482441,1
19.498413357277,2.79214211715942,14
4.38050766564736,-23.0441750602785,1
2.69267910625929,-3.13297654473886,2
-1.97861307220022,9.0590218990732,12
22.3858506488034,0.194918314239922,17
-3.09420043022763,2.5233095794758,11
-13.7429981612038,8.89469356657341,13
-9.31089299177667,8.10699534233618,4
7.87319368565231,8.29505467568096,11
12.4279921662637,2.36424182393901,14
-7.40833673356617,-3.14638654439118,11
-3.47186771058841,0.43418710493725,11
18.0333698062954,21.3291757339264,16
-1.77697884138787,-22.4118674768572,17
6.97677003532285,26.6046614681075,16
12.7740286902654,-17.6997879366882,1
28.1999155733835,-3.39804654467959,17
-14.5448198808595,6.05374451436641,5
2.86624320435407,-1.19810773207324,3
-6.72849861022168,2.5057974842997,11
19.3393883532425,-7.87847510259674,7
6.64093356050564,26.4151349176583,16
-6.71666151072419,0.808645256708691,13
-13.0434206731826,12.3817167556711,13
3.83802516353124,10.8200102646989,9
-1.42140550747576,-4.2160945530941,10
-2.15736909467478,-0.503238145604498,18
-5.23180932401297,6.22786530470457,11
-0.475320083325673,5.42084589993451,4
-1.81453452750109,-0.0480630862949976,19
-0.676871808889932,2.313485037317,18
-11.9701669941754,-10.6795354176915,5
-3.08077023975425,-1.70184335819398,6
5.510395837632,-4.87602005246218,20
-10.2664117014598,16.7197444203609,14
7.10789372306416,-6.81446003897431,3
-13.4348707883836,3.62482221824599,13
9.06061556111252,-13.8252173611026,14
-0.0692714702099092,-8.98271896835098,11
-12.2783581886501,7.73577280816023,19
-1.460828397493,-15.0950181944604,20
16.3487769260058,-16.6095466939137,8
-1.693539365069,-16.0738589443251,10
4.47489830868079,14.0457682457108,18
4.93670771246318,0.0770775615728242,14
5.59826395465025,4.06218090585592,17
-5.82154326921285,5.97026505817134,10
-11.0082751396348,-1.51834784243545,15
-2.5360547299562,1.85625451586196,3
-1.4466467465316,0.596386091153601,9
27.2373889356122,-3.1342758491445,17
-28.9190204879305,6.97296743661713,13
15.622170278416,-16.6690226372389,17
12.1783460066087,-6.97090051077548,7
-12.5977347351687,4.85978215767872,13
26.9693253374511,8.35633166964747,8
6.9359515608386,26.3928641869543,11
17.2749890537572,-1.4802233769247,8
5.06968844471889,25.694958757976,19
-19.8640853980461,-5.6818167152201,19
20.8156468421711,9.2089587563434,12
7.45052227711624,12.4747029944665,7
-7.32167603297924,12.8871051561851,14
-1.88032722582398,4.8094698014242,14
7.4109139291176,12.4671568386034,7
22.8553915245789,-0.995257499681858,17
5.38923744486487,14.0482353244193,11
-18.6848509717551,-11.9772023110703,5
-30.6315455695271,-5.46223037320751,13
8.14404514791266,-0.287693287619076,17
-8.33397169642351,-2.27753416016078,11
-9.60068384457928,2.18923609733724,3
9.43329933612663,-15.8861424346184,3
-10.0385459447755,-22.5285655869975,13
-2.1158396729612,-7.77641193849596,5
-9.06562700904916,4.78188537494889,13
-19.5243009640854,-0.17009443173358,11
-18.3793980867034,4.86464732480594,15
29.9607061495261,-17.4143950557478,2
-22.012265151774,14.927205113862,11
-3.29807476612107,22.3854986061453,11
4.52583140508075,5.07741589026921,10
-17.2391910943622,3.94760165032564,11
2.55513237968824,-18.1479768783947,1
20.9443461632385,-13.0672829414746,14
-2.99366743365245,2.17279153651274,4
-14.1775114902733,17.1068320694983,5
-11.5041154634413,-9.52006968183486,11
-9.10994945701842,7.11702405604324,9
6.86924422155127,3.36278907930756,13
16.849716705794,19.2308753202338,16
22.7567664017298,-9.52375764466296,17
-4.0919294280347,14.5175796403899,12
-9.91182851224556,7.65883041829983,2
0.547431325051238,4.81320944867339,1
-17.469041261952,10.264048824133,15
4.73654584383075,14.1626719973371,19
-17.1145770694508,-11.6893556236411,10
-22.6137427769597,4.38100517039168,13
5.15886496919275,-6.75720177319721,3
13.9373247067914,-3.23364663182641,2
18.9907403758385,-14.2132519523202,3
-6.93830144041568,-13.4996178398277,11
23.8446821736262,-6.02304219851807,14
-3.82189163021187,-1.45907928027186,18
-14.241769599835,-4.46856305269073,19
-2.02984981846208,6.20024018343759,15
26.3256388023295,10.065168254908,17
0.289425087412708,6.84851944970547,18
-1.26068735266447,-4.28733171675727,5
-22.3138373928114,20.629489916007,13
-22.3209027440089,20.6317158318378,7
-22.313079103799,20.6271765622438,13
-22.309662013707,20.6285865189507,20
-22.3143363264374,20.6290062365795,13
28.3143402766663,-3.81152792310289,8
0.615097831818802,-20.9980770903352,1
18.3732800907393,-2.37684636946782,8
-13.9580804234034,9.95794942135566,18
5.25516323462121,14.0033680692678,10
-8.60014978506331,-6.06973420478391,20
-2.11063689864819,0.56781139666006,11
1.05289570504115,2.89870184093587,1
-2.88832985275095,5.86741712429898,11
24.9027286295791,-3.61300850409016,17
-4.92450738245078,-3.24091796632462,20
-3.04075125360628,-17.7659943733043,3
19.2524313437491,-18.3948533922547,2
26.054984176572,3.29766540372738,2
5.53345365455261,-24.6351952270599,10
29.1666168869558,10.5932803132815,8
-1.36958884306135,-12.8124359290836,3
9.40326908028938,9.52384764088061,8
48.3054777589622,-9.45874487949777,4
-16.7622011393955,16.0169905232221,15
-24.9156782003377,-3.02548589916702,9
8.44250063365575,7.28558493617689,14
-1.60189087154681,-4.36126840986497,1
-13.9636443667907,6.95976946163809,20
1.04799978428526,-2.55454811211695,11
-5.90837236321524,3.10172234655113,4
-7.96835572512079,-12.6822695449877,16
-0.0415347539764172,-28.9093367664689,16
-10.8583588267207,16.7130862192466,4
-16.4918168582107,24.0957312102767,4
27.906425820815,-4.58405656589352,12
-20.9784941438593,12.874397721155,11
9.32033127294266,3.21606784688411,16
6.57523509144576,9.63188107808831,15
6.50350624431401,9.24222590859935,4
-15.2930380888545,17.1282310938877,13
9.32935303048533,17.4139205542432,17
9.47493566840574,5.89732606595184,18
22.5459952398765,-2.29678164467365,17
-14.7767909957156,20.3165085279139,11
1.26014652460277,2.52626113621315,1
19.7740378924177,-8.75890862842907,7
4.53745767794417,17.2496439177947,1
-0.950782615692895,0.941963407186466,8
12.3911749805852,2.49701689735463,3
-19.7605354420735,-8.21292926095119,19
-17.2336926775185,-0.989274624668208,18
7.94086176908282,-5.96456507191966,7
19.8322281728989,3.2269873281908,17
-3.75391033228378,-3.42357684083104,20
-7.93698095928264,-18.5693467536124,18
14.1450605191881,-8.7614618945016,7
16.4057641225438,-6.40812726974468,14
-17.6890335971465,-10.2213473105504,9
9.32834324276648,3.19796642498554,16
9.2879625187918,3.21303657376552,20
27.8350540008434,-4.49155669604886,12
22.9579726980517,-10.8572350070874,7
27.7078927110255,-4.54499125686074,17
2.69097022582121,-1.29871831162424,7
-14.028839389719,0.423631145864226,18
-28.2574594787453,-2.54727389839968,15
27.8409098464559,-4.64286507686567,17
-19.4274139572082,-0.122778617390972,11
-2.81798335182392,-5.77090239793677,5
-12.9943850948453,14.8766814118687,13
-8.48236631066479,2.71854555058609,13
-4.93439027654491,-5.70614409987212,19
23.9514263029791,-10.3245537729584,7
8.38890492386958,-2.15615239796211,8
1.21775113740173,6.11556251731065,1
2.93080072305187,-11.93146330209,5
-18.43529736648,5.84151708435782,7
-3.72245230778554,-3.42941873232062,11
-17.2170716144892,17.7982373479296,15
-5.76500264788028,-14.3622615328281,5
29.3782104102488,-2.84464678275755,12
-3.72076565482406,-28.1756500701477,11
9.17108220481498,15.2385432359294,11
-16.2853842760571,14.969529414691,11
18.9430297812026,1.99726705088959,3
-10.9275637482947,16.8729636334229,18
-2.88458527002069,12.2371549800853,18
-4.40003237469577,23.5284946612731,11
5.18510431620892,6.25543406330897,15
-0.241743590565379,-4.78630504632978,11
24.2413507897529,9.74998270836507,17
6.52584163656089,-6.98562673071707,1
19.0565625650261,-25.5363808093045,1
1.09272980169912,-21.2829442029215,5
-0.924826270179831,-2.21024754862469,1
-13.4861976048434,6.72416887048417,19
-18.3625500902455,-0.147221116478043,9
-6.96660104326365,21.3423531649245,4
20.0929574200651,-45.1043046510607,20
21.3860870600634,5.84071330841613,16
1.03875779175064,-15.636787003474,10
-21.4076989275523,-2.03867317444749,13
-13.9656638124099,2.41937273893882,11
27.8582580759731,-4.72286084908751,17
-5.59469021202039,-0.0713444235132443,19
-9.06507035276843,-1.57515455192655,18
-5.61649282744959,17.0440267166341,10
-8.66811056712663,3.08390682421404,11
12.7343677598415,7.57987168643766,8
-5.95077003742873,-2.12797550555231,10
11.2975035853789,-8.48325955092898,7
-2.73710427910002,1.69798216075321,11
-13.7409087410945,12.7283740900619,5
-0.242449767773264,3.7887470785209,11
-5.24201946183396,4.07227142890257,20
-15.6164646218587,1.95049698086676,19
4.07116518485303,-17.7616373057191,16
-2.20054688535795,-5.35804815789151,5
-1.14591059295649,0.70738064822074,9
-20.8885655919025,10.1266087247099,20
27.8423303916269,-4.69159014237112,17
-20.7853343802855,25.2183811461293,15
-10.4715978703053,-8.36352161644058,19
16.7869161104275,15.9931755868468,16
-5.63034061304204,-3.59719024374581,20
0.225481318078887,-6.39444387186428,16
9.84443788089117,-25.0218086479361,7
-8.76980625447375,4.64560818150805,11
-3.70367855270046,18.8283861454774,6
27.1771899410449,12.3387388599038,17
-8.96650354229363,8.55846945300062,16
6.56758313440736,20.496568429095,11
16.7168501963225,-10.9797362995844,7
19.5369601137189,-11.3789605629229,7
-11.1207131019398,-21.193495366222,13
-8.1711833085944,13.313944095044,9
23.7895693259086,-8.82391466182856,7
-7.15843386406444,-7.89140738066228,13
28.2087428045853,-4.76321203261374,17
-5.61503255381313,12.6299881940704,9
16.1621053383883,-8.05593278570193,7
-12.9392183463356,9.95271879693056,9
-7.72780060658426,-0.0472873463606476,10
-17.5376534867902,-7.85833708493263,13
12.2685015986117,11.0757659805416,19
28.3662368657835,-3.53674098344575,17
-7.30044580183388,20.8127766968946,4
27.7648852414677,-4.77025502374275,17
27.6840093027211,-4.53443577211879,17
-2.40289254065016,14.42183718561,11
1.99369361302991,3.48696379389659,14
4.99003635909644,6.00251943836928,12
8.78026507732758,-9.24502545228072,7
26.4848979533144,8.33729530635414,8
-30.1170538000332,-4.63587831527328,4
-1.24347472269804,-0.0673927817653943,4
8.55344061658114,-17.4789428226618,16
7.92246753720888,21.4595218376696,3
-21.9849532742593,6.30359581871809,15
16.173809410306,-7.85543423228382,7
-4.6688697495513,-6.78054107475896,7
6.6398542544504,7.55226985107905,10
-11.334045462483,10.0994090282176,9
2.66149698886387,16.67708087905,6
1.49340604673002,3.17986300710314,14
15.2775948132608,-7.10060317502419,7
-6.62079573269875,16.7435151873301,11
5.00490872433835,5.79821557705957,5
0.526173237478349,-0.62954930972625,16
9.41744068776932,5.98245672894918,8
16.4246916368206,-8.35116866116316,7
4.11122825752203,1.33853647480005,16
-17.4168327703001,18.2843428058608,14
-10.2225696251407,-4.51155518796135,11
17.9501050059743,-8.30082227568768,20
23.2648152353509,-7.56359109252165,7
18.1883368753904,-23.4435269665303,1
18.9888659102472,-18.5877384798704,7
23.9919383225366,-0.0323662182738871,17
-18.5058540202499,15.6923876073823,18
-22.6409372517325,12.0007616190521,11
-6.45095583582177,4.6161549499116,12
-5.66667633277995,2.4871674298005,1
-10.8442389215916,5.76970998285517,11
1.7838694907303,-3.11421526114735,11
-5.11498899839454,1.48225010673406,14
17.0842085000885,9.49586991727971,10
23.9963421214111,7.94372436918825,17
28.8020171364726,-5.28765720346678,20
1.13147146691739,-16.8645424086632,10
-4.88072894871311,14.6023529528248,12
24.3952716637561,8.11836101487274,16
-5.523986434939,8.822501472149,9
-30.4620330282667,-4.73431485851776,11
-3.91211367669239,24.3400863818619,1
-4.08573824056677,-14.597814166374,11
-14.5837203044967,-3.93848663112573,13
-12.132504064719,7.31795372847811,11
-13.9124833087272,10.4519237073245,13
-9.9060937847288,-2.9297634836253,15
11.9235651480544,-6.73463419949728,7
-13.9290121252148,-27.0931043087365,1
6.2104093732041,20.054817664,6
6.17498273559343,19.9633430145636,6
1.93290724709435,19.1782467186108,6
-0.0134666354675355,19.3753927237289,6
5.70254262116201,18.7828025069551,6
-1.28526430370783,19.6306008522487,6
6.13097991844309,19.8567861456873,6
0.601782914156286,18.1716979727469,6
0.960621660073472,13.8776575706286,3
-0.945609692893511,-2.94082510599396,19
27.7317289953873,-4.78176589862317,17
36.3942026856199,-37.875871241427,9
6.3244484636889,19.9482536574814,6
-3.46342867600725,-24.4318921209044,1
2.59799705600991,-4.1311370017209,17
-5.49181988013775,18.7903002337201,12
-25.6635958685114,3.6074698506629,13
-22.2523183113989,4.82338853759823,13
16.074426099767,-5.37446970982327,14
-3.79451032698209,-14.5747259012538,20
26.3886125253567,10.1049205254772,8
-0.471032753778198,-2.81649347843779,13
-0.375044156306702,-2.97799609776504,4
23.2107838442612,-11.653603863505,7
16.1748796802649,19.8109483256411,16
0.680044357043737,4.05116426517686,18
-18.7598455536362,10.2242166786813,11
4.5448641607823,0.60859878528936,11
-6.13589150635634,8.93788340041869,6
-1.11264459738595,-5.29344923599962,10
0.946327612966651,7.69013169067333,20
-28.8506692917524,-3.83314760099902,20
4.96047964877449,7.81004854645076,11
7.70686023889151,-27.8323144535561,2
6.475710094087,9.19635518048263,11
-28.1275170374002,0.966986017841615,19
-21.4400868326273,-8.97462648210747,19
0.0911517921321139,-28.7113378945127,13
-2.88408989480364,2.2398090070133,19
5.22837038319388,4.02088542442024,10
23.4613948400812,-9.29690973675368,7
6.33745234706526,-23.159412223315,17
-7.74351170385399,-19.5895007700689,2
31.3655738212668,-19.0239423248673,2
-6.99808293248428,19.8218366145346,4
-13.9886246929452,3.45445722503463,19
-7.2759771168228,-10.9059433100622,18
-11.8450203638033,2.65240081978818,10
14.2619168857698,-3.61608240102901,1
17.9573396992734,5.88103714130846,16
11.3825686557822,10.1687279026641,10
-16.7076080142874,2.85675862544499,7
-16.0383364977502,7.74613662499288,10
-1.02053389428065,-27.7123458515326,16
-9.82871920186174,17.0777310014612,14
28.0432828319531,-4.71861199006701,17
13.4028177000569,-7.04554481438208,15
5.6151619055973,-3.99377726484344,16
2.32239145341083,-20.6634160015385,2
-0.277958298889056,-1.2838090903309,11
-21.0333716540406,-2.49428066069442,4
-9.51817471974672,9.51538793711753,2
-24.9573871168003,3.42332190795255,13
-28.2637794470921,1.0234048346375,11
-7.32232887970583,-2.02896032932979,11
6.00636141593607,-9.80505616996022,5
4.52833773448804,9.30170223236202,14
1.21803014424806,-2.30046525493031,7
14.6111072050268,19.4053613569654,16
10.6326467195221,11.3428334220868,17
-18.0377914507089,-2.68919170008106,15
7.12216234759513,21.2367183197652,11
14.7978242924403,4.33542189770814,3
-15.748658960414,-14.1627936044842,7
18.7555252833919,-23.2404349193284,1
-0.714593232486005,-28.2667018754573,2
19.0563902623885,-18.7460064300694,17
14.8756414587301,17.1601653939296,16
-13.9619149409107,-27.0616294247943,3
-23.3942317085084,11.75116983212,11
-9.23734376503414,11.0314850033327,9
28.5817348034412,-1.49791633901125,17
27.6476880033271,-5.63137341639194,17
1.43851653677568,-9.07073750232132,14
-16.5310356000934,-8.92750195456155,19
-8.39436659921674,2.96351824874796,15
6.16732355568527,-24.7652195441764,6
-1.88184003041201,-6.55965946346786,5
-11.2671895040343,-10.9103222281066,16
-16.7904437474644,-10.894415720691,5
21.3689019520011,-0.255384590472333,17
-11.101388548122,1.52998782564554,11
0.520487395859252,5.78961501492865,1
5.02320417858715,-9.20293468815277,4
16.9188730688532,-6.08915445630919,7
14.7549512533233,-12.6396713527653,7
-1.89294932982803,12.6785824540006,10
0.0731949708423477,-11.6865710347928,3
-5.81878803675999,4.42319383322385,4
5.72024516281605,11.0777506376381,14
-13.1696900277919,-2.4935035857784,18
-2.86423805982046,-3.10643731334408,5
-5.53689652252339,8.28946239261401,11
-12.668750305045,-3.5266062848177,3
-21.8637262807021,-3.51759259444811,7
1.58355272728205,3.83822787481227,1
-2.17159477971818,-5.26331817275127,13
-1.91035952343977,15.2628383694459,20
-1.13994527890775,15.4086445197485,15
-12.7231619381358,-0.719208807414735,18
-2.89629537407756,7.60680310085067,10
1.87815647103041,-14.6227482279765,10
7.65444167591426,5.68362773011956,14
16.7873835894446,18.3982072300055,16
16.5401941634228,18.788115185108,16
-5.68435393011461,-8.91412695741515,12
6.38333533627426,14.8990377529074,11
22.2476957669112,1.64457318173079,17
22.4809336298687,1.95846532342064,17
28.5825623087152,3.73839012530225,12
-7.56092920632666,7.40436673943585,15
-0.851157995797364,-28.7249199739345,10
1.90346364969149,-21.0064192118386,2
-26.8526093458836,5.36369708346234,13
9.66429539681314,-15.5203294156282,5
12.8409039459933,7.6452870072435,8
-13.9052827793201,14.8466399568227,19
4.81744076393306,12.1230610113729,19
6.62594988100975,-10.5860739232435,5
-17.0184414052871,18.0865330655766,11
29.0691381486533,10.6271554572765,17
-19.1667225250495,-14.932021800265,10
-7.86403075065386,4.92631376944903,20
6.78812879705354,7.07289434139803,10
6.75195849002362,-13.3245916446741,2
31.1113190002033,-19.4230642619487,2
-22.4925030638814,-5.42041191136828,18
12.7563032669271,-17.6756188290049,3
-22.7916196595654,-3.84700680990571,18
-17.9184793036147,-0.649788447428455,19
-3.00183397508265,6.47829495895978,19
6.31271967636359,-0.231570638416729,8
-18.1659919248683,-1.28683258384871,15
12.7336860650253,7.58594884137494,8
-9.09664042221279,4.00088479601982,11
-6.71175136046869,9.148206791954,14
9.77270561257551,13.0999087246839,7
4.04536938098357,-17.7977003139672,9
28.8179801175395,14.4183011697417,8
21.7163000327567,-5.45688339330714,7
-17.7932589665366,-0.668786489854143,9
-18.2741320540906,-1.28691963522778,12
3.55539588647977,-8.59560899770721,2
-8.40666629244043,19.3778855383046,4
29.0146315226981,8.7111759559648,17
21.8007090233593,5.25574096591142,17
27.0216187425803,-3.64292798844695,8
7.584436450226,18.5607521365468,11
-13.3830389486009,-11.4847717814854,15
28.3592787776464,-4.69129011187487,17
20.4895239077927,-6.09265560535078,7
7.64549925688416,11.239776632256,11
14.7512064686327,4.36813683870349,16
-11.7944097668431,-4.03118248923789,18
-1.97635387227053,-15.9396908042593,3
-13.2888071794143,0.906083692567381,20
0.987589187360493,-6.44469202963884,16
19.4948799180679,-22.4770167972033,7
-17.9162109421293,-2.27151148173071,18
-0.166525787893862,4.00711096472756,1
-10.1110955446515,7.71065868716856,18
-3.00469369236863,5.22068304212793,11
1.13337713482573,0.175187355488485,20
6.81844775911622,3.92973613986795,10
17.3029896190631,16.0863003342075,16
-3.11198343789184,-1.62331956111996,19
28.5509164119719,-0.929064033131284,17
-7.81288829236188,-10.4054427628971,3
12.123147285248,-7.70466278520013,7
6.73406223074393,-8.21943545300166,11
-3.3650585325254,5.51376925141411,12
18.9515968156192,-18.7599407878896,2
14.269709465297,11.5166022448442,16
14.4277122429498,-16.9782219232888,2
8.52558761685627,-17.5964580265712,16
-0.703758724624551,-28.0076729261126,16
0.246674482706254,-27.7567933608544,19
-2.79622469187503,-8.30453039804139,9
-1.91746724674341,10.5340434669558,9
-1.84526650145552,9.90761782799587,9
-2.39102932018451,-11.2929824590674,3
1.73035445255482,-10.207634099391,18
-8.6023483403808,0.711130061941103,11
-10.9164640045984,14.6086061156852,19
-6.58387105989191,3.31360456081794,3
-8.27037061745921,-0.123747323345706,15
4.88640868837563,-0.170684069778378,11
-13.4012965641032,0.585374468469953,14
19.2350737242137,-13.4129694125847,12
15.839842528452,-3.11897706458966,7
23.8257588611326,-3.60157659477387,8
-10.1673136297023,21.6622673960838,18
-4.41066106194264,7.70343453194846,5
-3.54802859737863,-0.551366117680991,19
-12.4606827701846,7.9815069029043,11
11.6676009681663,-11.0246538726188,3
0.437205681149309,6.02585283957559,15
-16.3450751476174,11.141438159373,11
-3.25402700457148,-1.68542150972424,19
-2.37973471844149,17.2626251397644,6
-7.46421503102082,21.6376256604052,4
-15.9470149675465,-2.38732100432437,20
-3.06208964604128,1.19878011076377,16
-4.75378408891891,-6.53910772497182,10
10.6401689615273,-7.05398771258902,7
19.0723074045427,6.62204333750089,17
30.8118060098609,-9.03909170725284,8
15.343947225592,-12.4298283255031,17
-20.4087812837142,6.82891950603695,19
-21.4650797876857,4.4726069509202,13
7.12764539679806,-7.28604506784499,2
-8.85866601574513,-12.7421897163182,10
14.0575253768304,-4.47728569079028,8
-20.0155938967943,4.32714663669407,20
-8.83358323618295,18.4863094754799,4
-3.4033702643923,11.844664611355,10
18.630036993508,-18.6873101900867,2
15.7510571763119,11.1473372231154,11
-17.7315391628755,16.4175074211088,11
1.08541204232079,1.46599766583542,1
24.4417845571866,6.87309863512582,4
6.76823472777752,20.8707114107618,5
-8.46711458070349,13.1407051141796,14
5.28403559332636,-13.1529719907472,3
-5.05460905923604,-17.2632037155008,3
13.7329757154061,-7.94433690820761,7
8.1926669169937,-5.15384853012669,7
0.123554033533135,1.46512124343664,19
13.3659448600446,18.8121465244864,16
-1.98981219751761,-16.0127274248402,19
-16.2083209665657,-7.37819657714896,11
4.02443066880552,6.27932219379159,10
14.0890814970253,-3.09808186563143,2
29.0993355500333,6.26759602960251,17
6.25268530669074,14.8900877831483,4
-9.67865853209291,-6.89611808844181,15
-15.2025096187756,-7.84949789733025,19
-13.8831030430185,-27.1529406165245,19
-8.7461495343223,2.92140789068134,14
-0.832768519965173,-8.00945828132705,11
11.7894064102223,0.22903757930153,3
7.58625211764248,-27.9660827574494,2
8.84636138752978,-3.34281659033448,7
6.17469446514605,9.09684642860094,20
24.571815918864,8.29520790523354,16
9.82554621948996,-15.5966270948329,7
7.24357109022302,21.3371166243951,20
-11.6384095566453,15.0462796890202,6
-5.87763842917311,-5.42020589380732,10
3.03892945961441,-4.85368473811181,2
-9.61374505000533,0.244757336813395,15
-7.15027879756727,-3.1659438212716,18
12.8184355846279,3.06355872808666,18
-7.35330643197521,3.43529941514927,4
3.85823927158822,-13.5386961709317,10
-10.1268601559074,-9.32918137366362,19
-21.6022095277397,8.72986587304623,19
-11.7395672292908,3.57430808156151,11
-12.9626767405746,7.24161407767701,11
5.28644478879866,11.1414218103072,4
8.17857544134936,-7.66376613570441,7
-12.2750929439271,-1.4754549091723,18
-7.42584560674688,-1.67342023572075,11
0.771371637577633,-9.59467718372151,3
-13.3794759552682,12.1819859812898,13
8.06755436074053,9.36702414377171,17
-2.19819762179693,-11.6823687185986,5
-7.60561139700762,-5.77430334596151,1
6.02887134524344,-4.73761065056352,8
-5.8355441154526,-1.441387573573,10
-13.7534131111268,12.6319568616341,13
30.8827666162928,10.0653429427177,8
29.3511636568101,-0.98601177411236,16
1.94460940911892,-0.425443907784877,2
-13.9028194603921,-27.1219766380244,3
-4.82842675369362,5.95918945411278,4
5.04444970170689,14.1048192724812,19
-9.64171790077795,-17.100960526202,15
-15.639858124514,21.4418639887257,11
-11.6583025959669,5.03928134886462,20
-0.260290168075949,2.16491630992885,11
13.5446093411695,0.22501418891337,16
2.16735061069367,5.12364379090647,3
30.3762463312548,10.0097980735956,8
-13.5568590917069,-1.17316124632431,18
-3.80172043264686,-20.2688304662242,20
18.9727769293836,-18.642193576744,2
26.9971792186017,-5.31413090707071,17
6.98414166284246,26.351473686502,15
14.0080037600871,20.1396222463328,16
15.8639638585601,18.9239793314904,16
-1.92776611113278,-16.4816993785419,3
-13.6966960766385,12.6648041007226,19
-15.1873859990205,-7.79552463484508,13
-5.95372177483748,7.17917037072778,18
-13.6004442465502,12.521688951216,13
25.4752905480481,-8.85476486910705,14
15.6532148704503,10.5323885463987,14
1.40691206512153,-21.1978836779418,20
-13.9720567453302,5.69156095262138,11
6.24149940708716,8.62487110503042,14
14.7557521468246,4.35177492447605,16
-15.5227319714657,-10.1761005097048,19
1.87634717238714,-14.3769683135188,10
-20.7846153299108,25.2189226018705,15
-4.31526628602778,5.64660256912491,11
19.0276515528069,-18.2087761153472,17
14.3745719546122,3.21565752198378,8
-13.5266241235163,10.9538228509375,18
0.0458043425246005,-1.07249092160652,11
28.819169347898,14.4565650361168,3
20.0929165082272,-45.1044963605078,20
-2.19557347924775,13.2655251040482,19
-0.526219921208718,-9.78181866624524,3
2.65938852697134,1.25398173891788,1
-0.00363214454283268,2.22417363575901,11
5.93419901034666,1.31183447724406,18
-6.0572705103678,12.4057409862974,9
-6.28679569041687,-16.3580190197847,10
0.152799467166662,5.22036546511487,2
-16.0475334787057,18.1264291992089,11
7.23152014624547,-2.02730477329908,3
19.7872923799231,-3.76076477600932,8
-3.78729440797543,-1.34800541044671,11
-13.3896402668807,-27.4422313271803,7
31.6290788660344,-18.3065550752846,2
-0.014764549732399,2.25443755045272,1
-9.17641036626762,10.6715996113231,4
-15.27809589756,-7.82490940327258,19
21.0531203878293,-12.9721924859456,12
-16.3650333417833,15.0349409526363,11
-3.41213400180777,-5.75145165243108,5
-18.5597704183485,-8.72656599534779,19
-14.7933552800897,-4.95237556247844,13
-5.086287545782,10.3981834638862,9
31.1870004374754,-19.2352253137864,2
8.28182465636999,-8.95099526028182,2
12.890364024483,-7.52029618182515,7
-22.5438234460349,0.715843408982763,11
-12.3818723794856,-1.57433935161074,11
-6.39312935566645,-2.91171161928187,20
-15.009433122569,13.8365218604581,18
-3.01270771403718,0.611538735721597,1
17.075805521824,2.03665489383964,17
17.9691914454754,2.52092162752571,14
19.0425347189805,-25.435026689906,1
-4.65468020383173,-0.435811932496115,11
-4.7659287788933,11.3615737124082,4
-0.634196027204682,-16.7398490137811,14
-0.864555126012814,0.329588856419186,14
-16.2724402426807,0.258887935363049,18
-4.45942782893639,-1.34162271781376,19
-4.77704772793063,-4.10336125973812,20
19.6007591942533,1.59311269537256,11
-23.9883388007612,2.97576749622548,13
-14.361562092,-6.4109543563912,20
-9.7020413939476,4.36966661041138,11
17.2729907505988,18.960144733814,7
19.3612822782065,8.74631405517114,14
-13.9213176518642,-27.0900158067695,19
28.8986172729348,-4.12960800450772,17
11.6738627014097,-9.00602018627474,7
-5.88202169306681,-9.41332229644091,1
18.7952646018775,-18.9188526808187,2
-9.4838567091963,10.7761710655102,20
11.6614208091207,3.17066905123838,3
-20.1027501794113,4.31789479956751,15
-9.34009135288562,-6.93484592732174,14
11.2095023925151,-23.0050207112816,2
8.42798023706893,-13.3230054208994,20
7.38507225028372,21.4729625373497,5
-28.5231220139442,6.23396641777602,13
29.2132531272081,6.34858609555682,17
-6.76490340057891,0.276748780092928,19
-1.90626919849316,-12.168681486569,3
0.567808063928049,11.2611209462916,11
-15.4745347298424,-7.21712995125492,19
8.15334578551812,9.01848811700718,10
10.6292644464984,1.07693122337268,4
15.9856389609814,6.71156798848196,17
5.04988225606659,-4.11074374741189,18
9.91599751989486,7.21612917419929,16
-7.44839483571788,9.19972786370486,4
-7.23098876930484,-0.354884162899243,11
29.8521678752566,8.68212146777568,17
-14.3416679696026,-16.5546788836419,2
7.1772144816236,-7.31776028930554,7
16.0993862068367,9.84449795527936,4
6.86545590570414,-8.79267678856679,15
-5.90562195826259,-1.97848129678108,5
7.64845489687981,27.9834595027644,8
-2.26588817896117,0.76406962884901,11
13.0640560821326,-28.0014775077072,7
24.6737758055397,-8.98498353248036,7
-2.39291365788324,8.11062303409513,12
29.2369857605656,6.34193113298751,17
-21.2639156780729,-7.2853793536901,19
2.76721435190422,-20.1403799595655,3
-7.90756768006344,12.8340466026086,9
-15.2222547904715,-7.79736264681287,13
-16.4735788734292,-8.67701846908441,1
20.4672657041198,-6.21820147455909,7
-17.8873452265792,-14.1484259415301,11
-1.08204510969687,-30.6222433139422,6
-29.6127698745756,-4.99966256464888,18
-0.916000312712478,-2.44620348966378,3
-11.8064458792482,-1.71607824754744,18
-1.8139552730865,1.81317194830467,15
-9.93736856875927,-0.626744629378776,18
-13.1394536563104,-2.3503540610268,18
-6.78591998397762,0.625511551561274,11
-3.76027479348414,2.84724837125857,4
18.9446833400708,-18.641634987778,2
-5.2253335784675,11.3000637590182,9
-8.38447429898465,8.48397918138135,3
-0.945944313349653,12.0639284281582,6
-5.22954407872313,8.45507025878377,14
31.2471992408769,-19.0334583676859,2
-5.10662743329363,-18.2882265275515,10
5.4532241570122,14.8557724785346,11
16.2376345204695,10.3281180574907,8
10.8936863529493,16.07922692384,12
4.35935527591288,12.0751323390471,11
0.626477887715788,-20.9946989602442,1
7.29680503511875,21.3763441669368,2
5.64280138586155,3.5239550208982,17
-29.8302614587512,-5.35966404181423,18
5.1835798979486,15.684934871753,19
-5.79292687685208,-0.565869572321485,3
22.4395381213166,4.28226504094751,17
6.64722601812982,19.7182037442343,6
28.1321777623295,21.1119602887557,20
9.23861007947278,15.2206511203434,11
-13.2854418751773,9.7050511031457,19
9.44931911279821,9.53483011532706,8
2.95762583979745,3.13215090771176,11
-5.35044527927261,-1.22026238823883,11
26.5003033203156,8.31384639932101,17
24.1429576609612,8.06250211225435,17
20.0206276808549,7.17029042773354,16
-29.2664010159047,-5.30025564044896,11
-19.3058807196354,0.860949775731729,11
-9.19414778395296,-11.6356308047424,19
6.13955605283913,19.7868500328093,6
1.13148558213278,17.4265267755171,6
1.82209788372868,17.7651062387031,6
18.9643860200366,-24.2004560642307,1
36.3951646888804,-37.8758317307714,9
7.50319569222049,21.4858255175097,11
17.1462928439679,-10.8658706096546,7
-13.5802729008259,12.6353158707223,11
-16.9304834297623,0.094992563996273,19
19.5785802563081,-23.0758483947818,14
-21.9897275522068,-2.20643187001318,13
-2.20232279403147,-6.80181748891014,3
-14.6766102284983,6.97809941421643,15
13.938588817316,8.13657025316684,5
0.360712078364041,4.35859318339696,1
-1.16480223791423,25.9544694198307,16
31.3517989067398,8.27644902898378,12
-19.0576244242276,5.23201453662284,4
10.589294856525,1.66934411938277,15
5.00548526586942,5.97286960790444,14
-13.636034584889,12.5895794024496,19
-2.95420193117197,17.0932815824253,10
4.129657131091,5.70335249264892,19
24.9707692426931,-7.71158635169445,17
5.11477871795427,-5.35617668332318,20
-11.2696304152817,-1.47724383397555,10
32.0135011962944,-0.264687883455131,7
-18.8890244861311,10.2537802111699,13
-3.72307939454944,0.627905691396703,19
-9.12930538019264,-11.6547110769332,3
-12.9949292938743,2.70898761016246,11
7.45473508501616,-27.5260614996199,20
18.9604504853584,-18.705437520019,17
-16.8676216335238,4.1962629261961,19
-8.15971746308708,-1.22515795001654,10
7.65168430180627,28.0063723907744,3
-12.4061941370404,11.8647599232526,19
-19.0459612884527,-5.44283809374815,19
2.8678112846108,-12.1644064476628,3
-13.8176557334829,-5.91628523247255,1
31.198959502253,-19.314922171423,2
-19.3535824102557,-9.2683943571979,19
-15.1303214642618,-0.985812574184786,13
19.6971206676567,-23.070951277422,1
1.34782780246216,-6.2119650842474,10
-22.6028881050163,4.71976016732753,13
-6.23612816695514,19.6789680437259,16
18.328825646063,19.0487292375658,16
1.94173777494091,10.074903873782,18
4.5793743780992,6.7414380660977,12
-16.6917541052604,-1.02865219396569,16
31.647712770107,-18.3277487017837,17
1.07572709391945,-25.0006984871229,15
10.5462240913377,2.85976935861472,5
31.5620266346624,-18.2404723673221,2
18.9549908950825,-18.7133942591441,17
2.01693231170931,-15.4126913004078,10
15.0097793521174,19.8246510999949,16
-12.7828189958262,12.2880916162878,13
9.22972077348888,-17.6492654171625,2
-12.4118189417315,5.21240715634084,13
-8.62340506956314,-12.2419775553112,15
8.97736914604791,2.51433633539774,10
21.7686364595809,2.29484772140934,17
-22.0420730645006,-1.57760421569941,13
4.47722809624084,4.96440106075638,14
-5.59701620271879,16.9906711887559,4
-25.3896331502749,1.50964902234862,13
31.5951697190375,-18.2122372306092,2
20.2829858496087,-16.9600393650875,14
-18.244795421059,-7.88900866799347,11
-12.5535804405636,-0.767709173366867,18
6.16995112708234,-10.1893258587474,5
-6.70059536647673,4.73247793111965,19
28.4926666212778,-4.66213083831543,8
6.12038626696453,0.430900406753015,10
2.15843748447233,5.99544868044383,11
-4.51113359592515,5.31505708086908,15
-9.54988772956098,20.3857604809716,4
-12.8530970853244,-1.41074053417229,18
-24.4780327567267,-4.36685958700941,11
-17.9289307614822,16.3800440709186,19
-5.63727310827548,16.9608970379038,18
-10.736337923078,13.3466952407719,9
24.1238607342013,1.73010589918425,17
12.4161890591096,2.46564375884641,4
-15.3383641047924,-7.71622699568824,18
17.1108733624378,9.44959346274839,10
-5.06463898670251,-12.4108123050884,15
7.33204100073148,3.43572854186813,10
30.2764329830659,7.61190461806007,17
-0.32795355415164,-5.86619680903328,10
3.524684488114,5.17876683320192,11
-6.77977070018535,3.73445382204842,4
-2.69649763167742,-7.44009877092161,2
-25.9698973479329,5.09246112294373,18
-15.4807326137631,-3.82636670313513,18
3.37504563461977,11.6284436741818,18
5.61630491586169,-9.26580144829032,17
-12.7108900482261,-2.82063790016514,18
-18.5568419876261,9.98301755671888,13
16.0030340234024,10.1551664481262,1
-16.1186748998331,7.78212942587056,14
16.2247657379099,20.0800876607145,16
17.5791844297365,-5.23724264577579,14
7.17963446282082,21.3978984708811,7
-7.11075525437296,-0.104487560204006,13
31.7471979757171,-18.037177242992,8
7.3828523614886,22.6589799351702,11
-7.93326299293336,-17.4363588815662,15
14.9470723469071,3.00228587380751,8
8.85355714083033,15.9030672682966,3
3.98726079204233,6.46029106517335,13
-21.180646612589,1.07156582878433,11
0.886777487042623,-21.2830773697469,3
18.767728168093,-18.2083244315945,3
26.5633386941361,8.35007651424769,17
-0.707388021280858,2.95604276821251,1
1.36906554099199,-3.92851630928068,18
12.4146666944607,-8.80385604988411,7
-24.3265514047103,-10.2653924522249,3
7.61511644531509,-1.43966826871538,4
-5.21077589759036,8.01945395742002,15
21.7088583416776,-1.94628102124209,17
5.55897247353606,16.2910941063818,18
5.19553838365462,3.16970660037931,14
29.1377785186535,6.20733994675473,17
2.9518523141039,11.048502578534,10
-7.01046344625444,7.71051451032208,4
-1.72281900657949,1.43521183617143,16
30.9691422214861,10.2391718955392,20
4.04212236188769,3.70927806789111,14
20.2835404989376,-6.96458456161554,7
0.867768360512269,-21.3798199738548,2
-6.33002766624721,18.8943941363798,4
-10.8880212084092,16.3078386948169,3
-0.10879445368814,-28.9465517540248,6
31.6081663715418,-18.3800821863633,2
31.1629530152,-19.127294316106,2
0.00968098970247058,-28.7001508034138,2
-10.7466491226046,3.16010720388857,11
-12.6551516542525,-11.1991569697437,19
0.108282419099627,-9.4194842179905,10
-4.91707501920044,-4.15390636179605,20
9.13354928713518,6.66192285774769,7
1.46665254451166,5.97290901684705,18
-6.35499600788331,14.144105713756,12
29.8661831525124,7.76859949610744,8
-7.79977951587309,-14.3706344171421,20
-20.4076256630981,10.4933537500803,11
-11.4274405342867,5.29415292023838,18
-4.29265630692272,26.4743743895001,19
14.9259286999746,-12.506578681388,7
12.8128849158206,-6.36874763101244,7
-12.1305516230182,15.6037085074688,19
-13.5717544152774,23.2091042306729,11
-5.45369030204815,-12.6163479389357,10
1.68237783578645,-5.22562530987995,20
13.2426085910658,18.7995783440504,16
-5.74471557277196,3.5729744140165,15
16.2359664057905,20.5587503630796,16
14.7738313745346,4.34315945373067,16
-0.00229925514501288,-9.55022518460501,3
14.4763726828249,9.87167398894648,17
6.01937845878381,4.55572440978198,10
-4.91202637413574,14.7611982343692,18
-0.919842883199693,12.1235874193182,11
2.87252552739932,-11.9774365049327,2
-3.64919958155401,12.6194279320467,4
-11.4462735878214,12.0377356019641,9
31.5279485247123,-18.1838124570322,2
3.52868619805846,-0.0755426282915773,10
19.4604543498419,-10.9967199378154,14
11.7147140734529,-2.19045040110221,7
-5.84629453878204,11.2695723961394,9
6.87694026661315,-11.6109666075824,2
28.2239981217856,-4.60288470535816,8
14.1431213681295,7.27258694664519,7
7.44248321359292,-14.4306980942037,14
-18.9888429962751,-9.04560520339357,19
-1.95652530576237,-0.029799242706253,11
15.3472170443307,5.12246133784401,8
22.4030813576813,19.7684819319686,3
4.00504470364069,-5.06261771090071,5
16.1125928750229,6.69412592688203,17
24.7917247592472,-8.81693705672463,17
14.2245357997195,9.98752503063082,17
14.2130131930508,12.6934155868466,8
-6.75928975640063,-3.15483922101957,20
9.43787491994041,-7.44746448987084,7
22.438889830269,-2.46975083766737,8
-12.056741519953,-10.2102303372453,13
-7.9879407365399,4.85052078191161,9
31.5779854061252,-18.3293665494538,2
31.6971292150265,-18.1932165026303,17
-16.2257526332612,4.69965861159421,20
28.8273255972552,6.21410196173943,17
9.76970724579268,-19.2536566478046,15
7.40165304044279,22.7845954140785,11
0.861446871942142,-21.3978912704113,15
18.4076538622916,-23.7508958076371,1
22.6703973865716,-10.3693645591942,7
31.0412808729471,-19.3771183248884,2
14.266322529988,-7.04206273336289,7
3.25929777401527,-13.8921174846516,10
-6.61548403501067,3.94657630576829,4
9.08265510197631,5.19375537391503,11
-8.71636669490183,-7.43300172176287,11
-6.30917704057583,-6.29576404386817,17
-6.76827114954323,-1.70054492437881,11
10.8971531683757,-6.92687706444112,7
-15.5329986339065,-9.93705013555011,20
-8.5025210750048,-15.603725937064,11
-1.01947932102444,6.69400419427936,12
-6.38027638586232,7.60315448921226,10
0.0182749249934243,2.02305491153203,18
18.5809490508689,-18.3571789113636,2
-7.60234795939684,-2.06335845665349,15
31.585572832636,-18.4163336383648,2
-0.795567323790963,26.4530058146467,19
-3.92469006304354,4.46538472350724,4
-1.58978926286491,9.7495099557797,12
-28.1137506367754,0.971974937660071,6
2.95067217208485,5.90081213536651,11
28.7248586640812,5.92550829380564,17
11.0500880283848,2.85869910815561,7
-10.8551460922988,4.84187150016478,18
8.63937142602776,-26.1531362044477,16
29.1635075570819,6.18251022628966,17
7.42949395173873,-10.638419327709,7
14.7719741322443,4.34550937339466,3
-8.66810224665244,19.6572022961608,4
-5.94986936875182,12.173235769343,9
2.93427305767741,-0.392853459774777,10
-0.0834261008704227,-7.34534383460675,11
-2.25862560439389,7.11306694600299,11
28.1369096829705,5.71043163289936,17
22.5098914246802,-2.43062770546018,12
-7.09479889264436,6.38665226032974,11
-12.1625719097546,8.59090257446686,5
12.7684375935457,6.36707247484495,8
-10.9472527099574,-1.78814867930173,18
31.7174685328885,-17.9661904505834,17
-0.805162597227469,26.6179901985806,16
27.2166989233675,12.2477609603631,17
-11.2136055276579,-5.24798846011974,5
-0.822601307471781,26.4777870590454,14
28.4209171044672,5.92106223734391,17
14.2194848033079,12.7282803733162,12
-6.00746533841295,12.2347876998466,9
-16.6119432678916,-0.37035854920409,19
5.16262734486603,-20.9202314167573,10
18.8289516152753,2.38358390989,3
-4.49852360092935,-2.47319203314103,19
-5.48698582761531,9.38610182751272,17
-3.55442744271021,0.0409016941007445,11
24.8017148808125,1.41918023786559,17
9.21493849147834,17.5185568093375,12
25.2676362809063,-8.79446887543386,8
10.7916847859427,2.94659098772704,15
6.90325106231628,-4.36575529683734,8
-8.66197679598705,18.9154139283047,13
6.31845493676066,13.0086546202314,7
24.1675452875123,1.48246160496678,17
7.72317427689725,-27.2401237281756,20
14.1085066399363,-8.74839444718335,7
5.68259470698532,10.5729624158025,11
-9.99012726218917,-7.56292962192773,19
-0.0492252272465923,21.1551710537661,14
32.5091205140216,10.5093927513746,10
-1.7398903803248,-2.14366829232837,19
-17.0203791521981,-16.8571029410031,19
27.3211550716229,8.301438228182,17
31.5118923019448,-18.4218407301972,17
29.0378429892762,6.16240224083084,17
26.0497224049206,2.06426993145569,17
18.1608143661623,2.78493271914176,14
16.2436252717456,10.3053974115511,8
6.16163775131698,-24.7908420268522,16
3.91312542955719,6.04344107481421,8
-28.8283154947427,-6.62717430766673,15
10.1449627548904,3.18368942129505,3
-6.75234286620652,5.40558714869985,11
-5.17423489308333,-1.36914389239447,11
14.7333463656912,-12.6958385840751,7
-7.45121964259489,-14.6558748115081,13
-4.61036946428143,1.52271052582262,11
31.5650230617202,-18.4615007985912,2
6.99373003393225,-12.3446604641847,3
-6.24339294857805,-10.708698567282,11
-11.4719789533206,5.48397336880144,18
-14.7795394089746,14.4555889721771,13
10.2406636607296,9.28436915272014,8
-4.77455176578114,23.4879039198919,11
-5.89004368107099,5.98526944761759,7
19.4339952139585,2.84805625773929,14
-0.746140395935535,14.7585616315388,11
25.8166188114685,0.742619699438973,17
-2.0859741158108,21.5756360300815,15
-1.62354389676618,-0.0316809593383768,19
-17.9081682925355,3.00240964842892,15
7.70069293886884,-8.76652131997327,7
-10.9041443494165,-1.28904106931271,10
12.6178051881464,7.66861751083489,10
31.7490985452127,-18.1684580058214,17
1.91786205464929,-21.1730996979411,2
-11.5662145796922,-1.06817866732026,18
-10.676427692718,7.54070101386188,11
-18.7201971794233,12.1048915962317,15
29.535149408605,6.77762523354375,17
-9.42515254040976,-3.63599446853249,11
3.3886596112242,4.33556740675046,14
-4.22729691426791,1.44749242646047,19
-11.7462485041283,7.57012905302076,7
0.10793755728802,-10.3227838840402,3
-12.3489333725038,7.07188828982683,9
-6.95547907541869,1.01437792008941,18
28.9933525470545,6.07760695940963,17
-8.9345730629572,-3.99798948366472,3
-13.9361159995185,-6.81627950501848,15
31.1362554071447,-19.3716726987638,2
13.5000725197781,-0.812159261245465,20
-0.555387871661365,-2.10947991496336,5
0.215510230449215,9.30577155468128,12
0.738738078819723,0.259428687688239,20
31.6119283062124,-18.3207767440068,2
-1.61673945010442,-4.38575111549739,5
-13.7963448968067,-27.2853738664098,20
9.73555874433173,-4.51580967915227,13
-7.46591012671461,-14.6778138170935,13
-2.16025120670538,-5.39869567847038,5
-9.26789869576741,-26.2458106362654,10
27.5256441537115,6.66475675812708,16
7.62002931624276,-27.6950117325955,16
31.1228173837022,-16.4462243418573,2
1.58845335969416,7.88307846659366,9
-21.3127351615174,7.6502818553066,19
29.1694177548622,6.27926676895943,17
-14.9449931497134,18.9473835640702,11
-6.11072474803928,-7.53561308037846,18
-2.42934212950123,-0.768149599557803,3
-9.81762198732602,-5.99418927008785,11
-0.118636537429492,12.4653992052531,9
10.0261580874821,-8.59259452671548,7
18.7066191464676,-2.22509340465853,8
-1.35079825274827,-4.59569515568748,10
-24.6832844743657,-7.93366810736443,18
3.83029600191626,-2.68957788148717,3
0.484680536020677,7.10176700007237,4
-11.1948099034058,19.9294946835132,4
4.06597406225918,4.11042272315243,14
-11.284888105617,4.48186954754167,18
-1.10734859089398,2.36173741401046,1
14.6973063501638,-10.3680859328331,3
22.9599561347233,-2.3719836741926,17
48.3055069979244,-9.4586812599331,4
-0.130023457184936,-4.93551813571654,11
-18.0420212125943,-25.1183901376416,16
14.2648269870108,12.7011147421059,8
20.4596802821582,7.64842502090831,3
1.2007194717876,-1.53872214676478,7
19.9571190332183,-13.5345936729607,7
9.32938140355132,17.4545648981939,12
3.39839683791871,-8.29998841992493,2
11.8236773016334,-6.69059117271646,7
5.75449131982704,10.1202209326591,15
-2.92709571641388,2.23672253224888,13
4.4832582069906,7.24024360716196,14
16.7683079305777,2.93725166427764,2
31.3728639953482,-18.3820762554518,2
-3.74753698767618,24.1541014555045,9
-11.1903237198117,18.9143183341371,4
-5.00220128815421,-17.1969670934819,3
-11.37760351545,2.4826793728034,4
-11.2354415582277,-4.16523448616206,18
23.1245990890335,-2.34015227267013,12
-6.15430603580078,13.5450826838521,15
-14.3070287899356,-18.6408560557299,3
6.06876719580711,-24.7533413782599,6
1.43469063455672,7.58054393535962,14
30.2508086035279,6.3310734913343,17
-6.61397709544154,13.7218682344157,9
9.6944423374432,3.96103922110277,15
20.0929574200651,-45.1043046510607,20
14.6552338695104,7.79617301978742,14
12.18385394704,-2.66933938304953,14
-5.10616422516697,9.25332391375458,9
-13.738367464206,-6.24772984159661,5
-12.365356521819,-9.97427855934188,4
20.6977124885386,2.42235039428989,17
1.54962839444531,-7.28411517600944,18
8.54412544372535,-4.20913362008371,7
7.60572002732062,-27.7083334396442,6
19.9853985991874,4.28972920606565,17
2.32040029723706,8.28503555837748,12
11.8977780853221,4.1547547629282,8
12.5730892995104,-12.7105514975847,20
-5.56502404632156,31.2104457550771,8
-3.3703295509626,9.66758007037373,1
6.31708043515805,12.6325629812377,3
-2.19309429531136,-5.92437718601685,5
-4.48031007264113,9.85023022294328,4
14.8988635654397,-5.08192834581642,11
-6.30683353903169,5.54148688955373,11
-5.05598829694044,14.7056743309527,11
-22.4021935894749,-3.20491455304334,11
19.0442419683531,-25.4326178334272,1
24.1392968074747,2.88424874972757,17
-11.7554329397041,15.9406422602201,4
-17.8372236775076,13.3614130605311,11
-1.35103356741083,-7.08688389400958,5
21.1230960287975,-13.0044854616044,7
-28.7221386366541,7.98001210356764,10
18.9185805958469,3.63001926866134,17
-28.8092098282848,18.2226943675202,19
-12.9820330096134,-9.40096195219778,4
15.3242475267293,16.4588649146121,16
9.7775077588803,13.1099904704427,9
31.7274462029444,-18.2218740591525,2
-13.5810447703014,-1.36421470190068,18
-7.67539622614759,-13.6432394333615,3
-14.2933503321823,-4.4820009464633,19
-4.46793112321779,13.0929094123988,2
13.3585913987616,-10.3807466119415,7
-3.46482377963596,13.5854581212422,2
-1.62904541225442,-26.8661261450207,1
31.1769194669579,-19.1279258550362,2
5.74699661016156,1.5924344178573,15
-9.44812067645087,5.3985093776855,11
1.54530666367503,-3.9861125068658,5
-18.0657175778858,-18.8835498427033,20
3.64771439416203,-2.02821223916787,3
-9.49273243717138,3.99848904567872,11
-25.2156164881017,3.79620376119697,20
-13.4806753090714,4.42873570059637,13
-4.13954075997078,1.26752216391339,4
-0.819620090956879,-11.3271344566568,3
3.39128948039126,12.2381607477468,2
-2.65652366220972,12.2795284466897,5
-9.31434479037864,1.69907480322045,15
14.6392697356045,2.90586162403785,7
17.4096446294913,-4.91254051349952,13
19.2802898525799,5.16035816533166,17
10.7547664103444,-5.40463210990586,7
-6.26132325932621,-16.3898721353297,15
-5.70635768939452,1.21233549538053,14
-12.5963896561065,-3.161971481746,3
-19.3738259856108,5.39708400833932,20
9.40994864064271,-4.12425371185258,10
28.9256264625738,6.09880416054008,17
5.55237417904622,-1.91166990914139,2
8.54663746830751,-17.1563028340116,2
-10.4850656918671,7.93332947617969,4
-7.71033286041992,12.5858674564619,9
-18.4848904024024,4.99119063596321,15
-12.1667885947328,19.5058103824347,4
18.6575553203008,-23.78465105948,1
20.2875801244263,-17.2441948137053,17
9.5981445963792,-19.0460860037527,2
9.91222611477575,18.9881442071167,15
19.9312475782845,-22.8301606446691,14
-13.0322531704567,9.64066590134912,19
3.8944218790896,-3.63686836102789,19
-21.7297802586099,-3.56746302761529,4
27.1461076048298,1.3794192598442,12
-12.1103429577789,-13.2000141988319,13
-10.3363330044176,-7.42898397712986,13
1.42500426745098,-0.993453921382171,11
-2.39628879314476,-7.29155571811804,5
-5.98458090368531,13.8770459832193,12
24.3124640747646,4.23947214762561,17
5.04011642771168,-4.18286730707976,3
-10.9581419725747,-10.65249817472,11
28.1283666689423,5.72014477906287,17
29.9997253186178,7.79061793493459,17
-17.1483823184295,-0.665931819212342,11
-10.34132187509,4.921383710182,8
-20.7853343913671,25.2183811461575,15
31.0264315854676,-19.3725716204513,2
-8.84991896274438,0.437965949137896,15
26.5612666947104,8.36212579538691,8
8.91558758449222,-10.2679577815797,17
8.74026293467523,-7.0889940386679,7
19.4592812904798,-6.68855970508785,7
-2.35895964434996,-16.7637796298101,1
-5.90525303020336,20.1644827135588,18
-9.11535841036217,15.0301953377203,13
4.56207699427815,-13.1561901238231,7
11.477417763628,-5.95279183035983,7
1.16973445474532,8.65804283896312,12
9.796297419263,-11.3444115625927,14
4.78340692875207,0.826363305966198,13
-0.760009715713558,-0.531811344182818,19
1.54121145916684,13.0644553636915,12
29.1046498013921,6.18915327921168,17
-7.82215262664855,-16.2973002517857,2
-10.797557224141,7.29728104585336,9
3.93974158969359,-5.41645307556052,5
-7.80743430371793,-10.4372157876076,4
6.46529083564653,-12.4937244125959,7
5.04818056909962,-4.18318662071002,7
-6.1228948503496,4.2112917633307,18
-5.6151716678405,-18.2091477132342,18
-12.5747085958835,8.24076077507656,14
1.02078949855591,-29.1676534967772,6
-11.1730914934118,13.0784139452755,6
-0.0938888508014285,18.7204959598998,6
0.53968868478,0.72473084300829,11
23.2207009866878,3.38139965712442,16
-7.71967103828787,-3.99144446012366,10
9.01446609896762,-13.7377732456461,3
7.80190234065873,-27.7513750473319,16
0.725374333948346,-6.66500915104824,10
14.9001248642906,16.9430089926757,16
-13.4523612276996,12.2638698592969,13
8.16114513761273,-15.5364387132587,11
0.920038809078422,-21.4204652943506,13
-16.0693230991465,-0.301874140575962,18
-7.88007815443337,1.56941576675133,11
31.7112847616978,-18.0879667327307,2
23.0302283533297,-2.32884183959787,12
7.80701038928468,-11.6171807287592,14
8.25590087951909,8.40599607720197,8
-13.7083953546465,-1.61791905149772,18
14.5596903694143,-16.9401015723587,12
10.0132343492469,26.585915435953,10
-12.8459654847502,0.957828824570009,10
3.6453741760458,8.96322183532507,13
1.60456300163602,-8.63886856679276,9
30.8071836112225,-17.2670182460487,2
28.8338236479895,8.05547326572624,17
-1.32080433302378,-28.2996181514415,13
1.91090451929253,5.40737967885363,15
-22.5538013429399,6.72497468121307,11
-2.41853700567925,-16.7794731621555,1
19.0817412501939,-0.929809834698255,17
-29.417199830179,-6.40635162822298,11
-7.42431410529357,11.2418408751983,9
5.00095500804594,19.6464721164539,6
4.86887405374065,4.54198621516848,6
6.16257315604118,19.9379569519935,6
5.98094330683946,19.9418004825383,6
-0.265095901185492,18.6374295964962,6
1.70459556471925,11.2935741190163,6
-17.2845815194453,-6.81572975228365,19
36.3948524513793,-37.8768421313803,9
-7.28076353964626,-6.21624261294275,11
-16.8214530727114,0.295640071063373,15
0.589014570242991,-2.67455394376562,6
6.29949317267374,16.2948285743867,3
0.870909639684377,3.76952575976066,7
18.9292914680196,-14.3190936159435,7
-15.7848429140856,14.2056429283613,13
-2.08340038701756,16.0081254813909,10
1.32371623473975,1.59223318987564,3
4.97417823675451,-4.22125631118024,15
-0.970255771370763,0.958372322187253,4
-5.99837459933699,2.12237541125614,1
-14.7668880109673,6.72844046246298,20
30.2795034499426,0.317118034019118,8
-15.8397723736965,7.88760300743675,9
-4.91536660125484,-15.8783556765559,10
2.14100606031265,-0.356587460716323,2
27.4276919007176,4.51934991835596,17
22.4052711227981,1.56000986071383,17
-4.73709608678725,0.751532713476211,11
-8.67573071303707,0.304507183442143,15
-3.44075842785325,-24.4736325829964,17
31.3264845672928,-18.3163840322092,2
28.3241479625599,-4.63685520757459,17
31.7285664664255,-18.2100059503567,2
18.9417218855998,-18.8171990065096,7
-13.9242823220841,-27.1014075342981,3
9.35748060170044,3.10786177758816,7
24.3453486558125,-9.52315822597155,7
-13.9754621785013,3.22772087388824,19
-11.0598543390358,-5.43639540497388,11
-4.17009189157175,-0.935782287905391,11
12.8143657604633,7.58680562775559,8
8.35624841097218,-5.6578565377425,18
-5.05790857387653,-12.760385145669,2
14.086383216863,15.4770569827485,8
-1.14625339696013,-28.2751433114853,5
9.42122736587833,8.14236398698307,11
4.39645940418272,0.767864121337749,1
23.1097674242817,10.803993810706,17
23.114723522629,-10.8679596421351,7
20.7930621841151,-9.96171599011647,7
2.09986929042457,-14.8915005503757,10
8.36966128795385,21.6424198219308,5
18.9461088479529,-14.1058184646747,7
-0.835896626054315,-0.34481021272765,11
9.30214329474008,-16.3911401805183,16
-7.62344443153656,-11.7381341933875,19
-14.1897478932416,-7.51523869531151,13
19.0053829127299,-14.2489518829244,7
9.01907021021641,14.7340232192141,4
12.0025495427359,7.67914180439551,8
-28.092234969701,-2.34983515014513,15
-5.3994876127348,-18.0485048731738,19
19.2409892029714,-17.778813742077,2
-6.53947178777162,2.32863840541919,3
26.9085482406276,3.22195965743211,17
-16.6159240389647,3.62704373050604,19
-10.9262497202534,-1.45194023108713,18
-14.4120638952909,-6.23453586099802,2
20.5222790654865,-1.46941710103383,17
-20.3041258021015,20.1387551902274,9
28.301349040515,-4.68019297430822,17
-7.78972709389468,18.8572967410063,5
-9.86884490330152,10.7262812270872,19
-28.2654639892238,1.07728336347629,15
-28.2852610257752,3.68454066474259,5
4.20954197061644,3.35593832963996,11
-12.6063597038469,-17.0304992670255,5
-0.697520533477445,13.2161953772708,9
19.337407289982,-17.8626761236272,17
16.0844842297554,7.25829273456234,17
-6.01158987627618,2.26756451797076,10
6.09696639329423,-24.7296811411041,6
-16.1876367741458,-3.73690140952586,4
16.308334235556,16.398816554001,16
19.0932693763116,-14.000150390885,14
2.26648548288918,-5.19629508351023,9
12.3727769887419,4.07383086653074,1
-5.08098731109121,12.4515722137239,9
15.8915585641386,-2.93345680837467,7
3.19305459023337,-17.0688324588551,5
-4.97513031121605,-3.34712270964985,20
11.2497345185104,12.4061090421944,16
10.339613879605,9.72738547288792,7
12.0068168566872,-3.74722068744611,7
28.777206948795,14.2926582727128,20
-8.37399348888385,-6.14366855360678,19
16.1427674322646,10.3543817400643,14
28.3121303058656,-4.69242241681717,17
-3.13884300013072,-6.88305507677835,20
17.3089669937628,-1.62413270951459,8
3.16427043007602,5.06655822017452,14
-5.80242254540128,2.90129257384811,14
10.2562427493414,-3.21829392516342,3
-5.82901166646767,15.5432465078876,15
-3.52423906960389,-19.6497971076628,3
18.2236784195618,-23.2919461111916,9
-21.8515854255832,9.38528539478476,15
0.515027479738822,-5.77019099574137,10
-16.5220051160537,14.1945478983737,11
15.1465772460712,-4.97108766222177,11
15.4398587967836,-6.96155694172596,7
10.6560246302868,-14.752879223071,7
7.93605301084927,9.97615233034774,3
-14.2644801247943,2.3434844925496,19
-5.03579199453383,11.4623288023756,9
1.13453279752456,-0.978112740554305,11
14.9126153483931,15.0222516593568,10
-2.19260838103428,-3.35976683944543,5
-18.4802526725327,-1.33323042520643,11
13.6229239889065,17.6605287400605,16
-8.49552394028674,19.9363600640202,4
-3.28534251535752,-19.0792561873799,11
-12.5879264296219,16.8790521117896,11
2.27579309363203,7.71413513515719,16
-11.3786799851282,-19.8988971052636,11
-10.4390274713414,4.4784524390881,5
-5.15935923625871,-6.62738036879956,11
-12.8970970453385,12.1525870963532,13
-5.24862010615151,-4.24614792515816,5
-17.7242417166963,8.5218284849721,11
-23.7652871569956,-1.11750880221238,13
1.68217227201207,20.5049960139753,15
-21.2712051259734,12.2067961418962,18
20.8711560006087,9.27328140990369,12
-11.0959419539068,4.87796698893259,11
-4.56033489794547,5.92611803432178,20
-2.06594745441977,4.96992917566694,11
-18.9243367395961,0.832666809398358,11
-1.176706680743,-1.37654679024308,5
-7.7730589426956,20.1993725337472,4
-14.0176411725243,-0.255417775283374,18
-20.2809003305334,-4.89984045604344,18
17.421619662564,-5.89816518828214,7
1.41478870833707,3.44802577922594,14
11.1888735273056,-22.9830342783033,2
12.6218715701147,-5.72208468015365,15
-1.18053110383606,12.1396355074998,9
-4.10811922837208,-9.19912331322381,20
21.3439498099909,6.06109529591753,16
-4.77431304550907,-13.7840108161778,10
0.086424731502312,-28.6838500168707,6
7.98191079293787,-16.3657368078674,3
25.4176338429822,-7.8065513096951,17
-7.90600708446304,-8.88049290024766,4
-16.4370083522804,-9.05641333311564,20
1.03090821573813,-9.60701807177151,2
12.3946765045309,-14.8253183296829,7
-3.82791247101914,0.496030406322885,11
1.02236458664471,-17.0677313431914,1
28.8234135483526,14.329195166848,8
-10.9651496383363,21.7969350873153,4
17.5675398128183,-5.76729480622534,7
11.7341913391603,4.18489306219,3
15.9739009981379,7.42790073346263,8
-0.345404110796344,-4.66635055356794,10
10.2582629455894,-15.4856714726092,20
-7.52719650750295,2.06960533828108,18
-0.329270400724082,0.10658174199132,11
17.8142447399394,5.33897352706056,12
-18.4073343823272,-9.3747904490338,1
19.8700120682419,-3.50214716207871,13
12.2553690329251,-2.6025920570005,14
25.4289096562564,0.861543314413522,12
27.2761513989385,1.93795229322787,12
-11.5734994808565,2.46671956047878,19
30.4532788044992,-20.3003897438318,2
-1.0282790756886,-2.08389937599039,5
-13.7247539563064,17.7012762453914,19
3.71173564561898,-10.9939057437744,18
2.22335817114483,2.84834711400109,14
-3.23353899523574,-8.23302735498601,10
9.32175496314795,-1.79113536360714,10
-10.504315332977,2.36930841069296,3
8.99506885382215,5.08944524192196,10
8.7383134759528,0.551454868186841,18
-20.1030542698185,-12.5915716470337,5
-3.89233219457002,-3.52694901650515,3
20.4544042440251,-10.9022261810054,5
25.6333179173372,0.527024879994404,17
-2.40070432375443,-0.0566973899762754,11
-7.70931763016766,-10.3670675663062,13
-1.99840624634419,-9.7054876884934,19
0.83694802655884,-0.363411652644123,5
-6.85332233489995,-9.78467756342461,19
-8.14492571017797,20.586199540726,4
26.794943056792,3.28993043812103,17
21.2442344132006,8.7176859808782,12
14.9780273407657,15.1086284901363,16
31.3282167967936,-18.9967939012939,2
17.6425205318617,-4.91327346981125,8
10.5544397452585,2.83408789273294,19
-0.647397324440473,2.37668528615335,9
-1.38297514550028,8.03842189890872,12
-5.72884986437555,-19.2282366242324,2
24.1469416284789,-9.22502620327211,7
2.16436517129063,-5.14835429799624,5
4.48358285616139,-18.643165012087,3
-9.37530131390999,2.75650515626669,11
-22.9542097108549,4.22856425195602,13
12.4221655099385,-14.7503429711,5
-12.707969468059,-0.684720233469932,18
-11.9365442895254,-18.6311926981503,5
6.39691716777419,14.9770626549153,11
-2.53435660076637,2.35565398202432,2
-16.6480966555969,17.111637925513,4
-12.9889923512554,3.02435583355127,19
-2.43203710362689,4.96110002350116,20
2.68180635369139,-14.5436233924822,10
4.04098955339675,-1.89291920703492,2
20.9560826046531,9.42225220966458,14
1.12145880262829,-8.59416680753213,20
-2.7260738858657,-15.5417531138702,3
-3.84207665455826,17.2725249935257,6
2.11583807377306,-7.29913316661548,11
6.86020189618203,-5.90000251758402,10
-10.1358009342105,13.3528511911987,9
-8.06930250791431,2.84647016162463,19
-14.658536349699,-2.01930884352674,18
-7.88163405510165,2.79099618734655,3
-0.990302418909911,6.25555592454102,12
-2.75548057889227,-2.6383827163086,10
8.92753621703543,2.21640106587182,10
16.3173996733191,15.7391535294765,16
12.6186639799582,7.37132581297203,8
20.8183494659363,9.25626022859729,12
7.40523261711919,-3.73797355330229,17
11.0440262012832,-22.7814278833636,16
28.2466866028103,5.41528695630787,10
5.62731381394517,-7.79217035425559,7
1.28199345400631,11.9174893830955,16
-0.848427467433122,0.832848005708593,11
-26.7371080629795,13.2438044551376,19
15.1048565497588,-7.41082076468358,7
15.756313491387,5.5258586941934,8
19.4237040477508,-2.11832233675424,17
15.2480718161342,-9.41167334058163,7
-8.48659687497624,10.8267701777815,9
8.38236931413845,-12.2044566753824,1
7.37754815091495,-11.5565867987776,5
-10.2401557121028,-2.38938503093812,18
16.4946184337193,7.90518616384085,8
14.4493940552911,-4.05756903570306,3
17.6144995063777,-12.7339277641046,14
-17.6276356279214,9.23476172748897,3
17.3813370112099,-18.6403060231936,2
-9.07917863255868,18.9974406887699,4
16.905512347098,2.27280508948277,13
19.7214491022786,8.33877104162807,16
29.9565439331964,4.94799866408967,17
25.7499487038872,0.108284241221831,17
-30.5277166459554,-5.60375990019615,3
0.146230890286254,8.21284166177129,15
-3.83427097491371,-4.02014638691877,5
-5.03995092137392,11.3259785841928,10
-14.3948930165625,-6.20620721297729,2
-13.2353196378389,0.1463597739413,18
-20.6382667691298,-8.14197218023178,19
1.50695076068556,-21.1322346040205,11
4.52967739134065,-22.7518442350922,2
2.72325164073549,6.45796746694788,17
-23.5091820922737,-4.47803267325432,3
-4.43147890049428,4.8318087155446,15
5.98701897167241,-26.2319908914723,16
-13.7531421561012,2.4430371525753,11
7.95001243453918,21.5189234726722,11
-0.340899484266397,-8.24680334662982,15
-2.5981739730499,23.9581457789528,13
-10.4534435366493,-6.47236336975297,18
20.5793463802667,9.1073832461961,8
30.0579917574089,8.05303163123161,20
23.0696556345643,-5.86206254667149,17
-11.8042310007417,4.57052016594582,3
21.5560203966037,18.5122224467169,16
10.0242311010725,3.75773245906282,2
2.02174723293889,-1.24152378982779,14
-8.95382714290503,-2.23256474000089,4
-8.13069859277702,9.85764463574412,11
-8.34294513499114,8.84632913531426,5
-7.69445159131415,-6.779680031057,11
-5.06779537269215,-12.8317683436454,3
-11.8558660758419,6.19606723400026,20
23.1714058718193,-2.27781857972222,12
7.16858210531875,-7.45785677472314,2
0.484496009221601,-20.6820774970846,1
-9.02603062247003,18.0734354267817,4
-13.8280625338161,2.57388678753013,19
4.18392386529478,4.85061474028568,14
-6.08207420637109,15.9941521130204,9
0.555099925002991,11.1086432010359,3
-5.11770254808778,-17.6351123469066,4
20.8285899051278,9.13076653962043,14
-5.10601368236203,3.9943487261762,11
-6.3100417441904,-16.3970262345913,11
-15.2542415731704,9.03615904665367,5
-1.29098954187344,-3.98610723501932,5
28.9943570396279,6.13627784956974,17
-14.7945146099304,8.04015378594424,11
-2.49075288427049,-16.8963337929464,3
-12.5008005720132,-0.233395370917986,18
-1.57673811130966,-0.104914692655244,18
7.80311563416625,-9.62956487283433,20
16.7788723844416,17.5220262890169,16
8.36441936749349,2.62537166258954,8
-6.76278677982904,-4.70621834236147,20
-14.5492994109699,-2.48195196557962,18
4.23559380358832,3.40806839709107,3
-6.07057346096373,-7.42455239829128,20
-5.18575631815497,4.78854323401657,20
-13.797661155623,14.8703417007076,11
-14.0074965730386,2.3348821463025,19
-0.716899718776636,-7.60749885426941,13
-9.86460105632193,17.2359780370498,14
-2.85803575811646,-13.4981128670768,11
-11.7185547616517,1.2778673094029,18
-0.367838628885402,-6.96505625981611,10
6.95825888832031,-13.4973208018959,1
2.29428353392115,-3.77651098632796,4
-2.91057220259072,5.56738716070483,18
6.55558791062377,-5.82807312605145,20
-4.61217668020092,-4.87534594296887,20
48.3055045241241,-9.45869729076177,4
-3.32408187550827,15.1151679521286,13
-8.29554346074241,19.6731950441049,4
-2.28494110463156,5.70153697965641,20
6.96447440865676,14.8411216692709,18
-5.56425797530482,31.2122908194545,8
20.0911608721032,20.971481404352,16
19.2718141046765,2.91759866083052,14
20.8081577969419,-4.16725860981695,17
17.5919356238276,-6.05938860820838,7
-9.18323508600322,-0.762207383032774,18
3.39230738160551,13.4604424549032,11
-17.0168893796735,0.098645569190287,19
30.3844483713519,8.51792625279604,11
6.89117959814602,-5.89440974308317,7
20.093201943327,-45.1043919974954,20
8.03000433183452,16.446319372936,11
23.825272188406,-0.0672076094232316,17
9.53484659609772,2.43074731981789,11
11.5602106184052,13.8966787153901,8
18.1961093636899,-6.0507855995519,7
25.4170146290813,13.8302016237259,3
1.43233170210492,15.8193823245624,6
-20.0324376550101,-12.6458650126632,5
31.3148536170324,-18.0193646593442,2
25.8606187643404,7.19173975102703,17
13.5208465371681,10.0713932019738,12
-11.3903221027432,2.43209170070768,4
0.458659796154866,-8.09282199693247,2
9.82488486500633,-25.147994604228,9
22.9114960416783,-10.5273896759809,7
-1.58219212930138,1.23671253268268,11
-4.01625688891924,10.5810311607581,4
2.84572231465968,5.90569465602452,1
31.920758064516,-17.6562615093801,12
-2.23287029834624,14.6222591564498,19
5.73952077659611,-6.89669885351418,20
-1.12766830244987,7.6050752439734,11
14.5125643678572,-16.9144803831642,19
-12.1930662663487,11.4290919651978,5
-2.38724651547159,-2.1279335288305,11
15.3786696733665,-5.25584125505838,20
-7.52185246331119,-11.3654632532102,20
19.0536694801827,-25.1467629508317,1
-20.6273366035052,-16.156440962005,13
20.5614977730792,9.13671239128989,8
4.92969337015517,8.7348074426837,1
0.398259920014239,10.7910548798837,9
-11.6023142275612,1.28926818628957,11
5.91052824242689,-1.46097127801223,18
-3.60919036329311,8.95603899838132,11
-26.0114424595909,-10.0727577989691,11
-13.0498696866892,-7.11447334059872,9
-8.84599833481042,2.98753357581675,11
-3.64370009854761,7.13169400366042,4
-11.2288042778999,16.5128500698891,4
-0.656703383505879,2.33433135140011,4
13.437147411539,19.9115165254554,16
-7.93179950185283,18.607550995542,19
7.54467197575992,-4.68116245041103,3
-12.0976236503467,8.60098381709853,10
18.208961609104,-0.357302694492779,5
-13.4805769336115,-17.3571349924625,7
-13.636389064923,13.8793042217418,13
26.6149312988912,8.34186495668368,8
31.2094597890156,-19.117360118548,2
-5.56355309428925,31.2124306344021,8
26.7122406527151,0.183116736455479,12
3.83108939373678,4.18871334628122,2
16.5364413061179,16.0265439811385,16
-0.672313107385386,-2.54659448541937,11
-1.87814333015352,-0.11622645687059,19
29.0040783974931,6.12180976366757,17
-6.70644861717533,-5.20590808183913,15
-27.7508194461399,7.13996765831762,20
-24.5700030760039,-7.77199550392724,20
31.7072507498732,-18.2708783127222,17
-16.0786969112408,3.52618465147231,20
-7.06936612130033,7.1609284801265,19
-8.45530939037364,10.6282466429927,9
-2.59378226106673,0.432699174274409,11
-9.02264357834065,-0.688678326083928,15
-8.07312167562302,13.278102162363,9
-1.02448817746149,3.42146578886782,13
18.525371750725,18.4874081760553,20
-1.29447425410955,2.49247416475217,11
26.4325535031717,8.42082540411366,11
-1.49536368089333,-0.679096038126219,14
6.74388898342416,1.11501668630576,20
3.6431266675694,2.33143961243841,17
-9.00767651340653,1.47519605792494,10
9.44569568240597,-19.1882337436962,10
21.6358731378146,-5.28078581151245,8
-3.40433660277715,-2.96811149786083,6
-22.3019800206245,2.03917380289064,13
26.5017482592753,8.38513934794201,17
0.829246434823486,8.17322080773438,12
9.86014700183686,9.35084933487345,8
24.2826854379365,7.01820471549683,16
11.2742941864648,1.14908859165208,17
-8.76167596507565,13.2376017552989,9
-4.68825828760236,12.4706569711052,9
-7.80293489620936,-10.3245147097144,5
-8.17672443973342,12.8975496827345,9
-8.07162363066935,10.5806241780628,9
-6.50301439756403,13.3292945323598,9
18.4170931118611,7.18085260037166,16
18.9926186484625,-14.2547749870664,9
16.2937200146792,9.60927820564532,8
27.1466121356713,-4.64115655412816,17
-12.7038312249,13.4375550479567,20
6.04344248069675,-24.7318761756707,6
26.5109681407967,8.36940418433257,17
-2.09032519302792,-0.262752869571335,11
-15.3469488193597,-3.34172774388326,11
13.1768611112947,17.3603952451622,16
-13.9276576608896,-27.0882983243958,3
-15.406746506541,-0.767464443204128,11
17.3713241027204,-0.736738344571534,17
-1.03185537571613,-14.4373657962719,10
-0.84410121451111,-0.643612476306598,11
-1.95293301714399,22.7727975332911,11
-1.44928421890655,1.29886511373548,6
20.6773696795464,-4.39254715857924,18
5.55646555221282,7.04528215732271,3
-1.50869967431415,23.678919418373,11
0.186341742568218,-10.9767477738426,3
9.7863851844643,-15.565410387985,1
24.198460910763,-10.4527862812718,7
4.17417434536816,1.57426242835751,19
2.03804624979556,17.8299950224443,6
-6.00421537775194,-5.87561617881626,19
22.7865315566033,-9.25955809186014,14
-0.293993005528041,15.957171950077,7
-0.231814194136517,0.924907063113036,11
31.6454323385661,-17.9705407532638,12
-29.4427596618373,-4.5047006670435,18
17.4955723640716,-5.12651651280479,9
18.4193960199649,-18.25360202725,2
6.16922212011248,-7.15328457084228,3
-13.95623111816,-5.18076388866102,11
8.72009152286888,7.15426230804176,14
-4.78631251673076,-9.28805584190885,5
-8.85998072342348,0.491524369105353,15
2.39924594397855,-0.415986685600259,18
0.96165168860159,7.50162000458674,5
-7.38778229885846,-8.95082132449193,12
-5.07765575522183,9.00911030369046,15
12.7594306637321,-7.8862214779227,7
-28.4762913691206,-4.35260511056241,20
-8.48030625357173,9.26627619812551,9
-0.28133845329001,18.6540486475507,6
2.57177355237742,14.0378875523408,6
-0.315464456341296,18.6234030506886,6
3.54825058960926,19.0177223354512,6
2.64992658741203,16.5346507267491,6
1.65539069424565,15.3558666246089,6
1.82442284663543,11.1926171787733,6
2.52654833642458,9.44638859757294,6
0.931656542223157,13.7872768920911,6
-1.16442666921631,-7.51301959347945,1
-9.94521863172206,4.52303410543711,11
20.8642978614563,9.2630085790487,12
-1.61748919180551,-8.41396368577512,19
20.6534911416116,9.1429469746029,12
18.9600998889455,-18.6949204779274,2
-15.1222027193138,-22.2123669855066,10
36.3945216049483,-37.8772064293856,9
-13.2610567865847,0.50050385439808,18
23.8372919446608,-10.3178556594476,7
-14.3404071040704,12.8623947010594,13
28.1459215449573,-5.08643885180176,17
-9.57797033576032,-2.67632183852994,13
-16.8843739153903,14.1297465387752,4
4.4195098648458,-27.1625672358112,5
5.09187581380668,-5.17379514308133,20
-7.33983723171187,4.8319649668888,19
14.8691893164152,-15.8497805899357,14
18.8469775035192,-24.0565832246328,1
21.4985736073472,20.5534859854926,16
-0.947653556406616,0.215776684914326,11
20.1280594607747,-11.8428874958152,14
5.87610332030386,5.80355617394569,16
-2.19685614354259,1.2238568103951,11
-5.2224427419461,-6.50084369708541,5
-9.65765934905351,4.51565192581813,5
30.9548402954488,-17.661285045402,2
-0.587696640160465,0.52026319395772,11
-4.24689078148012,-0.193790580802595,11
-16.8276160337069,-14.027340060348,6
-19.6609504958245,-9.18470866436513,19
-16.5611874701534,-8.96354733129574,11
15.7356716635807,-2.4380873689963,18
2.99339110441512,5.93457673537248,6
9.00461140081719,2.52072566524271,10
17.7627942279549,8.08872338490291,17
6.45583237167942,9.08490192924342,11
-19.2043993302343,2.20898249008991,15
10.0403937575215,-7.39832027699426,7
7.34988865086744,5.91789980816054,10
13.9445698538069,-3.23140958147815,18
8.43378440389042,6.2561894679343,11
-1.03857034324709,4.33129898791636,12
-9.640559189685,0.340491428424923,15
-12.5964758729423,3.6296509184487,20
-0.010908234996716,4.85899755952158,11
12.6831503418865,-5.89059953502518,7
20.1173342083296,3.46734381189975,17
-2.37006430217414,6.17634210840801,12
9.70069678222043,-7.44971351329218,7
2.84231542941611,7.44028637671773,14
3.76103882447771,5.00245275408729,14
-11.6840095460338,12.9992573770566,10
-24.5979937210518,-7.74621287995837,13
-28.1473239127527,-2.44052083081052,15
-27.6329192417427,10.4492913273165,5
10.5687122724926,17.9363628871435,19
16.2859220009269,3.03420807754571,17
-15.7595712792488,-5.82802713848183,19
-0.057137484596342,1.88804554455108,18
-2.89183294784477,19.2019412815067,4
-0.825873440521363,-9.91232888245584,20
-4.1465395916619,5.64309352927025,13
-1.90422122380125,-2.1035296432774,13
-9.87952424570596,9.22850008132086,11
-22.3121020411477,0.470215284452061,4
-24.975702349969,-2.73719173983537,18
-3.22166990572919,-28.3945128353894,5
13.8297929485389,-22.9390782537854,17
-18.5772355188614,2.02912142870343,15
-4.86669264462261,-11.6337858439437,7
-26.6808949829911,-14.1837426532747,5
19.1043354224041,-24.1667916064931,1
9.81890747219514,-2.03082760304371,7
11.5230081069619,12.4321476673836,16
6.25791664237707,8.15554224319353,12
-0.116984274554177,-28.9143823816711,6
-13.3262801234104,-17.2781378809333,7
9.34803011772131,15.2259501185327,16
10.6417972198883,-3.10019360009465,7
-0.99264542010745,-27.7787974492129,16
0.915849715442813,2.52127883358392,1
-3.68068512417098,16.063028236378,18
-12.5264997996907,-8.33814350913831,1
14.2555211869299,12.6759897672143,8
10.1863429995419,9.27376726519371,8
21.7734706748871,-7.41451491525418,7
28.262594361215,-1.33958493394865,17
26.0352583846678,-0.107411083559543,12
23.0870217236407,-0.481971380202321,17
-15.8117999130482,-17.9126778111588,13
-14.0954010068493,-22.2220844732568,14
20.2553372821775,-17.1796658491423,17
12.5801693087982,-12.572504818447,2
-3.77413375615807,10.4392834575233,20
18.6961152128109,0.694826358936294,17
-10.9744097980548,7.11032019233043,1
-14.3858327564995,2.45029283545439,19
17.1740159441841,-10.9242043518527,14
-14.0785546084428,-22.1933822694825,7
5.62331711217516,5.7404562388293,2
-5.67902586055879,-1.43435615584407,11
13.7661475658577,-7.70516346303637,5
-9.46437694283543,2.11161321031691,4
-17.4145936992671,1.90771720841814,15
-11.9193106926606,3.46648677151305,20
-3.1129894889315,-13.6487630323814,15
-4.91750213913137,11.4776916059978,4
-13.2564867596704,18.7460870040729,4
-12.3992232627318,-1.80377043064321,18
1.93477625923739,5.98840075667747,14
-24.0867006215932,9.06880281078912,19
-6.77681039990394,-0.00481121237425217,13
-4.72435583193667,-5.18435962693299,10
-27.6230327971939,10.4444023052589,11
-3.13011346277742,-13.8189564948325,1
-6.8798376066795,21.4929229294941,14
-5.75360110882444,19.3722456479885,4
-2.23088368936992,-16.9132138365013,1
-23.1922231599766,-2.61947228469,11
-2.5872042909667,2.44306088187231,5
17.8584210486628,-11.9146950574586,5
15.0286453396003,-6.87001892610406,7
-2.28649155103035,3.63605230394978,4
26.0303734477552,-1.13194055131262,12
-5.96634330180563,2.08457839286084,18
-11.3852053934063,-0.00448199162847352,18
5.89060087106018,20.7834375884823,10
-14.6033792176888,-20.3992081813484,15
-17.1152705432336,-1.91583317907223,19
19.7725393891567,5.74408181367036,17
2.94426663250096,-1.09948532531523,11
-3.80733510011783,16.4613147288837,5
-0.152516808493661,-28.8933625870388,2
-0.0557490779424469,-29.0249738664391,16
-13.2387537275984,18.6196408423644,4
-3.81476630823659,-20.2342719663905,4
-2.2774261856875,-28.5488814097136,10
8.03953305454674,21.4314027364485,3
-2.4825697417535,-11.3768013486876,19
-11.4072101908031,6.24357727304904,11
22.4619342354973,19.6001676090019,16
-5.2964259369149,3.15364431650889,11
-8.45404604771854,-22.5748749720992,3
-8.90148420876162,0.900897592523249,16
3.37042668743703,13.5992652002228,6
3.77326259237705,-17.9182202955757,16
-8.51132590257679,10.4737124249519,7
-14.2325276596059,-10.5278651646476,3
-11.5131309513545,-14.6579255708009,11
16.9778272390765,10.7082047423571,8
-5.50319892653231,11.2386298041712,4
11.3498981210588,-16.4307392348204,18
7.06262098082684,-12.0734024055502,3
7.06323839862614,3.1547247612708,3
-7.16047977074984,11.8976570187251,4
0.00283709050501573,-6.58116434352265,9
9.14207351791479,11.5549597084894,10
-4.06672566921444,-5.16131392100514,5
-20.4878172553752,-3.86884686134878,4
12.5243693890658,-2.48455316948706,8
19.8258712046599,-22.7880531785632,7
-20.1492076772251,14.1516860905689,19
2.94408041460624,-3.40608616518896,2
8.40548802354555,10.9044197437968,10
8.75186603279092,-0.580766170316246,16
2.8801698568921,-11.9252461758291,20
-11.0171019105,8.91464563649329,13
30.1297017903974,10.8185615921201,8
25.2333000134779,-8.93956201525539,17
-5.49682761396823,5.46898591779775,3
-1.39420613835471,-4.88505536179257,5
16.2073589378865,-16.5964777994527,14
-8.88857643858351,9.60042279578035,4
18.4382964278778,-18.7075895505069,2
9.65850306278086,-19.0086916225364,17
-8.0876914251199,12.0188969161649,9
8.59684979665915,11.1494814967718,3
-18.7232799848864,3.93712002257035,12
28.3012802629298,-4.65299778020723,17
19.4646802336071,-6.66306504072738,7
8.60543364446516,11.4616363562159,14
5.98627860242238,5.81801545469139,16
12.2317846090163,-2.64868675485317,20
-0.0229560641028464,-28.8740469909265,6
-0.995759453307504,-27.5332838047467,7
-4.44345089194453,4.73186025923471,6
-2.89184085370461,-0.506557091963773,11
-4.56104239361856,-4.92983168072016,13
28.6394933552104,-0.14389300358866,17
-2.81696783031991,-4.04877361092276,5
17.0447734691277,9.61449794270848,10
-5.25360836851458,-6.12870926779454,16
-13.1857017506552,-11.2816652496606,19
-14.088947972132,-22.4056981780217,1
-14.1131571415814,-22.2021668054889,17
-0.422864405894207,16.0231676594858,10
-7.89429227671353,-8.80792718545439,11
-15.6489186351839,8.72711749574969,3
8.43141606849252,-17.6982812029565,20
9.01888743443575,5.10838184353226,10
-9.23417955080854,-1.13409292383668,15
8.39037375638359,11.0341769596896,11
-6.25036649798602,-17.5785608018126,11
-17.0006215900553,5.83058473843175,19
13.2684145098671,19.8736989232813,18
5.53430050897476,-8.05097838837791,7
23.0337440412692,2.69762747962336,17
1.2432353522042,13.6958893006952,4
-17.5557537977776,-10.1020344450198,9
26.5499254682166,8.35319252482054,8
7.85969311641762,18.5278902577899,20
-19.1264822676206,1.70305577960632,15
10.2928668993684,4.70021009491112,2
-4.73648885118235,24.3512631939866,11
3.70153349585063,3.87344517960941,2
12.9856935940602,-2.11591202423277,8
-28.701365979172,3.92945801350162,11
-4.18592096236968,-13.4261303808313,9
-3.91275122911434,-0.618266811721577,20
4.88239073129166,-3.22204800300003,20
-14.3981638379858,-3.68255800785224,13
12.3748202899776,-14.8401374944525,7
24.4886484495288,4.67908377859859,17
14.3230028721596,-13.2301415348464,7
6.48709328563978,9.0720426757375,11
-12.167092614695,-11.7019786448332,19
-4.39343609351625,-0.62178960609262,11
-24.3279259645606,11.4475055220079,4
-14.046411605626,-22.1939040481075,7
5.19317486774924,8.46244652231634,2
-3.39946465403128,0.444198166796612,11
-1.43689483049108,-4.76187464589152,5
-1.56177660199145,20.7866197381268,6
-14.0611852377046,-22.3550686772847,11
-1.81570882511228,4.68123123201889,11
8.48905564990209,11.0947878090988,9
6.22946892804938,12.6678760447841,3
-13.2064623906366,-21.9368051210487,19
-2.08919854716403,-4.40192249479727,5
-1.0235779182367,-28.4314791951224,2
-8.95288780689799,20.0700061360627,4
-7.20999370453141,-2.22409875791774,18
8.78058995282193,11.3854463727106,7
0.00338480439997006,-28.8657114838645,6
-4.51623610886549,-1.41570555345466,2
17.8445779410379,-1.24971691426448,5
9.10530534969853,11.5414967796195,11
16.723236101415,-10.9570065999877,8
-14.1258936741316,-22.1203965472867,10
-10.7388051703844,6.13258632317661,11
-10.8656222699716,16.670281223599,4
-8.68092036468474,21.7676247861252,11
13.1202970115417,19.9505802662537,18
-8.80341080577728,12.5881913385579,9
29.2162921770274,6.37391373741116,17
-8.33020210973699,12.029151611383,9
16.8538809913493,7.00809164090792,17
16.3133976523357,-16.6072933451883,14
-0.755181791049245,2.28636860136379,11
28.6479813886528,-4.3960142502341,17
8.48081705161585,11.7589257519636,11
6.7168025750031,-4.01273804115041,5
-14.0511797550467,-7.80660671032346,20
5.8462426610736,2.04469553417236,1
-11.6381808031043,-1.04638509585299,18
13.798728814605,12.6208792214426,10
-14.0499880765636,-22.4186589746728,5
10.5844120373495,0.964066137067052,7
-15.0458665665736,-8.98484542288277,11
6.07634741161062,12.7609936830953,15
-15.1488078952246,-15.951237905643,19
-16.7060484127596,3.64939673656935,4
-22.3112383261291,8.14784152455856,20
-5.78037413976207,-15.9360538965163,10
27.6449980496335,4.57616453423717,12
-6.09491560119199,-3.07702622715511,20
-7.94056991536691,4.2587611287181,13
12.205217898258,-15.0532263421321,7
-16.6547670369387,0.173452834109163,19
30.8332080707158,-17.5518588216579,2
-6.11824768665933,-2.31768402793693,20
-12.1645357638546,13.4736051262113,20
9.66734398896127,-4.49703855763937,2
-3.67437086098148,6.99012766598563,5
7.50807320538165,18.2365335807856,18
-17.3644371006911,15.102162903658,16
14.5039036791138,-6.67013486033685,7
0.139183291709118,10.5594232127732,9
-15.3479266822313,1.92988719343766,19
18.0647925700991,-2.64870051263367,8
-0.906961217417302,12.911849032586,4
3.1365103919745,4.63484211406032,14
-11.2060797382891,-7.8301127868435,14
1.45897743942324,-6.92293220126439,5
-8.06332809296917,-7.14340923816721,11
-0.554192635146849,-1.4417415708742,18
15.672938430901,-7.01019589113676,7
14.7734509435321,4.33011165869682,16
10.095735096092,8.29597922366343,14
4.36495105680832,4.79757021913042,17
17.3584658887397,-11.0200639751257,7
-4.49179798412993,3.11709940792974,15
-2.99121615554114,-7.35571017014312,20
-6.90228693544963,0.361695795960437,13
-13.2273303946005,9.9661103260592,13
-14.2384109301729,7.05703496192248,19
-12.7957868872739,2.35282660098536,7
6.02224230506336,7.89076801569482,11
-13.9447304554624,10.0369237729222,7
-5.36091663770238,-3.65527586126799,20
-7.79796536627728,-9.47756107639859,4
-13.189528755762,-4.65678756610836,5
2.10332087766,-3.42260471517439,3
-0.401462444447887,-7.14373680727812,5
-10.9905992122346,10.9841906652043,11
-13.6727924728345,10.3813495571831,14
4.44803136996585,17.3544238835585,11
-10.1778929634611,7.66826196206189,18
-19.9720093149605,12.3413305613052,11
-11.8275847836732,13.0200204747937,4
-2.28232938211552,2.869899224086,1
-1.9139148699401,-0.861976333071675,19
-11.4794915494076,0.825557740018937,18
0.491593344870759,16.3325409781778,10
-6.34498787349854,4.46151726710279,12
-1.36125215055282,-1.81414184364462,5
-7.93328299735867,12.5404882790895,9
29.6298902427527,8.60919553558666,8
-17.0345193740228,8.46264531130895,11
-13.5474928302683,9.46265865563439,11
5.28850746985891,-13.3967713534357,20
-2.92059481864808,5.3246473758455,10
4.54759504333818,-2.69314762025661,3
9.07166601842888,11.5261903963978,10
-6.91088919326995,0.972779654718099,11
-16.5146296782633,-5.17237968496706,11
-10.4836317295429,1.07063150416231,18
28.1590579404072,-4.60125548497799,17
7.90337471373324,-11.0172655530286,2
-3.68066455232021,18.6578851273672,20
-14.1370134392922,-22.3630195137251,16
-14.2522106613783,10.1347779155517,5
1.60783499050532,6.04242581643486,11
-2.23660614976706,5.14941197651444,12
4.47203912139078,10.2767304975288,11
-18.74340479194,-12.8183497106977,19
13.2743146999131,-8.70232817980389,7
-2.45092461545821,-8.41111622077839,3
25.0312804234851,-2.07028049118995,8
-16.381039296053,16.0884556183269,5
-13.889499500516,-27.143438203094,3
19.2381819530838,-22.3952854110869,8
-8.0868758973348,-4.95074990278571,11
-10.0521816352682,-26.4553483083479,9
5.1235330849962,-7.05249415092702,15
-0.0157826076142142,1.59534005115581,1
4.48129586999835,-3.99027195265611,10
-7.81961229370774,21.550360308553,4
6.51212702880544,-5.76283312367311,16
-13.6242299324966,-1.83732098194127,18
-26.9294642430632,13.4344522600402,3
-0.260545525356406,-0.0415438429373493,11
-0.0665990901458124,-28.9749291632551,2
-15.4409774102021,3.10837109589199,19
1.04768070340132,3.24033037407114,1
25.5733301585655,13.5174145550784,12
19.8343361370288,-17.5387739840708,2
-15.3042780772427,15.5448595844552,13
28.7071181625634,8.3576335186296,7
-8.34656472916968,11.9791589535319,9
4.72494113969038,11.7316942324078,11
-3.03865877922156,2.00927925135089,3
9.31825731486868,9.48529462899336,10
6.19029447628365,10.4718322444339,15
-8.35964972236498,21.8797740160026,18
1.66257844964958,4.92456118638833,13
-2.14919552922961,2.10535217013244,3
-1.91172839876359,2.67643581980505,15
-17.3906280203336,2.53460227504469,13
27.9334271657391,-4.62741426608562,8
5.92558006829378,17.8532097602766,5
-5.13616187225047,-6.37578196461011,19
8.82922928030121,11.3133965164679,3
-19.2662150438737,17.8844869753859,11
-19.7749413037175,0.986008654900525,11
23.5499895573334,0.771319403512401,17
-12.2879341976374,-6.64802135192513,13
-7.0340520597888,0.892401697746902,11
-14.1044582007772,-22.4307951214044,14
-14.2581975436505,-7.87629244404981,19
-5.31414301967578,6.90648375380215,4
2.64943031737623,0.605399481460848,11
-13.1958029870963,16.5738345411167,4
5.96102241334632,3.85532213986467,11
-1.19621053703565,-4.1854571660399,5
31.4629859285307,-18.3842178941265,2
-10.090985904633,-2.73699273112198,11
-5.26725988864025,0.535367368311967,3
-17.9295071121833,7.76950482119281,18
-5.43250230984501,12.4715843726233,9
19.0218130097446,-25.3156107365792,1
-4.96034111058792,-0.690864167714024,13
-12.017705334156,8.22960223291429,13
7.47764869430861,-5.4069084072467,4
-4.29203966686925,-7.73367019307978,2
-10.7029037269497,3.72444037028731,11
12.9251405484796,-2.07812156506116,14
-4.03341893187809,4.768686365084,11
7.9062922633959,19.4581369816438,2
6.10767791743576,10.4678633611516,20
14.4056124541971,20.7621354868138,16
-5.45915028522611,-1.77607871940704,18
-4.14385996483722,-3.37415999660081,20
-9.07378276992599,-2.08598445928249,11
-18.4067896460969,-7.04799938736195,15
9.73033013838135,-7.42081993531456,7
1.01935292451517,-7.69354556166191,18
11.1776812509438,-14.3455182934002,10
8.21381413802237,0.751004900369515,15
20.0930563662835,-45.1043285958726,20
-3.49935859478097,-19.4242580294788,16
-10.3055421461791,7.15122575454902,19
-6.85147326271617,4.87178946919088,12
-2.3130772956785,6.00348633367933,4
-2.86653976710665,1.5721418437093,19
1.75939727155147,1.76380711664212,6
0.436034997647003,12.8606133461658,11
-11.7469710624954,9.59711306862726,19
0.387695266694514,-28.3079269472777,17
-2.5202270504047,-8.65823185543036,13
-6.70424307735697,11.7126640225888,9
13.7624010861887,-8.0634701869423,7
-13.276250046454,-8.58210562667695,13
-4.10150692499776,-13.4329096817468,9
-5.02505341106702,-12.906076440235,2
0.818052726340847,-15.2653294989487,10
-14.2029935165029,9.89367221748984,13
6.30730087525317,-2.42758202064548,4
-9.15306234336719,2.27290584552839,20
-28.5498269370778,6.29006025155766,13
3.82059629374981,-7.20542610436381,11
-15.3766892595377,-13.9038693525528,11
19.7425918624167,-3.95313884394399,8
-2.76265546811026,8.12856086790319,13
-3.08486082485659,19.4212488995537,18
2.08884617268531,22.7706051776442,4
15.3933055849526,9.87844183155282,11
9.616439424532,-19.2154223226695,17
-14.1112564778917,-22.1611370132028,17
9.17834122902184,11.5670997890255,10
2.4067816419324,-9.29082407095478,10
-4.17560890089809,-3.29346641352661,20
28.1990492261657,-4.60699927472509,8
-0.38696051288178,2.74299372002777,18
5.20098328539633,-11.4342177876341,1
-9.75411672052933,11.4012700902716,9
25.5286592551072,1.38512867375108,17
-14.0306183837038,-17.4592107816818,5
-4.69013219060142,-0.948909782905,1
-23.3990076676881,-0.283513979876586,3
-7.1884769427633,11.4961487807004,9
6.20372158735297,14.4966913777155,18
-9.78509822268593,8.59266582155158,13
-10.8835612191998,-17.2634367934337,5
-5.77369666361414,-14.3223188941283,1
-14.9596689105098,-9.3195358529255,9
10.4493202653555,13.2536148442694,10
7.72622479867633,-27.797234900275,2
0.405231266349671,-28.9321867209473,13
5.99473717211615,-4.09419828002122,8
-15.1561903022628,0.698169043730128,18
2.71230942723271,-13.8218765218868,10
0.689075619040056,-4.89710178032224,13
14.91947393414,-8.53190215435725,7
-13.1054360000108,-4.57584788108208,18
-28.7395090488504,-5.07332198435692,11
8.58722682496003,-11.3692657035433,7
-1.07302246118479,-6.20853355060552,5
-8.57426399087226,2.89657420654318,13
2.48971576008745,5.11862866520523,11
-2.96759101608081,0.638460699978342,11
-24.0940345160237,-5.60756544937,20
15.1113826416882,-0.611860053453663,10
1.78596415460784,-18.3971121240566,10
-10.7778671639268,7.31539803811276,13
-5.70114480297671,-0.199477673164347,9
-8.43496352638084,7.65790677940605,18
16.7872553523766,-10.9237697376678,7
14.1451450050192,-9.07341387914913,7
-2.18298819635178,-22.2293422693057,11
-0.750479424573729,-5.48800369536889,10
-17.1861194088304,15.0304832447451,11
-9.00757452208021,-12.1233696488857,19
19.0085385437011,-24.1285095048507,1
-6.98473093564112,-5.8401249936664,10
8.29565679410099,11.7631233645001,11
10.9689383634947,-2.58987947661575,1
5.00842661110353,-9.14505216174641,10
9.50750221101317,-10.0942277173576,14
9.25844183908003,14.4264740606705,14
-7.505113386296,-6.95070791466144,11
-6.22705184488543,4.45792678371951,4
11.9420343099837,10.7630445421132,2
7.73066988209359,-0.406634096039144,7
-28.7376569742589,-5.31331287610882,18
-4.14519566954028,6.65758306395433,6
20.7433495554793,-6.30366916674118,17
5.34620398915206,-22.5544580502928,2
1.49590086095818,-7.32267060764486,11
3.48978344177919,18.9404239918738,6
-1.71363642088523,18.1462831029703,6
5.82112288743016,19.1077199014932,6
4.8277241227823,19.4043659351431,6
-1.0060831378012,6.48211735701769,6
1.73650125698479,-18.4280205849525,10
-14.087201804638,15.3817782480719,11
-12.6795301155389,6.8105533791278,4
-4.83844408872638,2.36365736094056,11
36.3945216049483,-37.8772064293941,9
10.9809268156169,-13.8522790256974,5
19.0437901023244,-24.1860662010448,1
-1.775541073117,-10.0753616737457,3
6.84460585415332,-7.64888963736043,14
-15.4351727220894,-21.817942162599,9
-1.33582549026724,-5.30485511759515,13
-4.34617941593544,-3.50998000853692,20
-12.8203253599976,8.0631593958195,20
-8.1393849638861,12.8366435091804,9
-20.1838816779034,4.27999610994471,15
-15.1947593297714,-22.2029625404441,3
15.5407723944704,-12.2575997764222,7
-15.6048282395397,5.37235485415867,14
-0.293799183460277,0.152422963519605,9
-5.48102527077743,0.854867669857519,10
-2.12620123850068,-7.56495533138653,11
-11.2468580758186,-7.78603975689218,11
3.13009854733534,1.65387695029228,14
16.4254208433116,-11.0380615230274,3
13.8318605891915,-23.1228482180969,4
15.258850994833,-16.882778863775,8
-12.7891044116794,-14.5145704563567,19
8.94723214354863,-6.01509924504268,7
15.291033227066,5.1977682143605,8
18.5502540034544,18.5626285773064,18
-12.4419278172841,-13.1550572416103,5
-12.0803150951534,-8.51411942235109,19
-9.97780618275111,-12.1812407262854,11
-12.9449061381999,-14.6246149718221,15
-12.922105140183,-14.6956608984262,13
-12.8024904675378,-14.6020586149567,7
-15.0388468400893,-11.5051022757311,19
3.5604795750929,-8.53370208176191,16
-16.4850706447307,-8.0859968942785,19
1.66869215877992,5.29832360041914,18
-7.8038836957381,-19.5555196217279,5
1.78607702708227,0.801431214568757,11
6.54348804364303,9.33048530221264,3
12.9542246218095,7.43786290059965,8
-8.77937923409634,19.6792079605184,4
3.61561985020154,10.7112970157864,9
17.6981752759286,10.1576192912093,8
-2.15791655129596,5.09848894869558,19
3.65269556288005,5.42590576985353,15
-17.2569536969604,-5.67073304376771,19
-8.40306231274459,-0.0882002325792541,15
-2.7792089204391,-10.9224501820763,11
8.71326505733314,11.6568110940315,11
3.1776141494897,2.49881141713976,8
3.56552519366805,-8.49154465058934,10
3.4834146139157,8.76964742257809,10
2.07461664894629,-18.5450089683194,2
16.0379882930829,20.7646880283887,16
-0.732155142673142,-12.6400143770987,3
8.42509351091343,-21.5672780000501,3
8.40091342125542,11.7497500918035,11
-9.06781009804526,-18.1897838789514,18
8.60399721934243,11.5679696596424,19
-0.00880563737741792,-29.0253003476595,6
1.79987443273839,-18.4248357169816,10
-5.94249252820997,-7.68538304884448,3
-3.13049420351795,2.68029044182617,18
12.8842213785703,6.91940195310448,8
27.4352059835755,3.9628414294975,8
3.72156389668594,-15.5755560573593,7
-7.94829883976151,20.4816934246517,4
-5.04147539234938,-1.35920695750493,10
5.20759312837356,7.24369991659618,16
-5.85509991668449,-1.42388395887168,11
-17.6054324167877,9.21995064443947,19
-3.47053135759622,-6.18560898153831,5
-20.272658763972,0.727118750273264,8
0.253510251299093,5.2830869806163,1
-3.62820038850562,-21.8995297032557,2
11.1586461056047,-7.41002111453102,7
-11.8632498269614,12.3228698767826,19
-21.8088649464875,-0.9165523121201,1
-8.14398247333691,9.68648542832311,11
24.2021131865808,11.3818006781521,8
19.1149784390645,-5.00487134109582,8
8.46785739640533,14.3789946452345,20
7.52562769329539,4.59590829232359,13
6.65215140626672,0.982248627190069,7
-2.30178953972044,-22.1120139877781,18
23.7949194087012,-4.49946142032592,7
22.8401121097442,2.08150977618412,17
-1.38210303937053,-0.500044189789572,12
-6.43852463728548,-2.94764913196575,20
-4.74550165366604,-11.7455708066999,18
1.6532340735016,-5.29151540425734,2
-0.342596906758929,2.39787818577556,11
-11.284065233327,18.9902487152076,18
-22.7094713124058,0.635206269602752,20
-1.02573857725848,7.31390961010749,18
7.16979295725531,-7.28076067453241,7
-4.34629201135219,-1.16071725800095,18
-4.25857839953385,-6.61104315505592,11
-21.786419448207,-17.8093365457112,16
-5.31383384144688,-18.0705831563544,19
7.06304554641797,-12.3983677620624,3
15.2496765381851,-16.8603191837506,8
-15.5770620363061,5.77618322215839,15
6.23361963595581,-24.791886596749,16
-18.1905725827993,-7.88839068803733,18
-1.51175712618835,-10.4074581552964,10
13.9626585157042,20.5396422955687,16
-2.95906448777926,-10.2524044389236,3
-10.1312997471951,-19.6231786092687,11
-4.8179045292556,-7.45503737123489,1
-23.4048077379818,-19.3106855127162,3
1.82147084417065,-18.5060806121475,10
7.14101394679863,21.2737779293241,19
7.11533692254459,-1.40721558342528,16
-22.4129079559545,17.0454287846609,2
-3.52221642816872,8.14650900293525,4
0.635931308957853,-11.5771988652818,3
8.81954344235343,5.24591044115728,4
-5.84328596387753,18.6016359724629,4
19.6764399710857,-8.65264029161856,7
-6.69957379332072,15.5041254062835,5
-2.18060100679444,-1.42598784543631,1
7.61438309439972,4.69922803388915,10
-4.88936101002789,-4.75593492053067,20
-7.25869620800866,-12.0386797264762,9
3.91296058862489,6.08702716115099,14
-9.59845386654249,2.94823570744719,11
5.94447351467531,-4.18403535703986,5
-2.97248321950669,-7.70151220803893,1
-9.91196486596945,3.44998003204293,11
-5.04669951471374,0.54992563511785,5
-12.273887155184,-14.7034517648131,7
-11.4309924199769,-0.168171577898896,18
-4.6309936498722,0.402483934046873,16
29.290154083799,6.50067040979357,17
19.8876053828799,-12.8690678963059,14
-0.618763006894229,-1.32443925534215,19
-0.114725870072901,-10.0640994771593,3
-5.29682565354433,4.37175648869149,3
7.94497214049556,21.5273186713369,11
1.78292334472332,3.6114618629814,5
8.34049179447592,10.7114039852036,11
0.68297415340494,-5.86717039800933,10
12.7100945105251,7.16615211413674,8
-20.9861082583432,-3.07873635213018,20
0.135673008910009,29.8792041997288,15
-21.1537523623341,-4.06638016720181,3
7.00301738783037,21.1787546151077,3
-7.14312321369593,-7.90144512916435,20
14.2786603234215,-3.27774677642786,17
7.67265180371427,11.23977963763,4
-8.9201851260202,-3.43523812556657,18
-19.0305250597374,5.01601034130956,4
-3.96520371109571,-22.291026287079,10
4.4237469626126,-27.1950242492351,5
-17.4306069943885,-11.3580925984271,10
-6.06540226740512,2.40710133536265,10
16.7369510108686,-0.418770092030333,17
-5.37890180442307,11.4474706247826,11
-18.2046461492786,1.02125127954385,15
-4.53488926495185,-3.98736866476599,20
11.1743254169115,-22.9726105338008,11
-1.00096821390019,-2.33714006424643,8
-16.5056899457292,-12.6006650869405,10
-2.41882308586514,-30.1353714337284,15
18.2083240705936,-1.59394347203635,17
12.4787080155509,-3.26271099841541,18
-16.5045455219624,24.1046689412007,10
-3.78810236050185,-22.1852649883182,11
12.04672896565,-7.30213718023196,7
12.6205815728395,-6.022155966307,7
29.2534034332426,-8.4310778827214,8
0.31996852609483,-0.0681686112347971,3
9.01463683421713,3.69336348860891,11
-2.15988157368244,4.55074425429988,8
4.27129940124907,2.58965473411258,19
17.2336751731394,6.8072670781474,8
-2.96471350431632,4.58018491684679,10
-11.9495587116041,-10.0556276600107,20
-1.40100638025565,7.68298835392751,12
-3.93147570683233,8.7755164342924,4
-19.6189714294476,-9.8218417144331,19
27.0225901560199,1.39899129621099,17
-2.33387057488422,-4.09751483406213,5
-30.3692280350259,-4.68159668494283,11
11.1072404508906,0.602347747001161,8
-7.975699911213,10.1652882615235,9
3.14071613916455,-21.8819183148438,9
-1.06123645366359,5.74713719269669,20
-5.67315035826622,10.3875306829465,9
-12.3560326823218,-5.22722841699848,5
30.7227496845384,-9.00865624198082,7
8.83228037208719,4.54703560428567,10
-18.2448266133646,-4.97245666380243,13
-6.46817658518716,7.13978434353925,18
-5.98276849521723,-4.98723478812992,20
4.89306765120491,13.315463516005,20
-15.038619798567,17.30723281247,14
0.465987906791836,24.6668010367598,18
-20.225852654967,-0.159924687790168,11
7.87922906069686,-27.233152807375,20
30.6052856797607,-9.06237176224017,7
1.79048871360319,-3.16904937523327,9
15.1730145356291,-19.423827066508,2
2.75365160128893,13.7021148547769,13
-0.0619641254254267,-28.9265458827878,3
-7.18341662213584,5.59390970697217,11
-5.33353714189565,26.1968614473005,5
-0.659587846700478,11.1573209142869,2
-19.3334205206999,-3.96613662469085,19
-5.86150909800136,22.4403933791429,14
1.02909863269495,4.49608741412235,10
-8.54880909426084,-2.20864981826995,13
-3.77689240359414,-22.175396693177,10
8.16373825574909,-11.8453556947117,7
-11.1912105509578,16.0053958560623,4
1.91846495087119,0.664108513440539,17
-16.4590724431592,10.3118432359903,15
-13.7326388285515,19.6708312062858,19
11.4012649790068,10.130997044477,10
-3.14397043276181,9.34310497708532,9
-8.22110253721486,-2.10452741017394,11
4.99862653700126,21.7554000442529,18
-5.7663370082955,6.31613486182396,14
11.2299700190229,-23.0438842372986,19
-8.07349565668682,5.32562693211208,4
-15.7513101654503,-5.7478239567715,6
-7.97498068310018,-4.90337595741205,9
-2.64438259231396,4.91904927324655,3
3.66426840022289,9.362380675946,1
-15.6337419512261,-16.9974632206442,7
-0.114910266901339,-10.7494279239323,3
-12.8873971137786,12.1146789988652,19
-3.66844262309587,-3.51032394467075,18
15.9271737164861,6.19536883888715,8
-1.04950810336098,17.2721006691106,18
-7.70085690530663,-0.0765561547824131,15
2.45594356679606,-4.94840265565354,10
-5.78648082613729,7.26023825047564,20
20.4721316091745,-13.1326718886533,14
30.5586099208317,-8.78356807601752,15
-5.74328164700073,11.7700852207038,4
-3.19769770473475,2.35762389899045,11
-22.1379410949572,-4.12259322810419,19
3.99931935439299,0.555407311916513,7
2.48961734753867,-4.20003273734313,11
1.26302399205924,-27.1087222968779,16
16.8360002748267,0.229149838350343,8
7.68448351299047,-2.88614311107577,10
-3.34454659951073,-1.53666806920782,11
-3.82532343525979,16.0114343436299,6
16.9338316819149,-11.1414484523639,7
-6.92137590135483,17.9251413702045,19
19.1591569865672,-13.7319881805278,7
-2.20858116469108,1.18734161737482,11
19.5459811501151,7.9314298803639,12
-14.8745326515964,-20.8774816926038,10
8.30432321393994,8.48043880354838,11
-18.9448401708083,-8.83021713922879,19
5.1448039041839,8.10807429218663,10
-1.86860966508664,3.81914487415721,12
30.2451573152727,10.1577252905739,17
24.1457159790993,6.05293273965762,17
3.36898822238117,0.833598271634702,10
2.64540899340386,-1.23856547217615,10
-28.9561179160181,-5.25001905706341,20
13.9987902831306,13.3761897405992,10
1.91488833283654,-14.8577619039316,10
-2.92943263414486,0.546902035627584,1
-1.21313537632463,14.6667102877118,13
14.9584640048405,20.7394817624534,16
-6.5291533284564,25.5253046899045,3
0.694218348731149,3.16535854523653,1
-3.69880006711552,-8.104719484561,5
22.5447097422894,-2.40850391889921,17
-3.17643363130811,1.67306946951086,11
0.0271589471051534,-6.4702774262666,10
-11.8680039216787,3.52427230411792,18
-2.04370130828251,7.05692538426628,11
-8.78103367535851,-1.66256831652068,13
-0.086930959012825,-0.466744927141435,14
-4.13339986582699,7.75170923656354,1
-7.5679829584794,-0.190060621070157,9
-3.23021332497002,-6.96449946095765,10
-11.8873023649478,7.20512868384253,11
-2.84142750564989,11.2614059261802,9
-16.6898907244239,3.6371004773929,19
-11.2076407069488,7.12576588652443,7
22.6974750910122,19.5418095729961,12
19.3288245056389,-17.6407786378273,2
-2.31808333461456,-2.21649383536615,2
-0.838974132018741,5.05257197989816,9
4.94511434361012,17.7589961133732,19
-8.06393903139591,21.473150754077,4
-9.85344999098545,0.402442492883142,4
3.72569005161641,-17.9633195543737,2
-1.22625505392428,-6.99258912067174,10
-0.294828639264285,8.07880819168815,2
48.3053767416173,-9.45867873808418,4
-3.94791333937781,-2.91834595374957,3
2.5469326842827,-10.2965276591931,14
2.37600084558729,-14.8480575016352,10
21.8381043704018,3.49195336184273,17
-1.2849213179066,-0.163631061044286,11
-9.63938777302712,-22.2981557021503,16
-9.00442482615706,3.78794937148528,19
-14.3301121507819,-22.9818009062384,11
31.1837487801916,-1.90778658795941,12
13.7886867378623,10.0839945085934,11
-7.7322115601248,-3.60549679543073,5
-12.7799164614828,-14.5924305038781,13
-6.63083410990566,0.137457596221233,15
0.153984220200497,-6.08929463241288,10
8.85580312008157,-27.8289214419922,7
3.84477794634459,-15.6069693813441,7
-3.80400848216654,-22.1977824112726,11
24.9629806291038,-0.454453909240424,12
-0.80165366814255,6.31872843953567,18
-2.1583005880324,-3.30598550924898,10
-4.70349019581532,18.6448123716444,4
-9.16389605611254,2.30443154450641,15
19.1661852596081,-0.95560823615596,8
5.33460989614729,-6.0894629872583,19
25.6709514471741,-7.73987412836904,17
-15.8336814536036,-1.67021184943029,20
19.602517514616,8.36992764628681,14
12.423170583533,-8.75366420566684,7
31.2388128505195,7.48641215209183,3
14.0050025656284,13.4289328917401,1
-18.6397007776538,2.00752635728923,15
-13.4864077509405,0.682211267199755,14
0.825214862587586,4.65579587969042,1
9.10771421446357,11.5434741260876,10
1.54076746314594,-18.4779487781348,11
-10.8952936620499,-6.1902880565815,14
14.126247321129,-3.37218647963739,7
11.8027279048459,14.8000141419007,16
17.0524878051668,15.3011122520697,16
0.319362249735454,-1.95048296030394,3
0.094424007747194,-28.5933286292546,15
-11.6692002027365,-5.94141805524517,19
-3.74717847387851,-6.92009204941142,5
10.7404201547539,-18.234573183154,7
25.7871021585254,-8.74711895830032,17
-7.28321976672133,23.1824813404387,4
3.09000338605329,5.76858792440384,1
-5.33962666946223,5.62764482550248,11
-14.2192171417916,-0.252571715175397,18
18.1825851727541,-12.1645318094459,7
-14.0971299394901,-22.2912102497863,5
6.46950020126661,-0.101410401403504,15
-9.52796292342812,7.62696060059285,19
0.173382926105836,-13.1657801431313,10
19.0859782195155,-18.1742582132332,7
19.03504115079,-24.0155843682436,14
3.89478413248301,10.4378900629982,11
19.0979557402364,-25.1606323605188,1
-6.26628019472485,-14.4438944331366,2
-21.1905797770596,-4.60683488285182,13
6.84840322405702,-8.98640934544204,19
-13.2169053875021,7.20220542274729,18
4.79018607978115,-0.259760365964123,7
-17.7160343387528,5.81313568275348,18
8.10172616415716,-26.9466910928582,16
-14.9391593015924,0.205638711090357,11
20.0929193233246,-45.1044186604033,20
-9.80136002273455,-0.671257835127379,18
31.0878095413652,-19.4908115279528,2
-3.14125630173871,-2.95020611236172,11
22.4747199959253,1.26920644495777,17
-0.834790445305646,-28.1144027659815,16
0.398466357992928,2.53373156642409,1
6.60838450033147,18.0937088109079,18
-25.5585769757114,3.64921271431361,13
4.36439395465099,-24.3907567720751,16
8.96880998512606,-27.8798413905038,17
26.5316607679877,-11.8462363839267,17
13.3574883559584,4.55216625912248,7
1.49202050704721,-18.0508211733771,10
-9.61574130303551,6.11166389289132,3
1.42056823348372,24.7134686179048,11
0.116012767227867,2.5996813783792,20
8.22732937016064,10.6697537590416,11
1.34337667208796,-3.56111077406835,5
-5.25249694369287,5.1127550639361,11
-0.0267049127278398,-28.9275603744393,16
-24.3194047511345,-11.3702860657697,5
30.1777663166787,-8.26250561873125,17
-8.13736668327378,1.57641098128776,4
-8.25630248006864,25.6518135090242,19
-17.3838412089591,16.5883797898262,4
-7.87346169325394,4.18903528545208,19
22.8071801822287,-2.38962084892384,10
31.4015183486357,-18.3531528686748,2
-11.9450290207321,18.7540178715996,4
-8.15170934066719,-2.95171603870269,15
24.589380386458,-9.06474148440487,7
-20.1263200757202,14.2842359462483,3
-3.54440449957562,1.07563510525915,7
3.8399642120941,-15.6464509054381,7
20.1015258742924,-13.0853100049678,7
11.1636391016108,-22.9470828864555,11
2.38195402639128,-9.14223489158778,14
-20.0388861480902,-17.019277153648,10
-2.26672514516457,6.9228334611383,11
-3.71324198899179,-8.0981383276326,5
30.4179225064186,9.74907099363435,8
30.2978476349246,9.66938061380108,17
30.8447510885345,8.39805827926226,8
30.234270822564,8.40212256733894,17
16.9641623246863,-10.8296886445046,7
30.5490063906941,9.84447146768565,8
4.03182779778054,-18.2230227425691,17
-10.6808851604969,13.3788065130095,9
0.370810024898169,-3.56050042550259,8
30.3043385399403,9.74881646384108,17
7.60055610911135,0.315451987052114,10
30.2825970326265,8.69449956156955,8
3.75023767321179,-15.5979629680374,10
1.88851125820557,-14.5038814029201,10
7.33777538138241,6.506431613589,14
2.47364223731716,-8.29878768509349,10
30.2544464723673,9.74024766515924,17
-20.7828015833965,25.2158966769293,15
30.7996953357699,10.0082835484347,8
29.961701901459,8.26523360245378,17
3.60199894900172,6.74171882668991,17
24.6017061152308,8.1251317376559,8
5.7116151966362,-3.52940437310086,3
-29.3119368964774,-5.20100153866795,11
-7.29040058741633,22.9563389773406,5
-11.2277357005971,-7.94865940031644,13
1.50909764823138,-18.4295660934622,20
3.30937105890568,-14.8307639618122,10
19.1102879791118,-13.8007567577872,2
-19.0187693596924,-7.52255161340023,19
-9.93583517652283,-16.2430128748845,11
30.4562097951507,-20.148830314821,2
30.3687491391814,8.47145930948817,4
-0.501898977911552,-28.4788261700338,16
-0.935375878249003,-28.0452181959642,16
1.30658642769916,15.9185104493766,6
-2.26340406759198,-22.1212918700999,2
-17.903271366377,-15.9830951557344,15
3.46648477871746,-13.8717649524003,10
-3.31565476960795,-12.777458323748,11
11.8526940885654,-2.10648654075534,8
26.5568995354247,-11.8989202708285,14
19.6374177136468,-13.2309838734292,7
22.0700826574395,-2.64221140210035,8
-1.57272863765336,-4.36561889617026,1
-7.40832135211297,-2.48961342752839,11
-29.3332407753936,-5.97152263205237,11
30.3867773629527,-8.60224783935727,17
18.8555724971649,-24.8651735862946,1
-7.47194327963824,-3.23725366541316,14
-0.908508331336984,-3.35562678357778,5
30.4370318112472,9.88543897563258,8
-14.4553694574361,12.9061548068551,13
-6.47565585022661,-3.35822365641396,20
-10.0425779294732,-1.86094918840658,13
-6.88481242800762,-0.68582366919498,18
-20.3837225062335,0.0805779707957959,11
8.21173208371341,-7.49837266153969,10
-2.53294845972712,-27.3017438927011,3
-10.070561773924,-3.00309474193718,11
15.7032041764391,-2.32732049090922,17
-4.27640986425309,-3.52343368066735,11
-30.4213694855711,-4.79219704447918,11
-30.0679945351232,-4.95720312248102,15
-21.7792786355649,-17.8222642566506,15
-0.739632790807177,-9.45227568109851,10
-3.87981474114034,-7.47169666461,14
0.935101328971345,15.7472664576501,6
1.66235741759018,11.06507911785,6
3.60651374695247,4.34884510313475,6
-0.573898180557639,17.8065388791458,6
2.52276277483861,14.9526438954403,6
0.0196043493546814,18.6924968796613,6
1.72989244880562,19.3520406598293,6
6.07564676633861,20.1126804073744,6
-0.086607658626599,19.2506964023138,6
0.0522563182731193,18.819853158418,6
-3.94709498829246,3.77000275485037,18
-7.50013151540399,-3.84675961866002,19
-4.29252376689417,-4.64189573225202,5
19.4112727523039,-13.4241516138032,7
36.3945216049483,-37.8772064294143,9
0.631715363194751,-7.17621163947601,10
-9.71311296549702,-7.66574828450239,11
29.6378518905863,20.3808031375579,13
-30.4629516503492,-4.83966310605699,14
25.4002961525127,-11.4871673255052,2
18.874022718995,-24.4979870936215,1
-0.638587939918461,-4.09492738720267,10
-13.6958451652492,8.26729276181307,11
-25.6533335591946,2.1218147178068,13
-4.3917433661422,8.40963243491101,5
30.5062788049945,7.97683778326155,8
-16.0056717344894,4.40343287664842,11
23.7266509092807,-10.6953134584155,7
10.4412219157314,13.2390902883389,15
-8.08654513640869,-5.02732678746231,11
-2.76471102888397,4.31310056994876,12
-30.5840886114932,-4.73080223209102,14
5.22645384631385,13.12908737043,10
8.07523355069253,21.575564337845,9
-22.8738101866621,12.8674589828639,11
30.3978829778283,9.76921727246893,8
-8.83006889270634,-1.1769311336705,15
20.8264014323338,9.18081986229003,8
22.3219084761737,2.8957941857067,17
-30.1747796656578,-4.84981029557256,14
25.6268762928747,0.757921941756616,8
-12.7174153242505,-7.54696590691225,19
12.2318556805503,-2.57883849630141,19
30.2674282313837,10.4117119836717,17
30.6396954817476,10.1762913671387,20
30.5552763899022,10.3230279501471,16
30.3562946849133,10.0887578773841,17
30.4091176066076,9.93794739661931,17
30.4430651362443,9.63849661592143,8
-1.52451734884352,0.65490222289785,19
28.9239672570404,7.89265212930031,17
28.8970658719847,10.112428398868,12
30.7211345318131,7.84078364376531,12
2.38868892908727,-9.36866172282565,11
-16.3179940172395,14.9304248012476,11
15.789037074428,-3.29748626521403,7
-10.129377559891,-19.6148024946029,15
-4.22731183453903,-3.03346649238182,8
1.35945010914548,5.03893789676636,19
-1.71616643980962,5.94983537242342,12
4.46420422161289,-23.1717160901314,2
-14.3426638906044,7.80189044451611,11
30.6308604394139,-20.0552440563112,2
29.5634138373153,6.9145098034729,17
14.1536060822739,5.02377209258751,2
31.1279218171175,11.111936832238,13
9.75662701814903,-4.68074937895349,5
10.0506354963453,-25.657893930683,17
-8.22332160271136,1.24940463303422,9
-0.285207015212568,-0.397586571537657,16
-20.2096918265892,0.524223016331161,11
29.2022120822069,8.40491849944203,16
23.1636565791024,-0.382608188258091,17
-25.6978351344067,2.07623688549004,13
-5.68472991680221,0.5885520711199,4
-26.2702329762351,10.2815335008578,11
-5.02051712962463,-12.7562149838715,19
30.3465578876013,8.17002635009297,8
3.81465948773433,-7.2281814750947,1
-4.56523663962875,-1.44262100387383,11
25.8814694896843,7.34886478327793,13
29.0023176213124,8.18869364094022,17
-14.560460207153,-1.58787673555193,18
-2.83686616408344,3.24888189159542,9
13.3132897485288,4.51530157232427,4
-28.366652434533,0.978847372772244,11
10.5358673742168,19.3840590223127,16
10.0464866549678,-4.75211234691745,16
12.687195536171,-3.25723364352551,11
20.6963451408774,-5.98081755335759,17
26.8817549470324,7.6094998168231,17
10.999942963949,-10.6562360431389,7
14.0814278272283,-10.8753308571979,7
-4.47903276737467,-4.69681013357279,5
5.3246093319502,-1.45710801860683,10
14.2848487054201,21.3257912061523,16
-3.71870715710031,-0.150089440689286,10
16.8823755065277,-3.4557611124076,17
-13.7225105749978,-1.72138697920005,18
6.75951071898545,-7.7432347646614,3
-16.2415524913783,4.6505160748047,10
19.3871706535709,-17.9284478973311,17
-6.60484892020163,-1.44929754833271,18
-23.3249534609734,1.61663136479223,18
-5.49929768267459,-5.38256937454508,20
7.46752030508032,6.39305625977827,20
2.54511725025603,-16.1307556695146,10
-3.58918581523666,0.458486017852986,11
-0.0147946752398808,12.4200295924481,9
-22.0859064400676,15.4739230482191,9
-13.1847890055611,21.4287427781906,4
6.75847183021247,-1.44801173281673,15
0.777869674220329,0.418013459925169,8
1.27354698417834,-5.28458523023192,5
-0.168468840246308,-28.9216714433755,2
17.1103566593837,9.5056477256856,10
19.0635430744123,3.62560772321443,17
-15.1259675946468,19.7898108552171,11
7.89722873594506,-27.2747875145604,3
-11.3296359599228,-9.39415116018414,9
28.9239440372256,8.21900595297227,17
23.4290662225165,-16.3846039812147,7
13.9245777393959,-0.348023745972522,16
0.231317225961804,-0.830627526012382,10
25.7418940457122,0.870779276174797,8
6.41137432752065,12.5758778299757,9
12.2552507929977,0.573900644332556,3
26.2195312480367,-11.5890720364647,17
30.3536526075544,9.73073105011664,17
17.2248592767143,3.02130692385878,17
21.9239156286961,4.28211025880586,16
29.7370604459227,9.95231590619472,8
-7.66054973084878,8.51467523433078,19
14.6706481002803,-8.76471353727525,7
6.09997602057765,12.2313253826749,11
-18.0399919372554,-25.1128000513869,9
-3.64711509953314,5.40400859284435,11
-5.71036022007395,-15.8014641920896,14
-21.1808927506783,-13.0643552823726,19
-21.3037457058669,-13.0254204562406,19
-3.58868514629565,-5.12629040949545,5
-3.82293710764827,11.5824735942707,9
-0.408566593917877,10.2159057801617,11
-1.31173069109875,-11.2920193387758,3
13.9732533192081,13.2657369739166,13
-11.7572772877076,4.56492807244857,5
4.04958757664293,-3.09273698244068,13
-2.22207467995404,2.18552273563211,8
13.1681818943043,-8.92031234167964,7
14.0459055913498,6.59789810079613,8
23.3117130352629,1.66449843031031,11
-8.48152216433289,-15.555411046336,7
-8.04335485021293,6.29589212048081,9
-2.36243581592141,-5.4742561473305,5
-12.4496816744396,9.13697917966939,19
-1.02705087578812,-3.13155315465214,18
1.99755550089646,0.576532057509502,11
-0.581157455025853,9.26245517497507,12
7.47229459541392,22.8856068760957,16
-11.2485773184378,7.51837791199243,19
6.13354492606339,-0.245379462685497,1
-6.90910777199685,-0.445357409749985,19
4.05841793631764,-1.22315130868837,1
-6.98809115606008,6.86560630876539,10
1.8002922013569,-10.2521040030295,7
-22.0813272572673,-8.6184584325751,11
7.66165145203796,21.8135879113694,4
-8.74544379022237,4.06778599816741,18
11.2226937792324,-1.00804572487258,14
-6.89470404828382,17.8830325344613,3
9.23370673856568,-8.67972139552688,5
-2.09784365471699,7.02708320004789,11
-14.4777421994226,11.4417288258925,19
-6.0771867873455,3.03768138698054,4
2.93229787497955,-24.2967950304115,16
-2.56209170773388,3.14159478860819,4
3.04629980655635,-15.115907814881,10
-13.765116476843,-27.3338692368901,7
-13.7241427943098,-3.62760492602087,18
16.4718047543034,8.20217066690397,8
-4.11398920688148,7.21119901208073,6
-2.40660174632782,8.97852002605266,10
-21.7599094602904,-2.71262848518041,18
-0.910868231581923,-1.99010694333504,11
-0.749461517967385,0.756940289642654,4
9.82676662222258,-19.2995886532329,17
26.2512301542139,-11.7756276471521,2
-13.7468476593294,9.82933409114392,4
13.8198558379884,-6.96677154839879,7
-0.84627895592305,-3.21576557033213,8
28.1376324816237,-4.60239603850892,17
-11.8173638362131,15.9918024157588,4
-1.32120034662307,-13.8688600048061,10
-3.71126174900152,5.12229299660858,11
12.4235024942093,6.69179235719759,3
-5.37478846790087,-18.025044365386,19
-5.23962137695999,13.4404670940586,14
-9.41255858303781,5.53474610887794,5
-9.41925954062875,5.36205670180538,11
-2.14524040701736,-11.7981342745243,19
-6.95560185131524,2.55774236747274,15
-10.4466019360886,11.0912992350484,9
17.1100934829311,9.43258263132063,14
11.1853369400515,-22.9815004038676,8
23.6166635461763,-8.31201166537883,7
1.06690931468211,2.56560926802908,1
14.0955027816285,15.4613554774294,16
0.976880639486517,-2.66273377676292,3
30.3085721996842,-8.50256125355998,17
-21.7878840020072,-17.8047075226107,9
-8.43620601909843,10.6904168248979,11
-21.7889588676281,-17.8126800090642,15
12.6205186550242,-8.58466611739315,7
-1.21955856811013,22.2864884311278,1
22.3784913331028,19.4895750890775,16
9.57600873469672,-6.84092343018492,10
12.6144075400092,4.11321021761494,17
1.12916292329235,-24.7411858243033,16
-0.798580566444277,-0.25944792465885,8
-3.38721186793393,0.106291679795942,11
-9.2527999895853,3.54452740357043,11
3.95477403953883,-25.9915222520665,2
20.1055760276486,-11.7984533272768,14
0.866821223822959,-0.730032566803305,13
8.88724357194913,5.01371852994758,4
-6.44158934469123,3.1914752529891,11
-2.49491063030737,-4.1243174912937,5
6.68260999884049,0.413855093406847,10
-16.6959695736002,1.92075950930758,15
23.9505900524373,-10.3223558459013,17
21.3085867081754,12.7401731944741,16
15.6180682146135,19.3071186881075,16
-9.78819217945875,-3.58353033359839,1
-9.73564521225207,-8.39327497573526,10
0.321976331612156,6.87983868895819,18
18.4774684609691,-24.2159377788557,1
11.1094413853776,-14.3368477412131,17
14.2209782290703,15.4891266020453,16
3.89307791448135,-3.92816791089059,20
29.2139156425078,11.2647911488401,8
-0.0376026901427174,-28.8851775208781,6
-1.46570585650151,9.27589125997265,12
-1.42230570708002,9.41288315389573,12
-8.64784671122584,-3.41961012186683,4
-20.9141477487842,-7.32601361117694,19
-20.3033092412361,0.476857982611735,11
-12.3294375014748,-1.27263015946619,18
-5.81921608208627,2.65368626871882,3
-23.2573871563018,2.4499239748108,13
-21.9008227468929,-6.4427978007273,11
-11.1014441281233,19.7077527604737,4
3.220624513998,-2.5718294531066,13
-3.96582467049339,9.0024930813736,4
-1.83205390227402,-2.29378881243437,13
-8.72604421058589,1.8239764931784,11
-0.869376843951345,4.94760091096993,15
-1.66067183955143,-24.4253610679883,15
0.157043579475067,7.20088244469038,13
16.4733371632475,8.05496082567221,8
-2.78951957571143,-26.6797459428831,16
-13.7778739551026,-27.3228865357711,3
12.6889186817516,-3.22694447814218,8
-3.45366718836225,0.656906050188327,19
-16.8553727316568,-10.3122055043147,9
-17.5054671597904,-14.3420645644134,19
-18.0565919299348,-9.9194715636452,19
-12.1832622516016,4.16122680812233,19
-17.591890799976,-7.64919064454997,3
-16.8884337719566,-10.0575428036414,19
-17.2522730709732,6.60774762407598,14
-4.87920754093875,0.652078964692537,19
4.91983771641431,-10.5756635856432,2
22.0727691577193,-3.71758687519138,17
-7.46618707404845,-5.76409044509232,16
-18.8767745951331,-12.2737420884025,19
1.67474968148548,7.05419339572466,15
6.38491505286035,-4.77630781085903,3
-3.81858116006596,-20.2714849648079,16
11.7101981836639,0.276471555619193,19
-28.9192578839543,6.97313864569193,13
-15.9046163790012,-0.0692969220087847,19
7.6373007757022,-27.3961082789287,13
14.8229436495299,-15.1795896848064,3
8.14327390282065,12.3826400352684,20
15.6789719460716,6.18298185897697,8
12.5682827966362,-12.6286970701491,17
14.1023020130501,6.5607785025345,16
-20.4732919924498,6.24907598999976,9
30.3445452589046,9.83179302585707,17
3.53940428127977,6.92721083027913,12
30.6973387593005,9.86644147952879,8
-15.8218610291428,9.00729414301074,19
19.5929481877041,-7.11611515162632,7
3.60692473016162,-9.67715803321183,3
20.1796149008195,-17.5133821316447,17
8.36265576979365,2.73181332437019,2
-13.9051665483172,-21.8985159355616,5
-6.90928603653669,-1.81280461447195,15
22.0806050914881,8.74381730273867,12
6.52077367201545,-10.492026797354,5
23.9143910544183,-1.37806005007836,17
15.6044977602934,-2.36091776259728,20
-5.32218141380779,-2.01015021295127,20
-3.61065729826994,4.06588571606217,18
-3.76785336862062,-4.15192171112658,10
2.17551218245548,-15.2175823547034,10
-3.14947817096517,5.05066271716562,15
1.79601923689548,-18.5091423060641,10
1.00519102441319,-9.51378301067273,2
0.357408333222249,24.0487718524209,8
-9.80954590295718,2.92262161190274,11
-18.2396152337688,6.42837368853566,19
-8.6477571862782,16.8252508450283,14
2.20225010694841,-21.074013678804,13
7.453679594727,1.47316698407801,9
-5.60057605319852,-2.52642507315722,20
8.31221975406154,10.71391765589,11
1.82144841347247,5.74639870853824,14
-9.51449507692511,5.43614511374049,15
5.02480579754663,14.0942004184191,19
21.4350064653155,10.3443737465909,16
-8.35101133435383,19.7833952221611,4
-16.2319027699561,14.9120984548829,19
10.2144639030861,18.4392104535488,20
3.39166707966291,2.54553040622769,13
-11.0272748923602,7.8607548632259,13
4.9815649045357,-11.0882284190628,3
-13.8667653963663,5.67929855317746,11
15.4430921354712,-12.2985985624659,7
-16.6480277437193,6.41068791673734,13
-5.98961027022843,-13.6997872129821,2
13.953950530558,18.2859396666598,16
9.1521119381623,11.542300331678,10
8.13526155721027,-5.48763274096452,16
13.2727466710849,9.1018872748372,10
17.203330396811,0.744767165865939,14
-17.7361844622448,-16.3963369500404,3
-11.9987497741648,14.7967426073502,4
-13.4730576785398,9.72070704679146,19
-12.2269643035204,6.17706148124569,4
-15.3179451785824,13.8778397112667,4
-0.747102034311252,21.0099893888766,19
-4.90216989963593,0.223714214318973,15
-11.0500363031871,20.827960573601,4
-0.474068996905258,6.77996431645849,13
18.0480361698412,-6.88882064797116,7
8.36463146079798,-1.16682656041386,11
3.37339690718762,-14.1696773698736,10
-0.140496042453374,-28.854182767291,6
19.7505611884788,-17.5617926781188,17
-12.1134468261553,2.98474826878353,15
9.69317258351295,23.1378053087413,12
26.3857062342176,11.5042436299685,17
10.9929370451575,-1.0297963377228,7
11.7294542144395,-12.3532900393432,19
-2.70650568213659,-5.15042629020501,5
9.70693323180351,23.1515818427101,12
-20.7878832364899,25.2173808329611,2
14.1257008524802,-23.7563548483778,14
3.20269078421561,-2.66129608273894,2
-17.8014603612518,16.0523265172949,18
-8.06284990750374,-22.0116733527833,11
29.3371194439047,8.55529528879802,17
20.8290475208749,-8.66678269034793,7
-12.489022583916,-24.9312371936766,4
4.09992002784215,24.3470487882039,16
-4.28291039098404,-10.0459120887968,11
-7.63485641947134,-2.14685216480716,18
-13.7917432660847,-27.3129038797215,20
4.68366306552875,12.3354286513269,2
-8.74143232345731,-0.857183096571148,15
11.2134237933879,-23.0139936412733,3
-6.01288842333476,-0.684208268449258,11
1.12936896069273,-1.11006200361203,11
-6.42704603841602,1.09732587476265,10
-2.48206663590741,-17.0108760981527,16
-5.7540362135736,12.4513696307081,9
-13.6777353549361,-1.71459220528121,18
-7.43396579641485,21.7413571805312,4
-22.7168750911956,4.638457007229,13
-1.4716846370146,-5.66300924897242,5
-21.7843417560902,-17.8104861786577,6
7.49141615816214,-20.9113797832614,1
31.9634276382018,8.74235004408222,8
-17.4816278155411,-9.26267272072927,5
-23.4950690093586,-9.51212645799154,19
18.2198498454695,10.442958112359,1
9.2613426940556,15.2344468553937,7
-20.0398705464463,-12.1556265456083,5
-11.0599913344048,6.36823105885984,19
-6.3246434274672,-6.27544259253427,11
-7.70178638391704,-13.5856076410391,1
25.6503181552582,-2.69284412804955,8
-22.8359165654666,13.7364172644716,19
-6.37466217997224,-16.3945426833674,11
29.4126073328827,8.84752541375677,17
6.94549315672573,-3.59263391431354,8
-8.11234380314614,11.9682866625569,9
-5.78492536149607,4.4117000707404,4
-3.81957224584459,-20.2682421337538,5
-11.8284503376972,-6.18079316068894,20
10.995840340022,5.82831483467062,8
23.5361069707353,1.6073192427845,8
-9.72894802642335,4.39301649965038,11
11.7482206345137,5.63204571450672,18
-12.7090710320079,0.587357400057089,18
-18.7857307963628,10.9173835697366,19
-9.65466641671153,0.0280462775790099,15
-19.2443751971084,-7.90740302609394,19
-12.8948674246773,-14.6977490428503,2
14.3455652356307,-13.2185418717509,7
16.4849150637923,8.25324681893769,8
10.6411521005219,1.03860382103633,15
-7.45860120508447,-3.85738275179149,9
1.80800686792488,-18.5483759998086,5
1.0289254721867,0.779262042871367,1
31.1617568736294,-19.378288349405,2
-3.96023853816574,9.21842732842356,10
-11.3911178603406,-7.87051252789824,15
-5.50310979040638,17.837785944622,9
-15.1931493684031,-20.3916560624583,18
18.9491780814275,-24.9257391615736,1
-19.2764086873716,-11.7589302669525,19
-3.48525140185884,-10.9572476033887,11
12.0814544510653,14.3355259830033,12
-2.2959116082014,-6.91614147149377,13
0.632388632115134,-0.406676039632279,16
-1.53717519875244,-3.34447368121626,9
-3.00821700752973,-7.58917911876437,19
-4.95001476004537,-3.36071636176682,10
-4.71265227077035,18.6540229751282,4
13.7653167119376,9.99442624742109,13
-23.9362212612197,12.6983315145424,5
4.94818322763292,-1.24114978814028,20
20.0931914194672,-45.1043518637163,20
-6.92342679873,10.8586111627642,9
3.44115292955788,8.77325136996615,6
-10.1592294903994,11.0796963904545,18
-6.66012940482679,0.724981593328329,10
-2.28014455347819,0.798305935219431,4
-6.57851698809189,-13.3382443728368,11
-9.68540269570485,8.86392290286823,20
7.34812432413551,21.455523849382,15
-3.03158317179238,-0.410745291596372,11
-22.2374786400992,-7.63578313963423,19
-8.14506445570306,21.3917712616912,4
-3.71892215615445,6.08477797356194,12
-11.8627133795435,-0.49971032118276,18
-25.6923901047273,2.10320085304363,13
-1.45238543734387,1.34377493994905,10
-25.0257961899652,6.36533341128058,11
-6.75940472620993,1.21326901804889,11
-0.832205157529529,1.51996118510508,11
1.2233471078682,4.18587694222086,1
-6.32339239529863,-16.3735870372213,6
-10.91972259228,16.6297540372688,5
-6.72249609597806,12.41133689738,9
-8.68315530817019,-6.15354042313677,20
3.16904445048524,-5.97105501782857,16
18.0438485660492,-6.91162556633391,7
-14.5491669940327,14.5194416276827,13
-7.37460411111426,12.8730837282063,9
-18.6813905601209,1.84744972823288,15
-13.4579741358955,9.7382869243533,9
24.5762687062405,8.08546731607934,7
-11.808036162556,6.84880179384191,11
-19.7265423083807,11.4851463401825,11
-4.65311319022901,6.46074071127118,3
18.0848728702792,-19.0080035816605,2
25.9188266195847,-0.187743304128524,12
-21.3031896887204,8.21483863629263,1
-6.15554303541621,3.29572994258172,4
22.2672810110235,4.36814875058895,3
30.4881540518476,10.1040965269403,8
-13.3939401607445,-13.3276144135623,13
-13.0855777258328,8.93135241693545,18
-1.48536176796529,-17.0046401190734,9
-28.8087625463836,18.2226733403459,19
-13.9519033748338,5.71760165207127,10
-11.0095876553136,16.4448926699308,4
5.29253819136346,-19.2174671790627,17
-0.0505655963992749,-28.986973506265,16
4.99302712103293,-9.87305026947844,2
-14.1783174291804,-22.8350013985965,19
-0.138325287435524,-0.422489730492651,11
-21.7802671185377,-17.8089812473626,4
16.0122422451622,6.72996327877072,8
6.28648692254377,-24.7978280529205,2
4.12084712076447,-0.0337447120827856,11
-4.29303530460818,-2.1081431505061,11
5.54341634441532,0.864992207315791,8
-0.0464085738332999,-28.8815549451947,6
7.82937712111999,-11.4163761357968,2
14.0431139377798,-6.07575654403781,7
8.3377216080433,10.6609995148042,11
9.69883250119068,23.1504861533384,12
30.3513829019001,-8.63596656174119,17
-2.96805236724309,-8.94355949903665,18
-13.2605386381388,-4.87366737814825,19
-30.364057453303,-4.76844746630334,15
-4.1414720668545,4.64945814415234,13
21.3189952488439,0.798129190239142,17
2.03847385460325,-3.15822006377067,2
0.276357155815085,4.26318114810755,19
5.61723839196151,6.94916787282412,11
8.82799556800052,-9.05769596089644,7
6.10285235049973,4.73664771230702,9
-3.51824799597021,3.31982620541527,13
17.2530457020424,-1.61954835574658,8
10.1677117975894,-25.5361386210127,16
19.8652791793035,10.5824378475095,8
-15.9136342062598,26.7067263794368,11
-2.32864256034436,-1.28373039773021,11
18.4718493514085,-23.7891705431645,14
-0.371303007129811,-28.92112208637,5
-4.62077210098309,-3.59780463076897,18
2.35462968829146,-13.2808964300178,18
-2.19477010123552,7.16903085492243,14
16.9095856216254,13.0530665626732,16
22.4334250848949,19.3975204949219,16
-17.1198098793438,15.3465170387709,10
20.0347705952389,-4.39771018634311,17
2.78028662700169,-1.48377641482988,4
22.2528040628879,-6.98042153990829,17
-26.9296552591195,13.4389366113825,9
30.7852516448968,10.4646300104555,8
-2.28083308548402,22.3940222733795,11
-0.750567234108297,-0.377885066589911,11
-5.64502650686755,-0.610218906551202,11
-9.62726724243505,-11.8888250634814,5
-5.62691956162041,2.63653627823709,18
-13.7601383414098,-27.3546929024023,3
19.3490974250782,4.07039438378451,13
-10.8615587627576,-0.566311178103407,18
-9.37243087410413,-5.681012062863,11
-4.82551730536419,-1.34493683445151,14
2.98473067479359,-5.96577434505823,6
-28.9661385313661,-4.54206653043783,11
-1.36208436181295,-13.9120795049748,10
-20.2563334937399,-11.7606691884821,5
-16.917415252457,-9.33302486801989,13
3.9415129408009,-6.18962672697072,5
18.3156474007503,-7.05635822170605,7
-5.86298492860134,9.98101906006207,9
0.383080684239619,15.6084081269919,6
6.01073844470199,19.9753936390727,6
-1.58015490006914,18.8202452457834,6
-1.10563084964631,17.8744607878985,6
2.64877189679436,16.6456527688953,6
1.77596608786228,11.1497555225553,6
0.016564529081434,18.6145488352838,6
-0.0244616231173688,18.6098467607371,6
2.86577457668397,15.0125361585571,6
-12.8845820359999,-14.6967867340076,11
-1.25545891883252,17.9365795321813,6
-2.2220533129914,14.5701106093827,11
30.7941069789861,10.0310116749055,11
21.4302060657718,8.01553446790797,9
-13.9156942784734,5.69852077983316,4
-15.3176894501122,-7.65322612847712,10
11.3976279989847,22.8326171001095,16
36.3945380317352,-37.8767634310473,9
-5.11658411658103,0.0871031966498007,13
-24.2259242585002,-16.5682978240952,18
-8.12147756229922,-4.9077208054062,11
30.4237686691556,-20.151357613541,2
18.8566514958819,-23.7452673337453,1
14.8795737313838,-0.475394686892905,16
-24.461858642459,2.34780290654301,20
18.2645276794848,-7.04241378452743,17
-8.91079641783694,9.25424082349855,9
1.12721904995208,-4.19082948156828,10
10.6581623560286,-6.52856420639289,7
-4.1809322200044,1.84814055773404,11
6.30175796309735,14.8713219983836,15
-5.03167157894533,14.6157972259488,9
-0.902543958307669,-8.21212318392958,16
-6.11382732211872,9.91530548493414,9
-4.9742899371434,13.0174365082112,5
-21.7479329917171,-17.8040725451983,4
22.3099213111778,19.4076854218605,16
7.66230160778114,-11.7804793868862,2
-6.98071367411656,-4.57210898647154,19
-2.17835454281704,4.55703011931405,11
7.10704157737251,13.1017105416718,3
3.762844561776,4.48466332766503,14
-4.87270654941465,0.221764222750211,19
-0.872233206326897,-11.323032997144,18
22.4231680408037,19.5012032932998,16
-20.3383975751827,-0.0254854623887554,11
-21.7959675538094,-17.8195046970267,11
16.6291245154652,2.84719191606556,17
-11.4759239099913,-3.69836725714002,18
2.25843003522578,-2.85081573777215,14
18.825471670096,3.84025015780112,1
13.8189444256725,-23.9924826359876,16
-15.4282961493475,5.45845273375773,11
-12.8801381238507,1.65725390683457,18
-20.2354686020788,-11.7275672847944,5
7.36395361145309,-27.3078526478255,16
30.8341276028057,-17.5282970538549,2
-14.8643542521627,-6.53666509682211,2
-16.4160716880688,-9.66722583953308,19
3.42947034556119,5.03488410706468,14
-14.580456039451,1.71635867311955,20
12.9485846189334,-4.84353374530447,7
8.0061467544061,3.39359271412009,13
-0.842395238551899,-7.78063185322182,3
24.2293590778894,-9.43179490507717,7
11.1972264729125,4.1560959246174,8
-7.91666570610248,-3.97539452645854,19
24.9453631353593,2.13154930941721,17
-1.70625865553812,-3.86751377675837,5
17.0757590176089,4.07130939429252,16
21.8975974195335,-7.59345436663504,7
7.03294298734804,10.564171123738,18
30.9446216200028,10.2321137308506,3
8.92878595341459,15.1732477746455,11
23.1197763157376,2.26064217799634,17
11.4150239914105,-9.36570568086021,5
-7.66346292368545,-21.705209900568,10
14.6203500352003,-15.1897635551256,5
-12.8576561841779,-14.5219311404783,20
3.35107141455256,5.76440249915542,11
31.3717962189721,-0.727797836781156,12
13.561886579674,12.8748146732128,8
18.2634627480274,-17.1827058769772,10
18.8456733528235,-16.6526963232944,7
25.6957150448925,0.735223950095458,12
3.09995440803557,1.26967972847924,11
5.82949444336646,13.4796090100043,11
-6.02635796147765,-4.3435568147059,20
-20.534558904809,-7.52254469678048,19
-16.9340195959702,-16.9632544450582,3
-19.6796234062271,-9.83841775483218,19
12.7853381769686,6.26438127305797,8
-2.56530430091884,-2.92741851398931,11
-15.8180139099758,5.26269549534018,15
-11.7625450959013,3.52869358345662,14
-0.397909309754091,14.1888646085383,4
14.8637114871584,-0.480076808629018,16
31.9117295030387,8.83351111725053,8
-9.86556152275918,6.84656843054564,16
-3.11673662110309,13.2514603947386,11
-16.2599488370083,5.3499183667089,7
13.1889006403055,8.78112248015367,20
1.08286475246574,-21.2771305158158,2
-1.77201544788299,-14.3383245761825,3
-19.8941533927887,11.776462288429,4
3.85752066952374,-3.58637004025091,15
13.8339473703414,-23.8852038732906,17
-14.8936978545042,-6.56187056625062,5
-15.3887513075071,15.0846250760743,16
4.7877532157371,-6.06002825579196,4
-26.3733874633842,8.55282974770527,18
-19.135365551561,18.0391878683415,20
-15.3656678580923,-3.35894841452833,18
-24.9181280833402,-8.13156030119836,3
1.01521201604123,1.09129554025448,20
-7.81545987491402,-14.2043470370574,18
22.349842908274,19.5368924531715,16
-26.9302520394226,13.4757229549916,12
25.5761884135765,0.856998560764397,17
31.3163965029567,-0.704519850591446,12
23.8944138312863,-1.34006422778329,17
17.9367490766536,-6.87394164263787,7
23.5808199239406,1.5442560376605,17
14.413430802732,5.1401593511274,7
-12.6634283981667,-12.3881417905624,5
22.3065478018713,19.2765854798891,16
16.614849281302,20.6673480531477,16
17.8784282123718,-6.74659485305473,7
-15.331684716394,2.78815631907601,19
7.29994822195569,15.7077995719751,14
-9.88213409446339,4.36817254581754,18
-2.92424717492041,14.702012299748,11
-1.36920699194662,-11.8691337279552,3
-3.05187911109754,1.45837298224449,11
-4.17082732992755,19.5541153088706,18
5.76643536682655,13.6668166249776,11
-5.01025481686466,0.543612407420174,4
-8.51404834042135,-8.37158116061104,11
11.5936496800892,-1.89838115660287,19
-4.69908725108199,12.4256875480413,9
2.57665292261444,-4.69295036548135,3
13.8000548283237,-24.0015801567553,16
-14.3470263377071,-23.0112282127253,13
-14.2264382643338,-2.23530356396225,18
13.6941593756531,-23.6449055369172,10
4.21723940663414,22.5461455200948,20
-0.7440512327254,26.4117285391339,11
-11.1587975878382,16.1051988821147,3
1.62298773205079,-2.27633907794021,11
17.2872303942801,9.09917955847759,17
-2.63124580832648,-10.3378847776762,5
-15.0770999499912,15.995975429311,11
16.1547229808022,20.4612492475818,16
-1.74335414421903,4.94937529156293,8
3.39681323187084,13.3504915381848,20
21.8871911922583,-2.81917920930527,17
-3.10053071816433,-4.06925769850003,18
7.68692072557261,-27.7416872797875,16
-4.08602914455365,-6.47671717111529,5
-5.53539051952901,18.0957565273401,4
-21.9873987586142,-4.92040696210327,13
14.210075427472,5.33732388709409,7
-0.115597887707348,-28.8904985160496,2
23.7125442821515,0.951341910598642,17
-12.4903582399631,-24.9311430218332,11
3.27869912967592,9.34201598179625,20
-6.69017558845833,8.94267498998983,13
-10.8970932076773,-4.21069711673661,18
-16.8071913777592,7.20768848871359,20
9.24886473114939,15.121128542137,11
22.6013860742404,17.5090652445533,18
-10.2318375235828,-7.63400819535602,14
9.84205981637418,-19.2790945351344,2
19.2874334457656,-8.35248142395325,14
-10.1954345561468,7.23499502417054,10
-9.23349204102213,25.8990410885394,11
-2.39540437764854,-17.2233839240158,5
-4.19879372887982,-3.07195581835397,3
-2.14885114817891,0.152715080250968,3
20.6655826544721,1.72631460262025,17
3.15980509497291,-0.79316894292448,14
-18.4327043453258,14.6906412581485,13
15.2097997654826,-16.5843038392548,9
17.9871137174985,-6.72974788888488,17
-1.03611694585983,-28.8478109870909,20
-0.785072661940492,26.4971253010527,14
-21.7997250295118,-17.8186404432721,19
-6.53056226133952,5.78170628946793,11
-14.8448164973535,-10.1583537379007,19
10.5748202233782,14.2463091033026,11
6.11883765620902,-24.7604044667991,16
15.9572092101251,-3.22115224485338,7
-18.5334586192052,-10.5999208764734,9
23.9143256052725,-1.29097239921862,8
31.5470518427309,-0.63966002986394,12
-30.2492377631245,-5.22516373060364,10
19.2567286148708,-17.6894994333755,17
-11.2954927923545,-9.05111931715849,19
6.00226675111756,-22.067086534867,16
-7.89397536744846,1.51050028305266,18
-17.173041291919,2.58188306292757,19
-17.0927896156512,-6.52837778776354,19
15.683002192269,-5.15668306304459,11
-18.5178534983385,10.609575132569,19
18.7514023457084,1.38998569655225,17
-17.9829580881756,-7.485203908465,15
6.60191400305938,9.19119320405757,18
-3.62584100944027,-5.09172483137336,5
-16.6031500827207,13.9034386022382,11
-6.87763024813858,-2.01545383419552,14
-1.36026726787172,1.76647056892395,11
-8.77237778321339,0.574418530821206,15
-8.64902621721373,-5.20986469176023,20
-0.233752972903048,23.2245803190827,6
4.97702695382188,0.523177942353738,7
5.49567324246328,-14.7383291080662,15
5.3515136234125,4.92013373912124,10
-11.2240988422847,20.674921477566,4
-0.160800200668103,-28.7923476334022,6
-0.761423483769323,26.4576487521197,16
-2.60411096143443,8.42565114280922,10
-6.3432352936848,7.12883341709933,7
-1.73587489231379,9.91202704720301,9
-5.28860633832289,-4.82901416128891,20
-7.50686001431,-5.89998204482495,17
25.1163503589735,-1.95155293960186,8
-26.1487294422165,4.65236742953233,13
-2.98589637114853,-8.11981282413044,20
-7.8751577933007,-7.11737022802191,11
-8.74625865189199,-1.7777479854992,14
12.6808551208584,-5.7777945585101,11
-1.76064845054914,-3.02522613088209,11
1.01972576279897,-9.45703705250855,2
-0.239254493543422,-10.5161738068575,18
-8.82639318923295,-9.35485024745751,11
-11.0879921052744,-1.22894270080118,18
-2.28726316536198,-14.2038888209733,10
9.11163820295543,10.7320636420864,20
-1.93456280205402,24.6480963279476,16
1.5104540643711,-12.4550182199986,10
-8.75920230799796,0.627598332812349,20
-2.5723000291415,5.2060119873658,11
-0.616640812958769,16.6672901821688,6
-4.59411212073999,9.79888542408687,9
15.2580793068772,20.813225214087,16
0.252469376964591,3.45266277209833,1
17.9642371517969,4.76464369459953,20
-7.65358558140428,15.9733221031888,11
16.3446230534242,8.06373632551735,8
9.8582644807968,-19.3415283141486,17
27.6805098596075,4.81439119788298,17
-2.00426301670593,1.20223731790756,18
4.30005976909088,9.07243165026875,14
13.8012997592809,-23.9745945181479,16
-2.63361608056023,-11.6178797977864,3
10.5233631995052,14.2037549422791,3
-5.97035823159514,-15.0634495176355,20
0.165690350675429,-8.22010064663716,5
15.8634563758931,-3.163471072702,7
3.92369486888183,-9.23149266014129,11
7.76346230162416,-27.1601372825871,3
15.6933435449949,-1.98272384266829,3
-16.463162751842,24.1018660397013,4
-16.6911838949574,15.8481850087551,11
-2.19567226138639,-3.506091707575,5
-12.1554028234387,-2.62265171609822,18
19.6087151407049,-4.4327342095721,7
20.1550125303675,-17.2651991099306,7
7.33109248135204,21.4075547330069,8
-14.8657043234794,-21.203390219639,9
20.8125823007603,9.17718026584955,14
-6.06353316734114,14.7378356176873,9
-8.71521301941021,8.67703136690046,6
-0.970002342977232,26.2344096795926,16
-14.7073054198002,-21.4165168169244,10
19.3268957280646,-17.5367338796599,7
-4.31021611264385,-3.05082320685835,19
-3.68232619942325,2.75510876482766,11
30.451873312087,9.97088875330978,8
-8.68351950903625,11.6881241488428,9
18.7698589308451,3.61793929394112,14
-4.25755121938536,0.929155781484452,11
20.8079690728777,1.73071613981599,10
23.8409883024162,-0.185343287090664,17
-16.6097742795287,6.44484003463111,13
7.09932497175161,2.31185250443585,3
-3.76924030535163,1.46698583273926,1
1.76999238338174,-18.4904019675064,10
3.05483944064297,-7.96585016920751,17
-3.34628522542319,-28.3080767005001,11
-9.08885391914687,-21.8963745268567,13
-0.493628190264783,3.28348440039757,1
-16.2837318273617,-1.34123950840978,19
-21.20699147833,-0.246167168805362,11
-9.5620839032192,-0.815814550151618,18
-8.99868706387598,3.99637761590829,9
5.67671375141874,13.5602198114695,11
-8.46975538573736,5.68458865027339,11
-5.95712277437435,7.28098904796586,18
21.3720210359069,-6.15738196486585,7
-9.82386393236582,-6.11079769672916,11
-13.6710210059338,-0.206998869971955,18
-2.27150807514008,7.11333895145876,10
17.2586637787022,9.2697643792627,10
-16.5570072488961,-12.6511201949063,10
-1.66175220442688,4.75752095347277,3
-2.47873097996436,-0.31249406460034,16
-16.5455395920388,5.1685391401313,20
1.8735687446386,4.39752055632734,1
-8.81419593747886,20.9557675286986,13
3.07417233804582,-7.98466733400429,18
12.4662182539536,4.93585927946116,5
-13.2667900150076,16.4566081507312,20
-13.1080049082783,10.0570265769825,13
23.8304444583079,-2.68912714394974,8
3.49168008884435,-24.4733428055833,16
25.0430592485175,-9.10903597779947,17
-5.07738269012059,-18.2905933563492,4
2.50249876062187,1.61177278417695,9
8.67087469419575,-26.0742170068258,16
8.29312763551164,6.10991564417268,11
14.1414056220277,5.16944623996605,7
-24.8808283651779,-8.13690162519307,18
16.4384735988851,-16.5595591675768,7
-9.89643856046601,-2.82177584814996,15
-17.4561875264007,1.94807035878632,11
2.4375549771562,4.69286275755808,1
6.11776277048061,17.7110419507463,3
3.68250936699272,-9.05959357405887,16
13.6038923813949,12.8570102371212,8
1.62036861107796,6.0891667160668,11
-5.47598503239534,-11.1464253189036,12
-7.87548588166534,20.9853271413618,4
-9.9152873792522,16.7788963791498,14
26.1529369861812,-4.6396643172621,17
-6.00730028083482,20.4225707028477,4
-6.91059974002493,1.83763073323461,18
5.14199494044906,3.99384123046086,16
-1.07568475157843,-28.4710983459317,2
5.07203600112458,16.9687535995613,9
19.0667930365082,-25.6170288187715,1
18.9146395484411,-24.0136092655061,1
-7.00450761821399,-10.900943528283,19
30.1897355073905,10.1734886094441,3
7.5631374242021,-13.3574230876546,2
-0.991759767208817,15.6125647773357,3
-1.7966402489426,12.2618453207618,5
23.8576866647649,-1.19961811476109,8
-4.49431629876034,22.0684807042133,5
-14.6870591970267,2.44444217432312,19
-11.7947618131117,16.0231960858091,4
-0.624686802405749,2.38307482239461,10
-2.38354007498348,-1.19398298383727,19
23.2835333856213,19.2225607328241,17
21.6255428836222,4.48083951653429,16
-6.78261459652958,5.33639679065616,13
6.91512556893251,14.6742521534426,19
20.9763546457656,0.624394242334875,17
-3.73174536851571,-2.07693661867799,8
2.43454129911532,13.2557742237999,3
11.8066532180754,-4.00353543120041,7
-3.5873018387351,-3.53830856943695,20
-17.4364385761758,12.9388201702517,11
-17.3699570280504,-4.24994719823999,5
-6.57935197457629,11.1510366350875,9
-0.728517537431735,-17.0299471044721,2
29.9727022903363,10.6255953911752,17
29.1757784225203,6.19215914564687,17
-12.7130468261563,-12.3592281555946,15
17.0044214956502,-10.7285111745479,5
-18.2983198234168,-10.9532790556906,9
-8.22951958634585,-2.99774343356202,6
14.9867377541414,23.4545897334196,2
-17.3118082218321,-9.13895468770902,9
12.8647636879257,0.870227709633548,8
-14.9032389034962,-9.52040007470176,2
23.297684439115,19.210926421678,17
9.76313866781753,14.9182385224595,9
-13.2803257931156,-11.7687111294824,19
-21.2908959894423,-7.2656457978385,19
28.1664448369635,-4.59923238593786,17
12.3754818233496,-2.40889870889418,14
-4.14213759058957,-0.013658816824001,19
20.2118639539709,-5.91233071898478,7
0.901238949121978,-9.46371667180815,20
-15.9824066808143,-7.40850483878148,10
-15.7028031720247,-4.80741899239205,11
-2.56221745979111,20.9332863540409,12
-11.4139564209437,11.5045288721763,4
-3.85316012638503,-28.098171408814,15
-0.138485263631815,-28.9084496049653,6
-8.46668569819833,-11.0784928897566,11
-2.97296075548993,-6.46067582529554,5
-8.64994212653481,-8.29574931392663,11
-16.1916433512028,2.16982316444242,19
-17.0293219000934,14.2141944812846,11
-17.2449461087018,8.93451113252114,19
-2.81896936005841,19.7937448127626,6
-6.55192214485392,-2.26880731110236,20
12.1729253974764,-7.96247791560193,7
-1.81980336258015,-5.3622393566294,5
-2.56367320813734,2.42782809809688,3
-7.4938684893732,3.12341032391612,4
-5.81627859043696,1.97839778284868,19
-22.2847912024315,0.445457241137643,4
-0.304923331866099,14.2212020332022,4
20.0929497050205,-45.1048039794718,20
30.5309036062675,-20.8564660297526,2
9.05885758093929,-13.7538324904308,8
-6.08763649108003,10.8901227783862,9
-1.89816036812406,-2.93007155722307,20
-10.9600710072857,-4.67482299000701,18
-2.44160292069856,-25.8663717549885,3
-2.45632917955375,1.9482644868948,4
2.72534859272724,3.30093650372828,1
-3.84960517418689,-2.91424791495585,4
-11.6810360082646,-4.10337063932359,13
-23.9632717898884,8.97128570385397,19
5.5739935114332,-7.38878113110193,16
26.1646498624542,-4.25350553523351,17
-9.8135584621401,-0.700049199615418,15
-9.78884713119544,4.55205531076505,11
5.25040320128419,-22.8660434536801,2
8.03019737427128,-6.83622076419827,7
6.94693831517869,-12.4447620294577,7
30.3856938685916,-8.67152306341223,17
-3.86223481883342,3.84780584320294,13
-1.12738598644407,0.493587519838732,1
-26.7000987454008,9.29906108379001,15
10.9377653614727,-10.9026368645625,7
-2.04712313651216,2.68412203627003,19
-6.43914323064216,1.00431935964632,3
25.6572999275034,-3.77100584574169,17
8.53262912820199,7.22489710542011,14
10.8459356430423,-6.34362045158293,7
-14.1439802338483,21.1960236096707,4
2.26219840119263,-7.93086305348445,3
-2.02454588081497,12.5542837209349,6
2.87977370482545,7.40437354565278,20
-10.0803417607364,12.923277176883,2
-1.3749721542655,-2.2747845463238,2
-8.72226715649787,13.377506029581,9
-12.978259579735,0.766980101541738,8
-8.75071398948953,-0.846449431649443,11
9.07197067272758,14.3701720688432,19
2.55860499728334,-3.15152305054774,2
5.4550484876071,4.89931064782657,4
20.9990277534895,-6.55675598252284,7
-21.0530185432755,-8.09795067885337,13
25.1576306081532,-1.95810165436504,17
-11.2299815023726,-10.9671275980727,19
-4.94919002162155,4.47496803619992,11
9.57284913263397,9.53179760253496,8
10.605753282874,4.9125282401979,8
-8.77157228604076,19.7837702202031,4
-8.95550254004216,13.3862186658288,9
29.812805623144,12.1610068605092,8
-20.7818996065163,25.2141599225801,15
-1.45548947565252,-8.75546428673226,3
2.00054296078378,-3.08753493101038,9
-12.9217493506309,-1.84669471002496,18
20.2618758110793,-17.2783336887408,8
3.79107996137722,22.4846868112509,11
-29.2105769559294,-4.69742923556662,20
-11.9261635414033,-12.5941730475912,7
0.655760100351847,1.72900769899882,15
-12.848112333347,-14.6000253453169,20
-8.41874341550517,-16.3855497005312,11
-1.96312230382642,-2.27764239135992,10
-22.0991874534671,6.32117644903479,15
6.87461152167247,5.62631409804986,18
-2.68279040343026,-4.40892893652189,5
6.09595665884315,17.7391603431977,6
-2.94872973578122,-1.53575160013317,19
-1.37172493802761,-3.28413024500991,2
-11.6810676123061,-0.512751566944259,18
-2.19366314920866,2.33250220805003,11
22.2593176545227,19.411350569359,16
0.0740604951277033,-27.4305426577476,18
-3.76379341638236,3.58883473034195,8
-20.6430388023388,-7.12851660439374,19
-15.2280696565809,-10.8919663416895,19
13.8589248268226,-7.16975568126562,7
20.7618655440614,7.37506823324481,17
-30.6149124455752,-3.17129850170027,11
15.1402694869509,-9.68134434989885,7
-9.09232233628088,2.17703377562863,5
4.93512914100866,-1.18875308563342,10
-2.23874786552422,14.5233135557016,10
1.97849230388428,-8.95589786759682,20
-6.76409136214709,-15.0527500975472,3
-3.85330738257467,17.2778558011729,11
-9.75891477208425,3.0400705084117,11
2.27037308923145,9.25535772937265,12
-3.19948365094376,3.11488920159893,9
15.0084720266959,22.5017913794622,13
-7.77593902028589,1.34503031079416,15
4.30229419466144,-7.6401382002914,11
-12.2433093649359,-12.5084671483425,15
-15.2253796288694,15.2199662022226,13
7.9030874891234,-27.2011291290983,3
-17.6525799424039,-10.1756864152212,9
-5.61504250277164,-3.17506493548676,20
11.8575016596352,26.5271126173188,9
17.954802562139,-6.8574530776223,7
-4.22301126158359,-6.58704313491722,13
-26.7709944679389,13.5457686798153,19
-13.0857960570329,-13.1526484273391,13
4.84324394980251,18.8716700445526,6
5.52788385321612,19.0562983362254,6
1.52920695663438,19.315057853328,6
5.42372861947606,19.9866840179005,6
2.61875726407905,16.6524383014912,6
6.17427990962912,19.840681603553,6
-0.362896636566929,19.7554793941913,6
5.87561755147528,19.9603139097263,7
-20.06798298173,-11.6880935067735,5
-5.09563195681688,-18.2766425628622,9
3.49280591876509,0.584954978729137,17
-4.49416387286371,0.798221461441415,14
36.3944583883183,-37.8758298480602,9
28.2618745077885,7.59732637038187,8
0.704663003993604,3.49436629738449,15
14.1079209954852,-9.64231481768028,7
-12.8420700178655,-14.6312363477166,19
0.12930187156866,-28.6687825395354,19
-24.309983378482,2.17592760072282,20
10.5936977607359,0.953833276820699,7
-3.47181818371593,-24.4537541799057,2
13.0662185078906,16.0010594447047,16
-12.6167994154411,12.1674667125944,13
-13.5017531574335,9.66131719790605,4
13.0890487847141,-27.9983541217071,10
-17.1918013257266,8.50233851607217,11
-8.83621144560308,-7.60181843773873,2
7.79815450665169,7.02907067359168,14
18.9815056005812,-23.0298914750826,1
-3.03971606352801,-1.47993184827212,4
-1.77091062738937,-9.40313339515956,11
-6.47768657940767,0.167406520928918,9
8.37931435521049,-26.5502007653279,11
-14.9565983721799,-10.9042117308278,19
5.22150427597628,11.9665762350155,11
24.1405338389095,-3.56229132278042,17
6.42340150309611,-5.8158595425066,3
2.43066633846832,-18.3514102024024,5
-7.26048303292368,4.08725926934569,9
7.746399651723,-27.4062471322033,11
-19.8806263456865,-11.6488544510918,15
19.035382840242,6.67148160766845,9
-12.6134654092727,-13.1406094136403,13
-15.6634319619713,5.67972507307466,14
-6.23240544091133,-16.2388982349285,19
4.15978403689568,-24.1148099615925,16
-9.90324567734893,5.81608849996422,20
-9.68999499866754,-3.70796140432136,9
6.58567072743973,9.25857191980837,11
-6.77262733988313,3.65353211635449,4
16.4921802523498,1.17909152478914,17
5.56518273266664,4.74311601713653,10
25.0703380047908,-6.58755970655534,7
3.48259738711,8.53472066864061,19
13.8122528395974,-24.0095398152042,16
-12.197674730027,13.0018585296698,14
11.6680061195083,7.89283531890944,15
-3.43192539880135,-7.11505448649157,3
1.1689977729621,-24.7293833927226,16
-24.3024956952874,1.80885097261148,20
-3.15176741696184,-1.57659714839762,19
19.7909564980775,-10.3161479828849,7
4.74543623111056,12.0047007114111,19
-12.2257297050444,0.0849022539542159,18
-4.96263689847767,6.1293759238173,20
6.2650869716576,3.10261611602515,12
-1.1057502992225,7.02731516429309,15
25.4250281563024,-4.12925601565652,17
-15.4828192094711,-11.1554063296055,9
-1.27008883411734,-8.34504674286186,19
-0.523264701755702,-2.86603977478393,1
-10.7442478893201,-6.80165377615472,14
24.0579348619059,-3.47516396386875,8
5.28960325553699,18.1836997773456,18
9.61675438338835,11.1714800836477,3
-1.76912920113696,-22.3944474494999,17
-1.5605843119847,-17.2127555935923,2
8.48704891175465,-26.5932443243983,7
3.35874142710229,5.14097717833841,5
-1.13737725185176,14.1641110638848,4
-9.81980148475288,16.2303789976287,11
4.78165053659623,12.3831950077795,3
20.6076721290325,1.77605886409273,17
4.63889328313477,-24.1844669414743,3
-24.1472375943979,-6.13645326880058,20
-7.98233079331768,-8.81160605394276,20
16.3003737651975,20.7415662804775,16
-0.913111299048322,-27.9589549929296,16
-8.43595363972026,-16.4146069783193,7
18.0934441409043,-4.74057812097716,8
-5.615627170281,4.02286266972234,4
-5.54389325020741,-4.02443323651291,20
-25.7341961052035,5.63173138072953,11
-22.8046352523975,-5.73012765280515,20
12.3140771655617,0.615516942194998,3
-0.67149693087292,7.59310134048365,4
-5.5371112803641,16.9370417578647,7
-13.4922392669924,4.03323486037411,19
7.52119656471311,-27.1539968623955,6
19.9785924323033,-5.0799669397679,7
32.2389158883261,8.8622032134076,12
14.8151088430165,-15.1853990400216,19
-9.08817690633729,10.8459940986834,17
18.0010203825985,3.6291158038112,10
4.36187247296035,10.2421845960952,11
4.33437863387496,-4.46770727301683,3
22.0317137999936,-3.88222250998318,7
24.1630281118973,-2.70377203292097,18
23.123869487232,-0.428320301949872,17
24.4110589352308,10.1455707383963,8
-5.19036874542417,-8.6875519773668,11
-10.2525413188637,9.14656226679225,13
9.49108234371933,1.23634547762629,14
15.6233335168604,-16.200909074647,7
-2.07162259270203,-7.73521174799123,19
-7.04706778030563,6.14550561890983,11
-10.8392429425768,-0.129561238355756,18
-11.1588885410146,8.48935099254867,3
-4.2874643593685,8.42740598307797,5
0.309547732193567,-4.44075653065041,10
-2.43421114179784,-2.31571678573474,11
25.0139000336431,-2.10708993665388,17
20.8925520747152,1.64092554904808,17
-5.6128094087924,7.94319079644481,11
-4.21793441854449,15.7134742848574,18
-2.604518303693,-16.3632562271454,1
7.28056399296112,21.5449811899752,2
0.808091666329073,-9.36628520469797,5
19.2525507237676,6.67527420876789,16
-3.87432851030443,-2.16384357037076,11
-3.76533647072001,-20.1641746732394,3
7.15326293079288,-1.42893621902709,3
-4.10419028615424,4.8930721113909,9
-6.27101584264124,-6.34130361732187,19
13.8075042790075,-23.9464482196509,2
23.6936454683799,-9.15023442844556,15
21.6164191481271,-9.21060371322159,7
-15.3220577174461,2.7946991789093,18
6.98994522626502,-7.17513530367779,7
-15.9950621337643,14.927654716642,11
7.80121519522288,-27.4548042420687,2
-8.78136306703864,-7.4417396614786,2
-4.77420170241933,7.62680462321823,4
1.63396794249359,10.5224728586824,4
-19.6948820226989,3.18254443413437,18
5.26521193427297,-2.69610940794497,5
-16.8691519254741,-16.7301235774174,16
3.12702061676245,-16.8403767263924,7
0.0868890640560423,12.5769214766595,7
-3.2756322801733,8.2236957399221,15
0.0975449913777886,29.967422852169,4
2.58664402860154,-23.7044410372332,16
-8.35577946235191,10.5832228216071,19
18.8567255067072,-13.8928218338649,7
8.8708650233421,11.3548313941271,15
-13.251577316055,-13.1200883381169,7
-12.8825055690792,13.6379924275031,5
-1.73800144292984,18.8956398736497,6
20.2719809974787,-6.11667283933607,7
8.5262926610858,2.63645199217261,7
-2.24812487213606,16.7263816207481,6
10.6090183409051,-8.14878005823872,7
-16.2274665345782,17.7539963708017,18
17.7862481883902,-4.78375393585537,17
-7.9056166060593,9.16837298524774,5
12.2067344519062,-2.66013468741358,10
15.6799631498641,20.1215543972267,16
18.8753632917352,-6.07782791796546,8
-10.4871673547063,2.77478454631259,11
-9.60390906821958,30.0790549944109,20
13.1042110697316,-28.0036186828187,2
7.7060659634155,-27.7489668556044,6
-11.0257707518758,13.87905153402,13
18.8350984614905,-23.9443260835797,1
19.8588439088286,-10.3269900253745,7
-16.7993884644349,16.7956291925807,4
28.9447460066871,10.6897323256823,8
16.2777840481075,3.12637552966898,12
-15.0634865066127,7.45258898720103,11
3.62359400260994,-2.53268058638272,14
-3.95233633744315,-22.2879515508004,15
-17.1197639069039,-11.6291466373004,19
30.7455638496391,-9.49721917050154,1
23.9047717857818,-1.20618180946002,8
30.5302951549934,10.2147455878264,8
-6.50630740375876,-8.81462701929972,19
-2.7158607394166,-9.93050807104897,3
-5.47326903433097,11.345278983485,5
16.864324440792,-11.1625277510986,7
24.2309727276804,-3.47583508617869,17
-10.3249614717022,-5.13921556444329,11
25.5590426509097,0.802448389428278,17
-5.79094121852,9.85984408429707,11
1.01613423558167,-9.46086194286638,5
7.79083726992715,-27.5809696753129,6
-10.4145223105615,4.71106146578091,18
24.0596523326682,-3.48057343965058,17
27.2462423582345,-9.35851556289934,20
-12.4855871643749,-9.70337960945103,20
-10.7618193128806,5.0715514893204,3
-6.75300903028102,20.831251282446,4
-13.4812860070192,7.79198732758263,19
7.3460928577883,-27.0148224725828,16
8.98815690162345,5.05427478883071,20
-5.26287769835795,-1.9514820084829,20
-4.84932833751248,-0.834757279987788,18
2.55256445227288,-9.46313996633232,16
-3.10547427786771,9.89114465188675,15
-2.67146296839304,0.325269442532526,9
-8.24019743375239,7.79200911484572,18
4.08990421507406,-17.4544142663113,1
3.8296861870987,-13.4567754458038,2
17.5222072479198,15.7086625278867,16
-2.58565006578748,2.02940146561595,11
13.6131455318977,-0.748592806871223,4
7.31403967684705,-27.5418505144547,11
-18.5820509615092,5.01041826427361,14
-12.4986236616919,-9.65790031550443,19
-3.07887511500854,1.30314851785264,11
-16.422229045189,-12.5998849360625,13
24.0161047431748,5.22519345231969,17
12.6197530531442,-27.6701346049439,15
-8.66790697650888,0.0145716521662903,15
-14.1355527394,5.86208319518145,3
-10.7295048843013,23.0862392579135,5
-28.3108137374898,1.08770710414671,19
16.3845084448812,20.8976087573711,16
15.1760453060557,-19.4174922116614,14
0.142325778944504,-27.8054748357039,16
-8.62242974389708,9.84259059232391,19
8.97619599906372,-27.7492304514182,7
-9.25492126160059,21.1684850000762,19
-20.836604797131,7.78392646185236,13
-9.55131030773201,-11.487863695845,9
0.794218892723166,4.12589524929646,1
5.45967458241367,2.93034569653595,8
-8.32284688411002,2.47237223364283,11
-8.46893643568786,16.887823847592,4
-8.20410791333148,5.41021959870443,4
-5.13912247094323,-6.5572684121008,19
-6.36541216877882,19.9778207906707,3
-15.0137552818929,10.6518739745056,19
-12.2205558741698,5.63794093283615,2
-5.32167545565321,9.45954654840514,4
19.9332851707148,-3.94192735644254,17
-27.0924327479123,0.674546949971581,11
-9.75732883129356,19.5436353410807,4
6.36613143777912,-5.85556091650593,16
-0.0754579294894733,-6.46672434936395,11
7.8173883347229,0.624488200978892,2
-10.2465978603424,16.3532630591425,14
-3.23886886064737,10.6969789422014,9
-4.87656460255631,-9.09888018373984,5
20.3442407717596,-7.44814325319805,17
-2.84748223594608,23.1176054307634,4
-7.30979628491112,4.61645020082351,11
7.66467559496571,-8.45204778467401,5
30.3968922121203,-8.7308248595232,8
7.78618083629444,-27.2229592553297,3
-6.14603975780524,10.5341114753671,9
-7.20358163983043,2.71402945288173,13
18.7890104512204,13.4558067858792,16
-4.63600081281799,6.03863070205046,11
-8.42309209109636,-5.48818768417192,20
-14.1249085266788,-23.0716030478736,7
-1.59830596491863,-2.60943109262028,6
8.71020728856583,-27.1915254983676,7
20.8716384732411,2.65394132321953,17
25.1112147830654,-1.98628110683193,8
3.71055782165068,-17.5000203157039,9
-17.1530448241924,10.4626527728857,15
-2.19571998742221,20.9795861472115,6
20.1519663823025,-5.50740638139163,17
6.10679411481883,-1.5534570885173,2
-4.5356058460694,-1.05887033078171,18
-24.3745405567826,-10.2717143237425,16
-15.914549217113,-10.3650961047863,19
28.9521501446017,10.5828356446265,8
20.2928146143761,4.64603489697659,17
7.76462352910205,-27.5140744752455,16
9.40996443043312,0.548605931129501,1
6.17113093571224,-28.7460443908721,6
7.81840764628874,-27.6277574742396,16
-2.42125888986679,-17.0708662406018,7
7.83260512722236,-26.9694406422869,16
30.7414046094058,10.4200951009874,8
-8.45012662530503,-6.23131361594023,20
6.9415850940851,5.56723966863367,10
17.0546939344003,-10.8126882463343,8
-3.57404638982223,-0.401338776255628,11
-4.230963647489,16.3402998161987,19
1.12387336022468,-14.9202116467693,10
3.81044234519264,-13.1027099720071,10
0.938796267745843,-8.47718092028091,20
-1.63043624357863,-1.05664345817832,20
6.05414344114045,-3.65795808071055,15
-6.21186409783767,-2.74627075064689,5
-17.1756493807345,-10.2612753864653,9
-18.216992625321,-7.54980100278054,15
-18.7599060685484,-4.09115203862774,19
13.1259836296478,-28.0117750355353,17
-3.73916741737495,-5.69877960668662,11
-13.9759221938639,11.1260785809583,14
-12.3313965589919,0.570589422388421,18
7.09888799229252,-1.35328655247168,10
-14.848130849023,-6.53271074386007,20
1.3078224630917,1.57087636071792,1
-13.1966886138401,0.505539349293267,18
-20.1697275846923,0.874251422241454,20
-5.59382994444927,-1.40900267022259,11
0.275131223858809,-3.60218924584548,3
12.8782996608767,-21.1320983174183,7
-2.86440205711025,12.2653114399759,5
-2.27831565466933,3.48167621168284,15
-15.3838864616575,15.1868426082839,13
-15.6652745874245,8.7039874157844,19
-3.35991463580788,-0.12060935643068,19
1.61297909194113,6.57491461404292,4
-5.79194236531999,-10.165683238695,20
-16.0025655670992,8.98175894339599,13
-3.68647674178843,20.269004879211,7
-3.62272941492013,23.3590298523314,11
-16.2511592534246,3.35903959665321,18
-8.79136891405112,-1.13161516945033,15
-9.7278436598614,0.621223895392189,15
-15.1472318459524,-11.0995033452707,8
36.3713522166857,-37.8487052452717,9
-22.1578799758684,-12.9683827299222,19
4.69676004440084,28.2258347868018,8
1.65992266751886,5.16718106495021,1
-15.2119035449068,-2.78248922793792,11
-12.8824747170141,-6.31783997666671,19
25.9176903822348,7.39882935082463,17
13.0829173819324,-28.0007423792699,17
-14.90332560423,-6.55289262188721,11
9.01840682635606,-16.9096337569992,8
-12.0681098953176,2.57394034248064,12
5.71328705067745,1.86355168531544,20
23.5983047799447,1.55792960516503,17
22.4166916285836,20.0472613142756,16
26.4308415942493,11.5040928446254,8
-3.6049716809672,14.9356802918021,13
-6.22291037959229,-11.8378045141305,18
-14.627983601687,9.7506608769336,19
-8.0075137669207,13.0675189525914,6
-1.27815225540016,-14.9472560686011,5
0.00142773993611217,-28.8310656669068,6
3.90993847100868,-9.18832843410697,9
3.41508317549553,1.4976707587531,14
-8.5525276484554,-7.31377587910868,2
24.1913993940493,11.3846383181755,12
19.0516774242975,-25.4818068956642,1
4.33207682377688,11.2243482855662,18
12.5750725518969,-12.5808754005786,2
31.6140190466123,-18.3488212660446,2
23.7959486900569,2.15079688331954,8
12.5536521173319,14.6330691761912,16
-5.71004409053173,-15.7923647917088,5
15.230732962904,-5.00587151708245,5
20.0929399022365,-45.1050325667793,20
-13.5579033380768,-2.53644864254429,18
25.7313340908049,-0.182722986252994,8
-7.68666942276842,13.2621829433529,9
-14.1037961167634,-3.32328460825331,18
-15.7299929003385,17.771420387795,11
13.0895509762593,-28.0088866408354,17
-5.02495356779521,-10.7941031578997,15
-18.1284623538231,-7.65631410937479,15
-4.99472743016113,-8.77927351751132,20
23.8080800218764,-1.32642368790155,17
30.885980719556,-2.19221651063889,12
-8.81490652036573,11.1160086796697,9
28.82664015736,10.6088350175097,16
12.8918657091837,-21.1316927094355,7
12.1614818627597,-7.32133729709807,7
-5.48668020162933,-6.23172577619364,19
-8.64937024719844,-16.9915488870043,1
11.9523270215066,-3.80552364039879,7
-1.29736226749264,-15.1346583781644,5
12.9066484073158,-21.1181542406376,10
-16.065899272388,14.4236128370586,13
-21.3686799447625,-7.28079387398568,19
-29.3414225888487,-5.13599364252348,18
2.24911000267479,-19.7456148028702,10
-4.90620673967319,4.78184212038832,11
8.73309736492546,-15.4810086266468,5
-8.63881542962813,1.6976108419372,18
-5.20992491296262,-1.25947169891329,11
-18.9648759993028,-3.21881807813921,15
-0.289975251901128,5.25510925317692,3
-13.2051952927497,0.658368291232114,18
9.49866750156355,2.45758953675479,11
-5.88764379977104,-15.5401814326052,10
-17.1499557338108,14.8740914748816,11
-8.49945913578121,-5.35042359118818,11
6.8674951752495,7.81462202742295,13
5.66885353385439,0.893990655759137,11
-16.6948244244105,16.0490830550474,11
-0.606963975320126,2.35984910361933,1
-3.22033770384089,9.32965741841283,6
-5.48924017386346,-5.89073489599048,19
4.69823898763588,11.1202270881103,11
1.22547693559939,3.28532488949486,18
9.9716503584811,1.57960760724627,18
19.1165900804837,-22.7716134985353,7
-7.16682981976839,6.42752607516995,14
12.5817449159545,-12.5815334936284,10
5.3996934759673,10.9084040755814,11
-18.2500619109116,-11.5706633682975,13
13.1147492321699,-28.0368388789518,7
-22.5346499694449,-3.96461537205189,13
-0.851480291832239,-6.72369296616862,5
11.895645705132,6.54825000490211,8
-8.02256774018652,5.52389881801622,14
-2.78437229612389,-9.56481981361597,15
-10.3815512740904,1.14623377802361,13
-12.4310020929287,5.32562770329691,13
31.1484496760987,-19.2374036171853,2
29.3938139641046,3.63549987649495,17
-1.17490130091821,23.2791107251836,6
5.07198199515649,-19.3053960769994,19
-24.9344786200359,-2.63063984844147,11
3.48825364342671,2.53911582370251,14
1.0192406998735,-0.502601808778419,15
24.7893129405049,2.36765199359035,17
-13.4458188922059,-1.6851559222967,18
-0.393296828018287,-2.55147490699632,7
-10.2536173554016,16.2495176056913,14
-4.61699694359282,1.48420011959633,11
-28.25717986544,6.11772228039485,15
8.11791091702688,12.1985711357372,17
-1.14479220385351,-0.740725532974349,11
17.6246718461279,-4.75746427585898,17
0.827481665992474,-9.42433120358518,20
-3.89868496015416,-0.737820992624824,4
9.02532069930601,-15.4886892947023,9
-9.51312408585085,12.0998165953844,11
-4.67477724056406,5.64834352863279,11
-4.7641148486563,-9.01084547836727,10
12.8884166463044,-21.1261940205834,7
25.5763713881831,-7.74012740473917,14
5.02438408691365,-9.18316192853511,7
4.0378723118505,10.6947513442184,15
-3.98161563470637,4.65329446518131,18
1.12479997920813,7.13883234209199,11
-9.41402645594884,-11.3005142409709,20
25.8590266054424,-4.11211654655779,17
3.4275974584845,-1.65211378541634,7
0.108414397239118,-15.6082975276259,3
-9.08702654141847,11.4483422988034,9
9.39662004368811,0.510904971261778,9
0.774632531804256,12.4405562689457,3
24.199740099149,11.3617086445314,12
13.128471023599,-28.0245787667555,18
7.02925826203173,12.4216197789631,7
-8.29526275681755,11.8808968284224,9
-5.89769395279456,23.3843380884725,14
-4.21214950355896,6.88251809024306,11
14.4569562408864,0.977650968472045,10
13.8798386213859,-10.2075716475854,7
20.5691294237594,1.70616438545446,17
-9.82355087893274,-26.4606141367837,7
7.70918281806298,1.90965001820268,17
-8.83082577778727,9.6819937743015,19
16.3554377265127,8.11411217237606,8
22.2057119788524,-7.99266461975387,17
-7.65691418804985,-2.99731068843038,4
-28.5904824487915,-5.43460005294185,20
-20.7818869756096,25.2140124639621,15
23.1429033537272,6.49415391444199,5
-2.48714414694621,1.8400688311946,11
-0.087769546838254,6.3718599465475,11
-5.51221273450262,-0.226222921305099,6
-1.6245607198175,4.876660560362,12
5.0119242880298,7.55516258344528,11
-0.342760420474024,0.136326074106107,20
-0.372436470088195,18.436721960594,6
3.35953804470609,8.69383475544733,6
-0.201972742103899,7.14393138881133,19
-14.7179313116975,9.91499954702171,15
3.84708500016499,0.630072807169443,14
-6.6098225407639,16.7767002206852,13
10.2524976468399,6.5909560888277,15
2.78362071790872,-2.88425974370118,1
-7.98379931983988,2.35585078569232,10
25.1763250769064,-2.00961170915987,17
-17.2251600258801,15.3611760151146,5
-15.9521728107282,-11.6648965241911,13
-13.1355596365714,-12.910342925952,19
30.3479607878743,-9.19713335624506,8
-3.69134219904322,-16.5719138149559,12
10.9084930158169,-16.6962115123968,10
-11.5690940650298,-7.69993440006978,16
8.36664373120412,-6.00279777068194,11
5.67162479379807,3.68963163117054,3
-8.19517027684877,3.14625375702281,3
-21.6041714042023,-12.0560699333543,12
-5.37476550849653,-2.8566379086596,10
-29.8095856958916,-5.0609520805077,4
23.2643835953216,-9.57556861730665,3
-8.63341588994735,-6.36769687586099,15
1.69566990409328,6.15447282959661,6
12.0067426925724,7.67255120997869,6
1.76660930808444,11.5166660614656,6
-0.512395197660872,19.9431423255727,6
2.63240016944371,14.6969591141593,6
2.23663872588446,17.6931555965533,6
1.41780852121538,15.230032097474,6
2.7012217321709,16.649385180541,6
1.97468751058824,10.8695357968164,6
2.36698742418289,8.42890253162246,6
22.1307241366678,14.5551154590899,17
29.6467736889443,20.3619562742169,13
14.9936139623378,22.9709661894298,16
2.23377485155754,14.3345966625876,4
-1.0433461305292,-5.79521556172546,5
3.51822135767517,4.316173512751,16
36.3944600908426,-37.87609504758,9
-4.95862704849889,-10.8480318030629,5
-4.81098553557842,7.5790535048033,9
-15.1912005736917,-11.5240286376547,16
-15.6986622222662,-6.10473948831839,5
-25.7300150094714,3.80992214383055,18
17.1456968472667,10.5834203572752,17
-16.6631239359584,6.47289384489389,4
15.6160776183669,19.4100841394661,16
15.0337024518048,23.0065542714985,16
5.96424976929661,13.1216189999708,9
-11.4545139733281,12.9100277765469,14
16.4385786147729,20.7034843214794,16
27.7011782929493,-2.03262933518147,17
1.56751348181858,-5.243224390686,1
-6.46142181885759,5.96848992356341,14
-9.47377744887482,-11.3023764453502,5
19.9601400998149,-5.10956346508936,7
4.35606114135895,10.2541468838234,3
-16.667484518244,7.88810222550897,20
-1.98896795873893,-0.809565937084023,16
14.9984538305573,-0.429408975267515,16
-1.01444200602983,3.61749366590937,11
-16.5261447998495,-8.9516340951695,11
5.64496721594043,13.5636163064188,14
2.28885520330425,-13.8378604718041,10
9.11779815891101,15.2097668349268,19
15.2494172674019,16.2350249281501,3
-21.6985366739331,-12.3223646445594,5
23.4077118034717,6.40490601353494,17
-9.47195169211924,-11.3122912482781,15
5.59400055901862,2.36548818256542,14
4.05071621418696,-24.1389356926616,16
-2.50509480743325,3.89768584023785,12
3.40810518505376,-5.93123085653817,2
12.8207597368574,-4.56458373261892,11
-4.93737056055765,1.38495787090166,10
-3.15918518479694,-28.401737228006,7
4.70325698277362,28.2308577073627,8
-5.20014274333392,-4.7599699136976,20
-12.5263521347238,0.0990993302528813,18
3.96392977564221,26.3772023291745,11
6.24698294602975,-24.4451756352806,1
4.6123357611208,17.4109741908295,10
2.44065269188933,-6.04453990206512,7
-8.11898075195321,-4.08393405730934,11
2.94630360605498,-6.84929197701458,2
-12.7715208131138,0.633752508942928,18
1.88598075504988,-4.05070381585644,2
31.0895417684191,-19.4156336507792,2
-14.6458262655411,-1.48424065113507,18
-16.1551889184885,4.7037380072174,19
5.44488948455234,-6.53752064478813,16
14.4888531239243,19.144077999464,16
-22.8078762927304,3.77934520722267,13
-6.73978057017618,-5.1928127085236,19
-15.3429974220073,-3.36732823857237,18
17.7392253537198,-6.8855686962885,7
20.7445110371768,1.67496718852091,7
-8.71361552420909,-1.20068823033518,15
2.24412037552952,-13.8860416302739,10
3.58531624332228,-2.26766976510287,4
15.0180366500032,23.0668208276497,2
-0.180945253148095,-18.0725841450082,20
9.65471257638808,1.18827812662349,7
-1.37017382488492,-0.365631904334529,1
-18.9410183011638,-21.4951703139354,11
-23.4508676543563,-0.128391851604494,20
-13.0919598840782,0.523809162283681,18
25.1827715584427,-1.99353047389474,17
13.0183576532766,7.67639588420341,8
-12.0838953452929,0.446591467794887,18
-9.44092695119949,-11.3300205977874,19
-1.29585228291003,2.69987162137457,20
18.9131973040656,1.1335545102821,17
4.5178587039019,4.18342318269195,14
-17.3327055136362,-9.11687403776321,19
-6.24792609803684,-16.3869261292953,10
10.2209915447475,-11.7141169828203,3
5.9550771094429,7.43757754411291,11
-18.9354440802781,-21.5184365898876,5
1.1732931855305,5.45562854249137,9
5.02770211849246,14.1811938359007,11
-4.32731260101616,-2.79603180848641,20
22.0772998221439,7.8172580448241,17
-10.7362336947049,13.9037737561492,7
15.6697336811074,19.3908489166754,16
-14.8512423171972,14.7559122092606,11
3.736984914897,0.165618890026998,17
7.81065608660653,-11.4066633755968,9
-0.18836924620856,7.79134856462586,10
-5.91036311179859,23.3381695268066,14
-2.22547251541224,-2.1723547247076,18
12.8068133766829,19.1132468302647,16
1.40407276356256,4.85324540498758,1
-5.60298584945058,-5.52298550908602,20
-26.2021541641353,7.19397203288709,9
-9.08052316585012,12.0929943335047,15
-18.940588361447,-21.4887611023652,3
-6.50328285039727,-0.920685632113884,13
-1.78934308811803,-0.168921377681935,18
-6.57213874190693,19.6487282479564,4
-18.9697032981023,-21.4416662937994,12
-18.9348588852168,-21.4456164133119,11
-15.8218771766675,-11.7166880729514,9
13.7478452520045,-0.272731391499011,16
-18.798222674402,-21.6270230318438,2
-0.292187018302532,-3.76946162966161,18
-6.3904605059322,-2.94706191919844,18
-1.77578010120976,3.83994756196937,3
-6.94066950821777,26.4590306759402,12
-1.573986730059,0.700978238580732,18
2.00459379704555,6.88461911254489,11
-4.01286682273223,-1.19989689784266,15
-1.81131542888149,23.3619244183914,13
0.0220514762047273,1.64200331333359,11
23.4003567776813,1.99971775950602,17
2.41035310579567,8.53688007094903,3
12.9127334559711,15.2005978367054,16
-9.45382215563321,-21.2961760684002,11
13.4949975867216,4.10352374336251,12
-10.7173018997998,2.98394046454264,3
-4.38865588190295,-7.80371620884582,11
-14.7313646137476,22.0683092318129,4
-18.9336694683435,-21.5886268212404,2
-2.05983979320129,-1.4015292646907,19
-19.1164711392658,-21.3707286645398,4
6.88472539246961,7.68284722921013,11
13.8042510873253,-23.9798005730851,16
22.8259328251414,11.9846500001009,10
-17.4121722558581,9.80860426508815,5
-0.659374877682006,-5.18939831541296,10
-2.85563958922611,2.09001828889881,11
-2.58927794225263,-8.67512063737336,19
-9.13540018573947,12.0171035285175,9
-8.60517939701748,6.23479659708597,11
-13.7549314540154,4.72666224098992,4
-23.5285005922484,-2.59433090815201,11
-18.953998991039,-21.4562791802414,5
-18.9092382374809,-21.4407177355451,1
16.90286939441,19.3345259833429,17
-13.2182855247407,21.9441216555652,19
-6.41472257563741,8.51145952409385,11
7.96498287422134,19.5157115831923,2
-11.7025296640114,-4.11415160101863,18
21.7690737022223,-3.9403441133049,8
-18.6383686123126,-21.0384533158274,14
-0.16059285406413,-11.5995616206543,3
-6.39940405592748,21.1556848813045,4
5.53841223631199,12.3290963824538,11
10.4927037569529,4.84400335929783,14
11.9549213392681,-3.77866947283708,7
5.02231473833212,14.157244083437,11
-18.9743229859102,-21.2775474036195,20
-3.63926228371221,-11.5487608926934,18
-15.3484433488438,-13.729212428597,19
-15.5074882525174,-0.0471522990670985,18
17.9916414184984,-19.0310046914651,2
-1.75288971042178,4.65859002476834,8
-18.9506522790094,-21.4264667129565,19
11.4514285816103,-25.5609419869642,2
13.3814101091686,9.79934490989366,12
-7.81857685730663,-19.2339903986045,16
-18.8597987549748,-21.6214725234967,10
9.39539901181319,11.22272388512,19
28.9348867601978,8.12677023983425,17
6.31010883181281,2.33268618559986,8
-21.9950947438696,-12.6829641533362,13
-10.6055759123358,-11.9049162996322,15
16.6039316424423,-16.5236658999951,7
4.03905759678722,13.299676199141,3
16.8898927872961,16.4709965647082,16
17.8996081328658,-6.04054032802442,8
23.1588099235191,6.76588338480494,17
8.09465305410817,-9.60366855277619,10
-7.80247396401255,-1.95267852917269,18
-17.7839134746714,-9.4433204197841,20
-29.7368878177518,-4.78878386565341,13
-5.83993083048423,-9.60097589579538,11
8.26775717892861,-0.264716639961014,16
-4.10304547733053,4.81628791318375,9
-5.50547063263407,2.96903577358865,4
-14.6689344780186,-1.56737582541281,2
2.98705564371161,-3.37905943307109,2
-2.66743256149318,-4.49592368523479,5
-5.90987218134686,-3.12810484189736,6
9.72793608968893,1.39814180243372,16
-1.66825708828566,-29.462418551334,12
5.15490679932931,-6.14040830335177,19
-3.0660723765538,-0.530388896196359,10
-12.7970220196791,6.67141648233065,18
30.161558517968,8.59835077113523,8
-0.119501347647988,2.17726563187018,1
-9.60835694025204,-9.42003205430861,11
-1.68126163278012,9.83487605051727,9
-26.4120680242773,-4.34602609307314,1
25.6198115914345,-2.79407432130353,10
-8.78339709013129,21.3638923960624,4
14.7718859821654,-19.0377064248893,13
-11.4486706180799,-10.5505110574203,15
-14.8350275882881,10.0123408225048,19
-5.83255123277321,-15.8138897860403,20
-1.37042437682724,10.7828747190424,9
29.4768164897892,10.6535104199429,17
6.6520344854601,6.96671630053304,10
-14.3756552810298,-17.0766812868258,5
-18.8863910068794,-21.5578435671605,5
-7.70672482894999,-8.8474446399129,11
8.27356853428104,-10.2502012201919,13
-6.54919589759789,-1.96518475219618,11
-15.0426969912851,-20.7922927707258,18
4.85141383639019,14.6770184072935,4
19.2013865071647,6.79413003981118,16
-19.7049381758276,-8.23042537024707,19
-11.3377228236034,-4.97178068852163,18
-6.58829979663688,-7.15498690396852,11
24.0911125318414,-2.65001539037652,8
11.2081218565315,-23.0112308445438,19
-9.97226704918734,-23.3907881522885,16
-4.42959343006705,1.14579088100722,11
14.9565997566556,-11.7597159410391,7
1.82250173212206,14.0948796853505,11
1.55576809971187,-5.11887400902642,4
21.0703755420286,-3.54526695042925,14
-3.21819479758583,-1.64840955304386,15
17.8780905503403,-6.28054373698103,7
-3.7359403446157,6.62680936563948,20
-6.52784738168488,11.6440619404912,9
-14.4172127682639,-17.8446696545502,20
-4.54366270531713,-5.20522046539183,5
-18.9230135532906,-21.3915682142159,20
-8.68767824258473,10.9323024471016,9
4.89425177323089,-3.14999930486523,20
4.79978459727437,-1.08538037329546,11
-11.2907224845581,-10.6888710831965,19
26.7102871551454,11.3597176610215,17
18.8815025634595,-18.5229553347981,13
17.4497860269425,-19.2872220753365,11
31.3665314104009,-18.5325257189818,2
20.4307691225229,-17.1370159870377,7
-12.7832130919604,2.92113779183855,19
18.6378069705192,-3.32910325238402,18
-6.58276393848693,-1.28672145214543,11
-18.1235524857584,-9.03956268759779,19
12.6448539415354,-12.5911024584857,7
-6.18923629927565,-16.1213503244436,11
-12.8508081785868,-9.60325523914005,11
22.3657482126876,20.0608259333038,16
18.9642470365207,-5.00043943204511,14
-21.7358599221076,-1.40426240496795,13
-9.63895008848863,-1.81505110893527,11
16.4001341997567,4.87293397668239,8
-15.8590030803835,-11.6907070150455,19
21.4749323018849,-7.4651281867715,7
9.05796437759951,-24.7408644444654,7
4.16240114507682,-9.1521203348869,10
2.21526856469464,-20.1568318985345,10
24.2815867084466,-6.85206748870456,14
-2.25139848772927,11.2796250374717,15
-3.90916865749692,-0.752109930610285,12
0.99454894835485,0.169600623210026,11
-20.4198371295258,10.2718938517976,11
3.47254435227478,10.2250356244934,5
-2.90903358079239,18.7620364715391,18
2.40862501875298,13.2318269838626,6
13.7185803383292,10.1578907958877,7
0.647846377523123,8.71755612695734,12
1.30034281910953,-4.45153099606173,5
-21.2756990955743,-12.7786156928509,19
17.0717399064059,16.5141319804923,16
5.64806926281681,6.81015756231329,10
-17.120112847964,8.48733329519985,18
-13.0220521551074,2.20014204014728,20
-4.471635044203,-1.38964621739972,11
-14.6715599362031,4.17248986883985,18
-12.788662517851,6.75639580766112,19
-14.2140551506639,10.0977310888114,19
-10.6200930710923,18.6670873501975,14
30.8167864191975,-19.5715914957908,2
20.0672933241063,-23.2411796449895,1
-14.9098367035729,10.5311162002425,5
30.2530034610296,9.7994831384551,17
-8.86217454054191,4.77760775059106,1
-5.19634321480128,-8.68902225613764,20
14.5488484912504,0.919784855083532,12
3.44034463951306,-7.80330874909207,3
1.96393622538312,5.03784029721763,9
-18.9195202848301,-21.5267636468179,11
29.7286937225687,-20.7921468497884,2
-8.54439122341666,2.28382451748685,10
-10.8200509473346,5.44979575689308,12
-5.86715773921203,8.66136422475415,10
-9.84012810163298,-0.271922112867231,15
-0.00481124949193346,2.26540403817631,11
29.96771566737,8.61092846089961,17
30.6176929250882,10.1714054971907,19
29.4908638511329,12.4989568130666,14
-8.3093891442225,9.53458064035661,13
29.9406895779262,11.0001138795007,18
30.186555843579,9.44709182530134,17
-0.709752788756184,-11.2870373909281,3
18.5858361855345,18.4462511979897,18
30.2888096657694,9.99781025952608,17
-5.83440960700273,-5.35805319705092,20
-1.75108190750716,-9.58281394661197,10
-6.54515923204232,-0.118441813137753,11
4.94788753520727,9.02358376547499,11
-1.01435836206297,5.73892415255865,20
-17.2397658028083,12.2716517521686,11
-13.2955907395826,15.6363204064229,11
0.114191780729427,-5.35796869118418,10
29.9552086189297,8.46807062223971,8
30.4538654790868,9.85103307949369,17
-0.621475161282222,2.38657419757137,11
17.8499890249085,0.750359296779471,17
30.0109979596984,8.40602728152704,8
11.0927885576262,17.1033467376467,11
25.295770796802,-7.72328620100993,8
30.3970213101249,7.97865055496991,17
-3.93144405713191,3.79711225910584,18
10.4320228894324,13.2420473058549,15
-2.18280407808202,-2.43349271655906,20
-2.80141450868427,4.35085702810115,11
19.0578433647035,-25.2898135870687,1
30.0296109076803,8.65760476333279,8
-26.5603298468608,13.0800481009394,16
4.93648230505958,-24.3827766753722,1
29.1119797593498,8.30060555349314,8
-12.1066688001683,1.0541894989108,18
24.5214500125324,1.32457095548536,17
24.7733361955234,8.24722148757307,8
2.20626621477763,4.34433573989686,8
23.3281180610696,2.2554621849295,17
-5.96076243921146,13.5197915333087,12
30.8259299968877,7.25285406044358,17
-21.3400881814548,-7.28386059282973,19
-15.738870805283,4.83337831898387,14
29.9170683377021,8.44776915090212,17
-13.7227196192528,-6.72911526464292,15
-15.95048863489,-7.3893865791093,20
-3.62048684903897,2.31209809129093,6
-16.3260708381314,18.0606407539726,11
-4.96315989353127,-17.1056283374459,1
-13.725883735494,24.8196957112521,11
30.7486300092648,10.0544665936725,1
4.34048690994802,18.8236627126683,18
-15.3718358698572,-13.6312777550675,7
6.32109112254102,20.1058307395017,10
-10.1723247731396,1.44067770871419,15
29.8191920848714,8.87440581873976,8
30.9613492529509,8.65784109543287,8
-2.38956497062462,6.11008644106694,8
-19.1062524939094,5.04709348805254,5
0.754796247776383,7.97276182254244,15
-17.7031427028242,17.569098164293,15
20.0928745891233,-45.1044561305808,20
-13.0213310546222,-10.5972821213029,7
31.9277049399706,8.78889803376919,8
1.03811370930046,-7.69285059436294,2
-22.9796332074323,3.92603019402711,13
-12.1806914052283,16.1046861690374,4
-15.7338670889771,16.9425382133143,11
-18.9639067269299,-21.5345922669762,5
0.801412008801124,13.2844627434216,11
-17.267822150786,17.5364226689533,15
3.41973448571601,10.0505058386579,19
-3.38983217872719,8.41556695774103,4
-20.9981740105637,-5.99328111697333,11
2.63488583042922,-15.17826385913,10
31.3064296721695,6.21436785969724,12
-28.4469838479708,6.17851741590483,13
-19.8670025482082,-9.36350360711158,20
8.10885578100405,-9.57275509051653,16
-9.33715512510885,-5.74982051169925,3
-2.94489487177563,-15.0473637063674,19
-14.0234452378326,-7.41438552078864,18
6.4344598464461,-9.18111584368221,2
27.8243523373773,7.17758642745905,17
-9.07742255049729,13.6652305886713,13
-8.69420818306722,4.91419757499301,19
-13.9964063347245,2.59595561435399,19
21.2602831214062,4.05590361867551,8
29.9802749515411,8.13868087919778,17
-5.64428237997609,4.05131758621284,4
6.62111489527968,8.99665255812365,15
-7.1609275421699,-17.1825353589346,11
-9.11881310018227,16.9716000769054,3
21.3039068937009,-6.22772054960351,17
-4.65326810499936,-4.43151510811996,20
21.6647270968138,-7.47695072853253,14
-10.9773788975726,11.3827220495423,9
30.3014945578012,5.95789111655633,17
-18.9407511612785,-21.4246360967803,1
14.2325154865034,-5.29398324872891,9
25.0695407040472,6.45785884139798,12
25.106596262367,6.52772588447769,12
-19.414278151371,-11.6650346259565,11
-11.2055259347804,20.6582632658532,4
-9.69317206522038,10.6130442324927,12
-15.8417337928427,-11.7322936092142,15
22.5943684513301,-4.78131742916061,8
30.8960468929333,8.17191320451552,8
29.8803097034271,8.55476901524041,16
28.4754736817856,4.91680110099112,12
-18.964541809659,-21.4664782535015,11
9.94604295645013,7.1363281599166,12
-29.4042250373789,-4.64321670308422,20
-9.80106404337934,4.89920166728625,18
28.7962477740988,5.17592966550461,17
16.0464840359208,6.25021233488684,8
-20.7818873894206,25.2140534066818,15
-3.02821121623842,-0.401222791604125,9
18.5813572958533,18.368954974131,16
-9.28784893085533,22.1624411803812,4
17.3098583132583,9.34056714838932,10
-2.23862379076322,2.26242346628942,11
-22.4210530541657,6.63764900864502,3
15.1265543862568,-0.402337504657194,16
11.1470215832765,3.8009417841383,14
-0.761763546480475,19.7443685997326,6
11.4447957723409,-10.078026571053,7
12.5425759699216,-12.5426238029953,18
-8.28054511382997,3.0624323821524,3
31.1545937608924,-19.0938791659578,2
-8.36687330662947,-18.4226719762993,20
2.4837501075091,5.90422740549075,11
-18.9573156824785,-21.5169012810963,11
-1.85001136572936,5.19480771723724,12
11.5283650243651,3.6690299228525,7
1.91048595255892,9.09755153690627,5
22.4193032604078,-0.01488821278445,17
-5.77187103915195,1.99325487131501,16
0.000103931572538157,7.64290977675146,17
6.27166232594125,14.8032020941159,11
-18.7281275291039,-21.7108377882133,2
28.7311455975159,5.30252618981341,17
-9.5801715472106,-10.990891593948,19
10.32869714017,-3.16140015176077,7
2.67269419548135,17.9044384954129,14
-5.65518789037918,-12.4949506743551,15
11.9829822456963,-5.38259076872102,7
27.1476782205552,-0.50592607022937,17
-0.779357779225269,6.51185243614984,17
31.4305148012661,11.6611872501589,16
-19.7485383420876,-10.1557077591298,19
-7.96872970264728,20.5053225619369,4
-29.989100991783,-4.54791030467203,15
29.9689690895898,8.51701423942697,17
-15.9743106135602,-11.8819419264917,19
-0.0714313617282909,19.15041753981,6
-0.272031104390546,19.0115548374573,6
-0.222844892820365,18.9964159871616,6
-0.6355502609546,18.3346027306617,6
-0.742469611730738,19.6226787164673,6
1.69023218232874,17.6898356840713,6
-1.29506330101365,1.36505044512758,6
4.66768599030196,19.4572396834814,6
0.862065304968043,13.7750433371489,2
-6.76627977205283,-27.5340945767609,11
-31.8288226463613,3.26690197665177,11
1.28364848720926,-12.2507058971243,11
29.0461948376423,6.19896036403327,17
36.3952527755969,-37.8767569217174,9
-15.6803907004694,3.90424856929004,19
-6.80367486413602,-27.521896068864,13
-19.4691795290192,16.9678181539192,4
-21.1208870616904,2.69405739586355,13
-17.9700095219273,16.9400281412572,11
7.1444896671838,-4.67230123623959,14
-0.903773648572314,0.895048691721409,11
30.3859829813438,4.72129245691413,17
8.48668905547881,-26.5096057439268,15
12.7554451105153,-21.1467414506243,20
14.8956373194029,-0.570140924318447,20
-15.8584875387402,-11.7460761014276,19
7.43310180230352,17.9324320245481,8
25.6767232931902,-6.73832459787885,17
-7.08652104775617,-26.7650486629836,1
-13.0410985543383,-11.163977879879,3
6.06067810465984,-1.19961469123634,10
4.61077287578264,-4.67512473015581,3
-1.01050654876188,1.3908331914656,16
-18.8889740916428,-11.7823855498015,20
-7.0272346115433,1.07119963200492,4
28.6675165396773,8.43140004564063,17
31.681077283665,-18.2682165100445,2
12.8568633441471,-17.7322783106932,7
0.660354617110246,3.71121703388863,11
-16.7668312544357,-14.9259492542626,19
7.10813565338055,19.4901086629395,2
-6.40971681138551,-27.3995930827032,10
12.5159515970263,-11.2156679688196,14
-5.99272831984263,-27.0873613592968,3
-3.68354063558295,-20.0260511126535,16
6.83167244680347,0.524544436410303,7
-4.69579003227233,1.33973791235439,16
-3.64931248356372,-1.6883883261318,6
-20.6645512611233,2.45184407236867,19
-8.89888925840404,1.45207815580559,11
-10.9489150685626,0.586161897733811,10
9.02681208252807,5.20373870240346,11
-1.37963811485558,4.48096327684862,13
0.0496786399423739,14.7416168475059,11
2.41021024955826,2.92039944725733,3
-0.484640172843366,-11.3282126066301,3
-11.0905343399924,-3.20060939230222,18
-3.01490504253614,10.6894566100971,10
4.00304819493725,-25.9158016561385,16
25.1604808783986,13.7200423962314,7
3.4074969416962,8.72724304698346,15
16.1385880569715,17.0608244109959,16
-18.6100983802614,3.82237099157882,14
13.9620124917081,19.4407538124063,16
2.62268482974347,-13.4975226667365,3
12.2970809529145,8.79338798660415,8
19.1717415323617,-8.79874114377964,8
-6.65960066479847,-0.0124154472530007,13
-7.76005766135374,-19.609793630635,3
-13.784631646038,-17.5692227577471,7
-12.1744337707622,22.023191171749,4
-7.13882076515101,-1.49884329361506,15
-28.6953371889727,-3.41937443087625,11
24.8226475267674,1.22289184917468,17
-6.76965436331217,-4.69609441103422,20
-20.3122753996254,-0.92288449859691,11
-2.16971574439202,5.77316460608245,12
28.2961689777503,9.19755089306915,17
-1.2880590246328,-2.68653334921612,11
23.9534048648356,-1.23584873040411,17
-12.9519638205149,-6.79968477305415,18
-9.31195121992454,-7.90037395083593,19
-5.20372088436443,22.8739605145341,5
-5.87266057441731,-27.0134423279345,1
28.7362053373634,-0.588415587651147,17
-19.165522983356,20.2397396221902,4
28.3643672407306,-0.84558016893176,12
4.99434821912612,2.10147970912639,8
-16.1275944719925,-3.02597182280335,11
14.6631219004525,23.2601814592312,17
-18.655711867845,-4.85855952687495,20
2.02031004796905,3.4544233155054,14
-22.892426538595,-1.29125817316005,9
-13.1848598121023,-2.22886204010263,18
-18.0238905755047,-2.32223465351264,20
-6.22956888593996,-27.1835441047425,10
28.4030173260327,3.4284927356766,17
-6.15497861523907,-27.2168529311026,11
-1.46079140920942,-2.07951742314712,11
26.6410515395249,-1.62116987028006,12
11.7947106022173,8.95533054644321,20
25.3863921311753,13.8414904488343,7
28.7695844173519,5.32029937820167,15
2.44477779992965,-9.30267133877717,10
-6.44477918453388,-6.13380925251845,19
-14.2839162726165,-7.61410034430546,18
17.7763632866148,20.9829443805107,16
2.41817997570118,-13.2064633231097,10
-6.43249354462811,-27.521660081711,7
-12.9152497544096,-11.985594729653,7
-21.8581265169911,9.40216367181785,11
-7.29373643758455,-1.09904540360009,19
-7.04790742448034,6.24211133093807,9
-3.56843280850965,8.71497691295127,11
-5.8414064033172,-1.48883652997138,10
-3.07573005896873,6.46819589744892,8
8.13186070395161,6.19431976125985,11
-6.60343272985651,2.4269644669642,11
-1.63899186265827,16.2315844447177,4
25.4705175592141,13.7770287608621,8
-6.44896944897027,-2.5919024721847,11
13.1284554221505,-28.0033993235604,2
-5.88801242730409,-3.51398708377035,20
16.9749301963357,-0.336385071752656,13
7.02772430138314,17.7064824913973,1
29.9658119013121,8.57902858231515,17
-6.08480119419422,-13.8367377087201,1
-9.95189776451424,10.0954364428775,20
-7.98362669451648,14.2130695002644,19
6.52736539255072,-12.5794928616794,3
-19.4608228881325,4.84294806776198,1
-6.28694917124878,-27.2642858785936,10
12.5223419319838,-5.35872643044127,6
-3.83939798757456,-2.11784317872959,11
20.4895982013443,11.148334993251,16
-2.84866223941905,4.08964486260453,20
-8.55191954672866,11.5393990341821,20
24.0439796041631,-1.33468381228432,17
9.99018550034803,21.5878520662908,12
24.9424460408079,-2.15891857835371,8
1.35117695014912,13.2513004292806,4
2.7368094059976,1.99228164766908,2
22.8699400467029,-2.15341973852078,17
-6.13370799822358,9.37034291424612,14
29.9966123525638,-7.72270410332702,13
-11.2549071768012,-7.86412767641771,11
-13.0440034492003,-8.20336387354896,4
-18.919018196877,-21.507161873531,11
-18.9238618530657,-21.5135133505466,3
26.907252074621,11.2613778594449,8
-12.4300400819343,-10.387795915281,3
-7.98187310693071,-3.97434185555818,11
8.71850196773132,-27.8190128894686,17
7.52849291569076,-10.5577614977846,2
23.328112560723,-2.20850044906955,12
7.3561659347558,-10.7939289992288,8
25.7298205255604,3.12506551863977,8
-13.777576000209,-6.19880134530826,20
-28.919428816398,6.97314636226283,13
-18.9304276822753,-3.14702871430021,15
-4.57626431992721,15.2488072503973,16
-7.88264240546456,-0.721109645035686,18
-13.819432754582,-17.5830850327066,7
16.7666907756719,-6.41465880955919,11
8.56056923167024,-1.50965147098568,7
-4.43158421477676,7.46862112127647,19
-16.6800890015189,-18.7089161338118,10
-9.83279400567766,-26.4840275446949,7
-6.51485901264929,-27.5134438793433,7
-6.19466528874408,-27.2598994856156,10
26.9282939192627,2.52237584519438,8
3.96318598050383,-5.03681112864604,20
18.9843386868625,-24.2919300085414,1
-19.3660492628182,-11.6055014602777,11
2.28000398830577,-18.475168018186,3
-18.4414596697939,5.7646359289399,5
-1.15636359924345,16.8876274626471,6
-12.9171865614034,6.98911195161724,20
14.4109456611121,-20.8781170819253,17
-9.50080614493064,1.33382174557913,15
5.81400636735213,2.12425865856655,8
10.3474650287665,-6.23959018648535,11
-14.7891359077601,4.58300810723744,15
-21.9116932448568,-2.46264034313309,20
14.9690497836736,23.1162934245625,18
-2.9840193198559,-9.4750013084022,19
18.3629796150905,6.05644620591515,12
2.60900527489901,7.48853474330513,1
-3.0591962054603,-0.493641665443707,4
0.815973202955577,-9.42067783877239,3
-3.98181808997927,1.55809006464106,9
-6.53099233111485,-27.4978572253964,10
-2.77688793157928,7.30384328889072,10
-1.37850539475621,2.06274345168718,3
-10.4070725562773,-11.2860475811651,20
9.04271240135876,-5.9634408794574,7
-13.7145019363736,9.0332303931071,19
0.213410685562523,22.7343334268492,9
-1.20723509412376,10.1369606626002,12
30.5353419067464,-18.4169706516601,2
2.58744094916769,-15.1029953526123,10
-24.7537642442102,2.01034607619695,20
-16.7987667082398,4.61901641106476,19
28.5608853670498,0.531480097613187,17
-0.784296078864498,-13.5158526855033,1
29.4246976660766,9.01084455552897,8
-10.1864842571518,11.7788157427428,13
-15.5922004411457,15.6297401309347,15
11.0187650031278,4.88941794998449,8
30.7828254142076,7.28488042433688,17
-6.85620901878334,10.4270804851461,9
-6.63469425011951,-27.5567781170999,12
-13.266812816265,22.0058410810902,4
7.47181038388343,-4.6963111480298,7
15.149114082626,-0.654098993764881,17
25.3202145807226,13.7006079343681,17
23.4717533039839,2.44012079392806,17
-14.8182208283386,-4.97016919835909,18
-14.4316395535795,10.2344937774537,5
-9.79190012862404,10.3119245289849,9
-6.64716759478843,-27.6065019422551,12
14.5927770461753,-15.1952672009838,5
4.9858154682691,-5.88406235310652,19
11.800190265634,21.073882000913,4
-18.3772791941694,-3.03189926259866,18
-17.7475111428494,-16.3780042887979,15
-10.0580403468462,24.9963270202652,10
31.7995028424961,-18.27297692344,17
30.9327218546984,1.13982276537543,17
25.4411935296279,1.07260455133553,17
15.9425554475152,-1.79940951667057,17
-29.0791345427632,7.07218728514532,10
-6.00997302254335,-13.142967432173,5
-3.34972502897865,-3.73336007366913,5
-22.3534346165285,-0.375659221977002,10
11.8043374491002,7.73480911100855,4
-16.6971237213595,5.72806391451192,19
0.73088210903786,-6.63140084093211,10
30.1084217657698,8.58136844720463,17
-2.96490768992363,-1.72596676598733,1
-13.9899599128359,2.58169577731841,19
-3.68439136689427,7.37785804943906,11
-16.0148178773559,-5.83342160519028,19
-7.69118356853098,-1.8720520342117,2
-9.38105500341368,7.18369327086952,13
-5.0639248422229,-8.09618134391107,18
-6.62033907089707,-27.5625171807182,1
17.7388057567463,-8.21430249105539,7
-3.34664689494766,-0.425967873794204,19
-0.0709220546696879,0.944590895921681,14
4.08779288269106,-2.96417063485366,14
-10.1410544035695,4.9398997957319,11
23.0754565153717,18.7760037193046,17
-13.2381037829026,9.00866809710125,11
-6.7203175756228,4.09645530466515,19
-11.3516058972149,-2.6026128162491,18
-3.74703644766051,0.000585208065392618,11
22.323346437466,19.7520784853658,16
-12.0530612934634,-3.04615169593069,18
23.1607845827643,19.217103725018,17
16.8238942040092,0.238524850803156,8
-19.1701558990839,18.0618000707016,12
-7.04043417370317,22.7402839205696,4
8.31453376681469,-7.24912887685593,7
-4.21343733631623,4.9025126233257,19
3.86835618025521,-25.0196725339807,16
-11.8464751336065,7.06422104177286,13
28.4593883652351,0.780285784338693,12
15.9346668945441,-1.89941312852039,17
8.33823499435374,12.2270364450742,11
31.8471429178692,-18.219572282553,17
-6.97257557228313,-27.552040821293,12
-12.8461797483474,-6.87678046511368,11
1.59710756750356,3.84281536893167,14
-1.07184663022809,15.0715548881623,13
11.9941624744204,-4.91832822903898,7
-4.28463856843483,7.58051877675876,11
-4.13650760634886,-9.24369838415601,20
-8.91256698572299,-21.7228513076656,5
-0.318276702241239,-3.50966616511701,5
-15.7202944112756,-11.100469452937,14
-5.66459825179651,0.298091366183895,1
-1.16120071388074,3.0202160001849,11
-9.17604302389435,0.638910584005433,18
-5.14807804764412,-18.3240761427531,18
-7.53601828026303,2.19174721964462,11
1.54285054806902,-13.5195144001324,3
-11.0772180743156,16.775880436315,13
-7.20991381476025,-17.1600802687362,3
30.2918539802116,9.98209830279676,3
-18.9561478834933,-21.5222822783374,19
-2.24444603647512,4.74523516635684,11
-8.13138118122684,-4.79725010541644,11
19.7229452518458,-3.99602135409761,8
13.9676249084908,5.36938578202306,7
7.75839236922846,-3.49016928122616,10
0.175986944492756,2.70861389750739,15
-22.3109613602237,-2.59611101001839,12
0.090290678873256,-6.53520337508458,10
-7.02824514264817,9.22242936102812,9
8.72821720872383,11.7721656147277,3
5.0218518494204,11.8536138912306,5
13.8048470590389,-24.0153945176071,17
-10.0320217297053,-0.192706041505037,15
-2.82260033159299,2.34215650508952,2
-1.50105900466435,-22.4623631641287,17
19.0553282287648,-25.2911965466813,1
-2.84409689308245,3.2184875279231,11
-24.3174274484358,-14.4381428014226,11
-6.17412750119388,-16.1574614729343,3
22.4202142476532,19.668631673109,16
-7.09492699367039,12.5568515905237,9
25.2403636130597,-9.21125531643833,17
4.42767311855963,-24.0262466577409,2
-5.68623589676145,8.11835903843432,11
3.77181316326214,-0.703436999010616,20
-2.48178098191781,0.328592304043581,13
-20.7762537460264,-11.0097502662137,19
7.35547989032505,-4.81634208095064,8
10.4981636879058,7.2603047232897,11
-3.23514757248031,6.94299529856115,11
-14.7802536493042,4.63164206846607,18
18.0793140798063,-2.62024306699924,14
15.9619309209227,6.6381450798708,8
12.1697102322253,4.98854798874148,7
-6.56015923520136,-27.5347986653182,12
-24.25768788012,-14.3978234323362,19
-0.508871922790172,-5.11921795907671,11
-15.7249204299165,17.9120416553394,10
24.6239272521466,-8.45367509350885,7
-18.4158714682295,-11.4853390718425,13
-11.6681865473353,5.97293207679479,18
-15.4689432914339,-3.47924444574748,11
-9.68762138939226,5.60669800862013,4
0.88446516669647,-7.89152032221034,10
-2.83302376130903,9.42133928402489,9
-9.46427108316987,-21.2311701447339,19
0.871800658109537,9.0196361750093,15
-2.69465094825248,1.89756288213246,6
2.3402928011306,-2.69731086622492,8
20.0929173419242,-45.1048073390373,20
2.48244381900521,-16.3205654377146,2
-12.8678385121234,8.94314841407755,13
-1.99655932725106,6.98607399532841,1
20.4912732066532,-7.48719309050307,17
18.2074457236228,-23.1664775756169,1
-0.263879408499368,11.4966718177706,14
6.98353764684468,3.81161041808815,12
-4.51176234386038,-1.42955897138421,2
-16.8534276658378,-16.9027255176895,19
-1.96470577114235,-9.21627776785843,13
21.5719346354154,16.5973102804241,16
6.11200132769552,12.1626859688637,3
-1.76658215704263,4.80050582205963,12
22.5754893288498,19.7666771721363,16
15.3131283901188,-10.4388422211183,7
-4.46389654157973,-3.59260890171592,20
4.44019805143855,-15.1047277808112,11
-12.9221062630288,3.5213100088113,19
-8.8816677240865,10.4880901615263,13
-6.7562537620357,18.5426287125239,4
-8.16963443794398,21.1538588087904,4
-8.10702977537515,21.2257110829847,4
-8.61918307391802,18.0544951025417,13
-8.61232869776497,7.21772810379945,4
-8.39138790516166,8.11153313093407,5
-24.265123555743,1.8778674712684,20
-9.10784215609562,20.7754779676583,4
-1.8623870183994,-10.4160191472151,10
29.0054686980987,11.4641716617449,8
-10.4759268027319,3.60554107713911,19
23.8916536735765,-1.32652223137473,18
-8.34467469824405,10.4912373852508,9
-8.04626922112141,11.0353805551383,15
18.6226614553875,9.31854328252746,9
12.6054996352627,-5.77027693429403,7
-9.03447494996486,8.21486674923807,13
-7.64325192261552,-0.117730520136219,13
21.1141320036173,18.686727910467,16
-5.06872859636478,-12.7456550689869,11
1.97571403411776,22.8297145239355,12
-3.74040987078043,-28.1812468026189,16
20.4467948265945,-7.4716318310279,17
-15.8287400693664,-11.7426133589409,19
2.3574622573036,6.94814767529864,15
-18.7958980725904,-21.2904653400122,5
26.1875730540267,10.1635349029548,8
1.38098688960509,3.51979432444412,1
6.02768548744323,-2.65839626252312,4
16.1306734072378,21.2078524262947,16
-1.58414237776907,-7.88165155167762,10
2.68736777967352,-1.36326559566506,7
12.5790222102617,12.9604032172526,14
13.5191749656337,-27.8566398169573,7
26.4455367843936,0.306357503025152,12
-6.21732122215565,11.0866562765719,9
-4.79857575753498,9.76433271976256,9
-7.9376361065614,11.7596600278776,9
-12.6237450345704,-8.3787933921143,20
-13.0767175271503,-11.3191310785218,18
-20.7818925404676,25.2140593122447,15
-10.0900567685149,6.09373996417126,18
-19.7592291496093,-11.6671980720811,13
-8.27990472691876,4.5712506357835,15
-2.94370840553905,-4.05159720343999,20
14.7042346802242,-10.3727271560959,14
-2.18966836319827,2.52624151191389,11
-29.9609284329394,-4.99408709024046,11
-24.3053311167883,-14.4306628211548,19
-6.57362713184858,-27.5270901182018,1
-5.93593255752657,-6.86617952806681,11
1.49526701007048,-2.65290882793704,2
4.95858435707738,4.9013223498804,2
-28.8073754535578,3.92808738863475,15
-6.36929937810522,0.390129279098806,11
21.5541412764304,20.2673863157262,16
3.68768375698897,12.3309959371383,2
-3.20768469004637,-18.5365891170161,11
-16.3199421831201,16.0411950734063,4
-0.735451128148802,-1.3963634996893,2
-8.84642328793014,-9.27904863934076,11
-0.336250593881394,18.6291364175105,6
5.72137422496063,18.731395158353,6
1.18215790085839,-3.61836330855106,14
-13.8160590504529,5.75564374997819,20
5.56439218283034,-7.89821212531001,3
12.265929751421,-4.53191151036048,7
2.68818509164118,-1.39890010704874,17
-6.59917799795855,-27.5488237408886,9
-13.1577647998093,-4.4717189627405,18
12.1085135846211,7.54311962799729,8
-7.49882997864455,-8.8111132579592,11
-11.3039661528676,-2.44987431785136,18
8.76023759652219,-9.22615922156885,7
-2.27424144612081,-1.23408750921238,10
18.9481903423397,11.6161982927794,20
-14.0175650744519,2.52102151575695,15
0.263804386434184,11.0952974874497,9
-3.91078438600455,-0.279724936665523,20
-3.9322156404792,-1.25224260499399,3
-4.28806972849226,26.5137595403078,10
1.68494867598827,11.0438255482631,4
-13.1166226735122,-12.158268835403,12
-26.6820067674171,-14.1847009039537,11
-29.9190895426195,-4.83051626418311,15
24.2414701563466,3.94457783906839,12
5.73558562640672,18.9003962251764,6
1.94745874442941,19.1761139833564,6
5.69519979638792,18.7823509517855,6
5.82168832356789,18.8869872295581,6
2.64626311079104,17.7341197859818,6
3.41058276762258,17.8509425788318,6
0.874461576469311,17.8314833323803,6
-0.292502402407956,18.593716051776,6
12.0618533598246,7.68761863326142,6
-1.09648244425658,18.7184443967663,6
1.83287391057064,19.0954787463493,6
-0.287780581587894,18.6224599566339,6
3.9908579192178,17.2683386569174,6
5.08279232171683,18.6893511019341,6
4.28237606242581,-4.17594289761203,3
22.5623328538008,19.8656186142669,16
36.3951424188916,-37.8757582009578,9
2.48598037263569,-8.96544471543134,12
9.1812058600304,-13.5416640482736,7
2.73412721944013,-15.5825489294851,10
-11.7768607096002,-21.187627014746,3
2.42258314151302,23.9939416814177,16
-24.492256797537,5.11827464212244,13
32.0222540230578,9.67291513643028,12
-11.241337695957,-2.74829657828363,18
-8.49006231184115,14.9645521802805,20
22.644043013474,3.34642472754846,17
-0.00111760337721368,2.33578399574597,10
-14.1133758181204,-11.4273363704716,13
11.857888600312,8.65766113565548,8
12.0763316104226,-9.98125208264788,7
-0.411008529557722,3.89244710871302,1
-12.8050919121383,-7.5969802916505,11
-15.5720035663752,-9.14360472849679,19
-13.3282246891532,8.58865195002214,19
-14.3940825957418,11.3071802919956,19
-5.43135878414818,-2.12452244856151,1
-16.4551417472499,-9.12510606308702,19
8.26334142535549,4.13693303794396,2
2.47567274390396,0.18691500518971,11
3.27391011502046,8.01701033474803,12
-15.5057970250662,-13.998097461723,7
-15.6549439343933,-4.81149023790418,11
-22.2560590647786,8.04023643130851,19
-5.0672656605213,-5.30296205069998,20
-8.00907443594149,-19.1995960704985,11
23.2400409964659,-9.69591756685364,7
-20.9900704844953,3.20391077525352,13
-0.455391581462004,-27.0668937232077,1
-4.63701783933422,-10.1037936757817,5
-19.1642966840577,-0.411233028646553,11
-11.4920631854732,-12.0735592789925,18
4.38041631371368,-0.674866870351411,9
-2.8306626341866,3.21487347136998,18
12.9852487127131,0.880662032410448,3
-3.4417467907329,-8.89415286682284,11
16.114521983086,10.2652558904396,16
-3.83627451057262,0.201864221208125,13
-1.64666755457617,-1.95451649080696,11
-5.56472974937983,0.0888353196436855,12
-6.46229792200181,-27.4494685667888,10
-15.7428030786479,14.6793952315231,7
-3.17471250493781,-6.21887660468365,6
-25.3994906674764,-12.2875389775099,3
-17.57947293771,3.12157554494263,15
-2.94493307246322,-3.56906964756523,5
-26.9932674355435,13.4326550259431,18
19.7087542240751,-14.4385602562968,10
-25.853046053972,3.65833700813897,13
1.92776334907957,-4.19214007307531,10
-10.5593789795577,15.6327780760333,14
-14.7524040929444,6.61393739670791,19
1.41407711445628,-2.38319151761294,1
8.45015337337871,-9.14493777111595,7
-9.0210894012767,-19.2599095283546,9
24.0361913226122,-1.25778329072509,12
-7.30896420861336,23.668938220688,15
-12.1894774228475,-8.39518236125807,11
-8.48271022977488,11.2071841628888,4
-13.0678897081242,-0.662772592310132,20
-7.05473090649034,13.4620933473474,9
-6.62883841678169,-27.5779396352328,11
9.85423337564474,-14.7125930517946,17
-14.9883410496358,-21.0957846700615,7
31.6741900609175,10.0903294850154,8
-19.4337831174318,7.56789007883047,19
22.0323521861592,18.140308136066,12
4.14027851360861,1.57877404098628,14
-9.52937263492335,20.7268872496707,4
-8.96245332717673,11.780602964983,9
1.01374959903419,-1.56456843184696,7
-8.47478791905316,-30.1554181758993,15
-8.50458334142972,15.1738917978915,15
-13.4201343269134,-22.7070278099105,16
-6.98930957259762,22.2680555469328,4
5.45657951993286,-6.29828707773504,3
-14.4030425975943,3.57119736713199,10
8.07124916963958,2.29263186304785,5
-15.1002402552385,-20.5983961883732,14
6.89776214974497,5.92246207748854,13
25.7968956696152,-0.224388990830765,12
-20.3429939547885,-0.0382874818072502,11
28.5703204332238,8.46573575834945,16
-15.4116390272059,-11.2291793287574,19
11.2207699508922,-23.0287694334991,8
18.2880454708404,3.69669265517208,8
-9.55250001856556,-6.88000909307148,4
8.54383977104082,-17.5803215213681,16
25.7836026486987,-4.13804156851901,17
3.16784269031517,-24.1979054075416,16
-3.8885162208236,-9.73438376843357,5
-3.89135348323366,-9.7710463601183,5
-3.90352832065263,-9.7544022869866,5
-3.89270451424492,-9.74483561419949,5
-3.00205185413892,-14.7948884664971,10
29.5307348805803,9.6259636900689,8
-5.22021477987996,-17.832867717712,11
-2.69883006598778,-4.43685092958013,5
-6.61351970216118,-27.5515334806332,17
-9.18945191903208,-2.87799729719541,11
1.16631174843518,7.22671277030319,11
5.57976355718409,13.6273162701987,11
19.7933942947814,7.98419817165059,12
-11.8492905858953,1.39445347381219,15
-4.53867580273455,15.2248897769173,11
14.321465121178,23.350717074863,18
18.4332894579099,7.12419764249374,7
-21.1265880226773,-0.187744627343475,11
-1.06150399802672,-2.94805248857408,2
15.6121882864613,13.5220067473209,8
-9.18985637225057,-5.12721046828513,18
0.120509529806986,-3.17223262347551,5
-2.95602188152481,-3.49503350670014,5
23.9039879845869,-1.30858144553566,17
19.1792929382768,-17.8459912638585,17
14.755468399925,4.3347314233434,16
-6.49356390286054,-9.6495126331424,19
-12.9498357145814,-4.43316939207728,18
10.2664862310083,10.0864323801469,2
3.71621740455898,10.3554367100578,11
-24.8622822107133,-2.61838047995706,11
-18.880930505464,6.93575991326521,13
-9.93596488097835,6.78129600309749,18
8.92959529204921,-5.91836578876985,19
-18.9013411507743,5.12730241957004,11
-26.8894108356165,4.26642282568949,20
-5.84640013273875,-11.9715921121061,11
17.3677072834187,-1.70336021416942,8
-23.6473215114814,13.6922004043408,15
0.197380319317791,6.06160935650728,11
-0.945575758871893,-17.3357081541782,1
26.2514629690919,-0.729007125731917,12
-11.2142321435533,4.04952562710768,11
6.66936112252953,-5.86188600352035,19
-13.5352811175212,9.46870210467453,20
-6.32015924498123,8.35605128410881,4
11.5810696894191,14.6884807169517,12
-1.43441902532466,-6.7611399690299,5
-1.80122454202323,3.28889665149312,14
-5.21342513492715,1.67349793713927,2
-13.0605879106844,14.5364206136813,11
1.50242753804761,-10.4894454405968,3
6.62514358814189,-21.4853253993422,8
-2.19206631064454,-5.43305770995863,5
-0.0587549768788178,2.0634832280083,19
-12.9907429599956,2.34900843834691,4
-13.6106050856099,21.133536114391,5
-12.0489064232446,18.012920160693,4
0.877322161485257,0.170504265367271,19
-11.7696740665725,6.67884091865781,11
-14.0933350236966,-3.26604826857037,18
0.919465116907858,-5.32032184266132,5
21.5573155727648,16.5908763020289,16
-11.4929683288509,2.65053240441922,13
23.7801578279272,2.18102087809367,8
30.4331454204924,-8.61762062186641,17
27.8181843055015,2.32650198936049,12
24.0562131405155,-9.86346311760735,7
-6.22982636081649,15.0725864908181,14
-3.20406925589126,-5.8987163392973,5
-4.04131924358278,-5.2779887380235,5
9.45604296409238,1.21291564024977,14
22.5040503814656,19.0200130152824,17
18.8572955815162,-17.4850322905633,3
12.1968717394254,-2.47165032213035,11
-8.43717975731345,-30.1735983417825,17
28.3479298218842,-0.790439864157171,12
-1.49168750988201,-15.8866493662281,1
20.3021906131312,-17.2525149879292,17
12.0226821050951,3.80634629448584,7
-27.2087759488567,-4.86985216610142,18
-17.7013979208576,-10.0259055364043,15
18.8071840325523,-23.8794835063462,14
-3.27789104724485,-6.2627399571649,11
1.15994122560141,-1.58382034988814,19
1.98690816592582,-3.21069944623691,2
8.63728166674008,4.65092072938103,11
19.4321638981765,-22.3436921119073,14
-1.70031212615495,-7.55993370733372,15
-7.25700970941837,-18.3483097810886,2
0.761906337660321,3.69549549860717,1
11.8586667233538,26.5266973461887,16
4.96185074138574,8.70275579138683,7
-6.64047352745568,-4.10023927838151,11
-1.66778512468843,8.73780725607996,12
-6.1243182690155,10.864627203107,11
-0.726982727971734,-2.14672981706342,2
-10.0189520070744,-23.524379541161,2
22.6446576057411,10.3527422781061,15
-8.78750946980065,-20.9555852292715,18
21.9610260713611,18.6394867012724,16
-11.2485078287157,14.828718949179,4
30.9833930243223,10.1527389367693,8
-0.330518329628272,9.23490733045555,12
-0.646203553524088,-18.1669210105226,1
-1.66478100130978,-0.226840546355157,3
-1.7276200451892,9.61210357143907,2
-4.14234420526013,6.70391604976727,20
30.3267288648895,10.1959542585977,8
-25.5581547861854,11.4194914139692,13
17.3293685834404,-18.6684441782792,2
0.826681436630459,-25.1482245435934,16
-9.95287489876953,18.525824790812,4
9.11631281485964,15.1452295288328,5
1.2650112546305,8.73545191229207,6
7.86607630221098,7.17384439201998,14
-7.2958181415862,7.19837331242187,19
-18.7526571813993,7.81839138020039,19
-10.7103386811964,16.1615742497698,14
30.30361223103,-3.95442032675258,12
-11.9447073098611,-2.96545195760587,18
8.99957187738631,11.347637134153,11
5.43255269588548,10.8612967276487,4
5.42959701026062,-2.8499057771279,7
-8.34569997952022,2.96024203610331,3
-28.8081096326423,18.2217641661952,19
-6.33985378057368,-11.3590496052973,4
2.78221020194307,-28.6137251746395,7
-4.83539202367625,-0.0730391178133761,20
-15.2321129410067,9.32574195167181,1
30.4031066959665,-8.7231256941486,8
-2.20600348615491,-3.95169628271471,5
-11.9629605099668,11.3553645229466,18
-8.15025072517521,12.4827892386153,4
4.90633948998828,-1.38127109503194,11
-2.05729120598643,5.26413857438505,12
-12.6510696111041,9.86457677180205,19
-4.12936794401606,15.454003938908,4
-15.0384891421731,17.2870973939556,11
3.03087392473594,6.98381032762786,12
30.6970848243785,10.1802438052405,8
22.321655720966,18.3316811167931,17
8.69776183354222,11.5151611741726,10
-15.9492146790951,16.5852218041783,11
-8.47874687557345,-30.1542663118797,15
1.32150813839592,-0.965976933218125,8
30.8796845877849,8.1333568628062,8
4.77900010590268,-5.1988042295434,11
9.45700529850052,2.42331353142437,8
-12.0338416927559,9.11933714706861,20
-8.48728502644772,-30.144578696698,15
-5.21656606509564,14.5127718949304,9
9.21109936610484,15.0873343850748,1
-7.09521956175626,10.8860326509156,9
-17.1885617597654,-1.90730449235422,4
-7.46946071630906,13.3260867285842,15
30.957109804264,10.2539498935699,4
16.4092288913625,8.08911585715285,8
17.004755448791,20.5350648773443,16
-6.29535799082725,3.17967640709758,4
29.9582984831503,10.3266384364916,8
29.8526693035785,11.0895171923667,8
24.3532386902946,19.1597030829302,7
23.5388457378207,-16.5020288835357,7
-30.3254249935359,-5.52559430673447,11
-19.9545773425615,-10.3807969402095,18
2.63072737853692,-16.0988997549104,10
-8.67538365883877,1.00192861778917,11
13.0847749836782,-27.9214727741976,1
-11.3569546387742,-7.8813860718038,3
2.69396727103926,7.46500963271799,11
8.26668831346633,12.6278938347833,11
-15.4777884699158,-14.2737749137828,15
-9.40643107237923,20.1976150584577,4
-1.60560198395339,1.14644726861746,4
6.65128339719974,12.1883269462224,7
-2.09892098988289,-0.277430485292176,15
-6.60104135491216,-27.5409938609322,3
-9.35611860309115,-8.19984168279155,19
-11.6075394223168,2.40115316355318,18
8.52770434853633,18.2891604108907,13
-13.1058530120072,10.0158397715661,11
-17.5062875160416,3.22915004119599,15
8.66652376705613,-3.01885783022377,3
-13.8281911098107,9.44939631266566,4
-1.91317841131663,21.9856113557503,1
-10.498992304149,10.6190405365348,11
-7.24735928166053,14.1589405623334,20
12.902264345435,-21.111296143273,7
31.7680139649049,10.1258549156616,8
-17.7620101661838,-9.29563303445679,19
17.4527128888239,-5.15972612701704,17
-0.817950597663468,13.1213397863123,4
-18.3665850740665,6.0785425783884,11
-2.64635041224517,2.78731237343252,9
-15.349309859893,-11.0997179834164,18
-4.70140298535776,6.54576628912831,4
16.375878942141,18.0777271335171,16
-2.4452082156813,-5.20069026940311,5
-5.48490367315377,-1.38961667103767,11
-9.66835878493745,-9.49150556450886,15
17.6789157812667,-5.26674088694728,14
7.11475703192324,-0.741303868807598,19
0.280929429698673,16.1347183087203,12
-9.38177082123752,15.7989661312762,11
-9.17974160724325,12.0955085215379,6
-6.38501435196552,7.0299278716809,11
-18.283909276107,7.61961972388938,10
-18.6352331361067,6.07175690336818,4
-7.75415166096026,1.46461578273991,11
23.9381946510705,-1.2891598644608,17
18.8289634731541,-3.31528655087716,8
30.1168986892785,10.5765083602766,17
18.6865866431519,-18.0022077270018,17
0.227835867104643,1.44911848569202,9
19.6073304554547,-3.78429116336473,10
32.0522973167719,10.2747407759779,3
27.5945668550909,8.03658775819164,8
-12.620810706854,-16.9389105003743,5
10.4320228844708,13.2420474886421,15
-14.790394601038,4.51955097472399,10
30.4363577285039,10.1830366564101,7
2.74012336826264,-28.6339713909495,1
7.65555271488451,14.0127734354717,10
7.97702453143285,2.84984358268808,19
-4.09590245808936,2.83813667959573,12
0.821300225336019,12.3958765877256,9
29.8577088919867,6.42528396020565,17
4.89002407766421,-0.652524938433693,8
-12.3113650269337,10.9211338853346,13
6.4466953682138,-4.0764706961897,16
-19.2130572376547,18.0943545606799,11
-16.1233315789127,-3.09054563972534,11
-8.35575853100266,19.3089828807667,4
-8.08138255887433,20.2864059721239,4
-8.04003611214322,5.48456351750856,15
-20.7114281062453,25.0779127240273,4
-14.6505866591021,16.1100063448653,11
11.3475728062153,11.3511550214481,15
-20.2925930476485,0.686632101117928,15
-20.3110103480434,20.143449570885,19
-2.34996707667138,-21.8289016403487,11
-7.59872263844133,-16.0576160759022,4
16.2223851086223,7.5330738365401,17
31.4462160193426,-0.70187812632745,12
-3.18894207623781,-4.77642028530974,5
20.2620769093069,20.9012731659852,16
18.7487712022796,-18.1425081628584,11
13.5441895947682,17.7669437454823,16
0.417506504031348,29.8542153788163,10
-28.8342320960191,3.92541704315549,15
23.7677710045818,-9.27356406005015,7
20.8223117925784,6.33689104244984,16
-16.4370018626597,16.0151501073553,5
-2.65819992670986,-0.0460615291885248,16
1.12256848159687,12.1959118202483,19
-16.0100541308457,5.19132139436315,5
-29.3474334053961,-2.96294266982717,15
0.783526946510608,15.3479775615185,18
2.40105659337106,-4.40587411682541,20
11.7329167286176,-5.29202512999108,7
2.65944571309859,0.662682445665638,19
-5.08819012428029,-1.97673355368874,11
-8.7630965797353,-17.0002609826556,11
14.9170981195275,18.8967423870964,16
7.29128418891597,0.549769064481538,15
-2.49500428646161,-2.68397576207316,20
2.39054134363757,-1.69361996166707,2
-3.76839382955798,15.4370870734165,11
-0.712432830708653,-1.22963073230765,11
15.2976511180879,20.408442940966,16
0.0201186651981246,7.27241718739249,10
17.9580233882787,3.96924108405237,17
5.01855914366242,6.38444764881516,11
-6.77297102517427,17.793294689221,3
20.0929514887703,-45.1044260869854,20
-11.251843696326,14.7906572298536,4
6.8050593219751,-6.74524287715267,7
3.18727545365998,0.130844839667685,11
-0.569199979008662,9.94201458324129,15
15.1677235175532,-16.5526420722429,1
-2.06954904775108,1.62952687233055,13
2.91092698449734,3.32629121627931,11
-12.4492278611908,2.55493695867299,1
2.15196452211437,-14.2937676539882,10
-10.6086094899779,-6.27265352115026,18
-26.0374359460403,4.60968355627502,13
-8.56383435935622,6.22723298035808,3
-7.74048420530415,-5.65199755330141,12
21.4498345888283,-4.56157550887965,17
-6.5989680561428,-27.5005670808102,18
-8.59047163906983,25.3506350362187,3
-18.3952724136442,-1.32135419483502,12
31.6256483659594,10.0598069108936,8
-2.28029342366731,-0.481713774467583,11
-12.7653195816427,-4.12863747464068,18
-3.15787124403343,10.3534810208646,9
7.60073983341615,4.59377292093562,18
19.7673386036181,0.98374759594858,4
28.6103305689594,8.01609112604632,17
12.5579398405905,-12.4657447306466,10
30.4877599232544,9.78919289190369,17
2.03372253756071,-3.20284467746061,2
-10.9813167734633,13.720311580314,11
-3.52865881931981,-0.352982177070524,11
22.3881811126202,-0.170825990508648,17
30.6088769779892,-8.8627638674515,8
14.0921970953599,5.41305358718299,7
15.9127855898011,16.348519323275,16
-10.6975946111316,18.4743157975134,11
19.1355982932841,-17.7636446657426,15
-20.1373161095673,-2.43367457781571,9
2.48690641973009,-8.2783469971883,10
-4.22742887817167,1.40519722033858,11
2.46453113445669,6.84580715902516,17
9.05535375490617,-5.86706314181187,7
-7.46965682765908,-2.15368459210306,18
-23.820643552825,12.5388335324465,19
-11.6232553619165,22.9825585875949,18
-20.7818890099615,25.214010578959,15
-9.01917646505228,13.1352922279389,9
20.4987556604518,15.6202989147317,16
-7.24004266100743,9.36476326192396,19
-11.3272662019807,-1.099427064477,18
30.2254040566694,-20.2244341797349,2
-0.197277887211416,-10.8664924168418,3
4.45164073572054,-18.6117119693969,14
6.20771463859104,-0.429297047354157,20
30.2495790167256,-20.2311530046197,2
-30.1256456313505,-5.04868055181333,11
-16.2171589832334,-11.9091830081,19
8.79567152571539,-10.2777530857106,2
5.72639230300044,-12.2155429457985,2
2.23024279073648,-14.0718999787221,10
-19.1349529416372,1.67665167841403,15
5.69622413718676,6.88016227179248,10
-4.26616527920927,0.928871652427366,5
-15.2977361237297,14.7843225403391,13
-1.87490869046739,3.16899106841065,13
-5.00264363117554,11.2676230746635,11
18.7018000180796,9.19869367282597,13
10.272946996098,-25.4710401084299,1
-1.21838306558139,2.0038542424935,16
22.3487314157072,19.2210865174106,16
30.4895619633399,-19.896386375588,2
-13.6720029677747,-1.54764137350439,18
-6.62915251286375,16.7090756687543,11
2.75496186723318,-28.6092866361477,3
-4.63284296265763,-1.47535536727622,15
7.3462389194878,-4.82491942802358,8
30.8121149224858,-9.53238769924626,12
-29.8606088574203,-6.5501189769373,20
11.358163713411,-7.50813936407406,7
-8.25249425047464,12.7736075589864,1
-9.24175383247632,1.53329717322107,11
12.3515307504633,-3.50645921196731,18
6.25927926215351,-11.0915816346252,3
19.3112153788265,-8.56800902715288,17
11.0312590276038,21.7918348132044,12
-4.95524610355692,-4.35818151317377,20
-4.28486770510188,3.90251423910813,9
-4.25453729645366,5.35228295506903,3
-5.82406092353089,-3.42779104223124,18
-7.84784700729968,17.2335062137845,13
-26.9903780243392,13.4591108877632,10
-29.7719284754244,-5.04757803366759,11
21.986235814083,19.0422687006157,16
-10.2255215956402,-1.92079377824158,18
-10.0722231413655,-10.0028299117406,20
29.9561151288095,-20.2736888288499,7
4.66273741076652,16.901305654334,6
1.74447777231269,18.1723104907578,6
0.0315752336220324,14.9746140193325,6
3.33072557320784,15.3154252516376,6
5.7959910590136,18.8168023909359,6
1.70058507434043,8.57882576976335,6
3.97807820162001,16.0440955265352,6
3.70811969569718,15.2078757334153,6
2.57907183200305,16.7128918458093,6
6.65144013235385,19.2576783675248,6
-1.35540333976075,19.5793491329837,6
-1.37040408570958,18.6154244939677,6
2.01482623283286,11.2921859435079,6
29.5972699561945,20.4216758844378,13
-31.8291418555608,3.2668902369347,11
18.6521248642662,18.3035661842164,16
36.3951424188916,-37.8757582009578,9
2.98435296001421,-5.96572852706763,20
-22.0444410609036,2.21398133926562,9
-21.1998326248098,3.28036220493517,13
-12.4395820254662,-3.19785458516724,18
10.295833368367,-25.4559430198509,1
-19.0895294455215,13.1353455627553,15
-18.0417729263576,0.452345202293301,10
0.660777492738569,-26.906491609146,2
18.5206678676086,-4.74107691672251,17
-4.96721278167896,-22.5180182082902,10
24.4385752017602,-9.1644582807926,7
1.66951431688177,11.0512351386939,5
-7.4438370043906,-0.418561295257612,11
6.64277300233091,-14.4101571340858,10
4.5544994277858,3.73001843381251,2
-4.59964166558375,7.17328041106682,19
17.2778277553985,-10.7416334611998,8
-18.5230409558951,6.11857783063734,19
12.4673178199917,-12.6342493740784,17
18.0194767782713,-23.402346043378,1
30.4484869489942,7.98546490789927,8
-10.0988909115776,-10.8614158475846,19
-11.9209509433717,12.1431424069978,13
-6.3908621773416,-4.01351766536094,20
-23.369563065085,-7.13057434306012,15
21.7108229775778,-1.5131611331053,17
26.7465432782149,3.61765663124848,17
18.4284869651243,16.2936470629442,12
-16.1404783626019,-3.68771741357526,11
-0.95601085160652,4.29703457721693,3
3.41896662563279,20.4189059243738,15
19.0683097788916,-12.2225888713315,7
-0.763613436843125,-28.0744459286476,2
10.9065459051712,6.03335125830164,19
-0.0555838035389094,0.870886284442221,1
23.7794730919403,-10.7030803407393,7
-2.24723176106636,-3.16618575130435,11
-23.1205411357556,2.30503453939241,13
23.4551735875352,0.438374354610873,17
29.6775841708655,6.85435884220051,17
-4.25537671508643,-8.73224984150722,9
-6.70285717616809,-14.4007815181263,15
-2.8792805117578,3.20839061697372,9
1.50076817535391,7.5163445791012,19
-1.79346099494013,9.62102285647906,4
12.4319863872489,-14.8086780674544,5
10.3327932085867,-25.4831647189644,1
-10.0566933240681,19.3118306553769,4
14.414281635219,13.7194251189888,16
5.5620415849598,-7.99366372069088,10
6.59539434053542,-14.4582412219015,10
6.5112305247994,9.23388924577122,3
1.03564568727205,-3.77275606469322,5
-3.60098266301695,0.5285019607017,7
1.05012370615326,-3.38660585375513,11
18.4939651984024,-8.9670694991115,7
-1.79016625798229,-16.3751374839343,2
-21.6485539281889,4.10907481845814,13
6.15793988359088,14.2931231236289,11
6.2779494681552,-21.7578187135098,7
13.0121954567049,-4.29982004468142,7
4.3653639344485,2.36537591037702,18
-7.43564453276946,11.1730358419779,9
-2.25299736572377,16.204226683276,3
-28.6973126959541,-3.49266919902229,2
1.23554463093556,-3.48116304852415,11
4.55355820154609,1.04110301429878,14
22.39437910339,4.58303134054074,17
12.4258337953207,14.7043559508475,16
-1.04863048033998,-3.46820774864309,5
13.8270874510548,-23.9468462929917,17
-20.3293504556421,-3.90836836272957,13
-18.9672802894441,5.08451505937586,15
-8.72063314106089,-3.48588319287447,4
25.4985287105117,-8.80706327097027,17
16.7458232819707,-10.9552582343727,2
0.426623644585897,-3.47868200842053,11
-4.44922517302144,13.2482108275304,9
25.1107403408601,-1.91652119357899,8
-16.5016815413341,24.0815403106547,10
-8.8268458909576,22.1599859965685,19
-12.2943591211139,-9.9594769716704,19
26.6770144184448,1.15587369870282,17
-6.59958501322216,-4.28423167473063,20
7.63770128825607,-3.20455290623259,20
0.204639989135794,-18.0818643031849,19
24.2938219634002,4.21827524783604,17
5.95555683422715,-0.41362773520423,11
13.7472784601504,-4.9658385004142,7
2.62450153466254,-4.75114046603315,12
22.1863802225102,7.60454386713182,17
-29.9862572009298,-4.90787964509881,20
16.1496531523228,3.00732613583937,19
-6.98916418252573,8.01758044993631,7
-10.8246396914551,-19.6376181746538,20
-10.4301415369145,5.17530583690475,11
-13.6355928509222,-1.67898712070886,18
-13.7587698519101,-1.67179840660824,18
6.59957312139284,-12.5072782796358,2
25.1940093685854,-9.75222095167098,17
-1.15891382839805,-2.85299045405928,6
-1.19398766523975,-22.2542478503658,4
24.782143042897,-8.98242042220223,17
-4.19376277995451,1.83757779928846,11
-5.90504698738628,-11.9559659298574,3
-3.4371783105109,-12.0747737580374,3
-8.74170048642505,-9.20547859120261,18
6.16650501240138,-7.69121298521187,5
-5.31710579199781,2.61797751386837,11
2.70052391716388,8.66072349567172,11
-9.95963927575503,-3.69430583853281,11
5.41612264397463,8.94357020209993,11
-18.5391922825015,2.10486961673197,2
-2.4943463626125,8.00890429285626,9
5.76500954312576,-12.2109695882306,2
-10.3308225288111,-8.09736160295536,19
-0.604332134716673,8.65338223187197,12
9.64190307432722,2.53733489186149,11
4.49095707665327,-21.201232978617,16
13.8228544007598,-23.9410994497283,15
17.3468268525752,-11.0632571860803,14
-8.67076381478492,-10.5188130323248,3
-8.63083730607669,23.5634479337453,4
7.75989489568365,7.06444700098359,14
25.1373812354937,-2.05209314146202,12
31.5980651730801,10.0855639756593,8
-2.859138094259,12.2308377884409,9
-22.0662986012038,-0.940922414488316,19
24.116285639678,5.68862851317188,8
-9.57683528755615,12.4017703285519,14
-3.34205978143671,3.06266998953172,5
-7.96270151817033,-8.77023690036683,19
-21.2600307244024,10.260992171462,11
-8.49745381691733,15.2151164657964,20
4.51190602335676,3.77294815838604,2
-6.08224283537208,14.8380611067919,14
24.2881823231566,-9.18621904342614,7
0.679106824825099,1.54377976966381,3
2.83827037030712,18.0942148165694,6
-4.96961733424377,-11.4915672869253,18
-15.573407930029,18.3951642060289,13
-13.7880089480781,3.62971567247804,19
30.6170955996055,-19.9528853482775,2
-15.156267112266,-1.04496694688441,18
-9.60336900412845,0.707897606114426,15
-2.76673705770037,-12.7871241852662,3
3.41677013846179,-9.52166584575865,16
2.27429171339647,6.84845037267681,19
-14.1218097067864,21.1965597349346,4
-2.93694759023992,6.87447098747534,5
-6.030132741452,-15.8961288239991,20
10.2089145592618,-9.47574960822304,7
8.15897948235231,10.4279601994004,10
11.1873766401913,-5.42830007915242,7
3.86376484273659,-3.65718028107073,11
19.5097036163951,-11.3338789460007,7
-8.53585243978667,7.11663056541723,18
-4.81598833421389,-3.45671531917106,20
24.4211137492508,1.25948539844494,15
23.2800246624003,0.386571524785591,17
30.5486635738095,9.71286536703945,8
-29.7222206494926,0.655617316212086,10
20.1726368092565,-17.1608594516678,17
19.4077447110773,-12.8242922976091,7
5.91487321793319,-13.6208185420348,13
-21.8322356986492,10.5594639731442,13
-12.3642848882768,-0.00585909877397218,18
-9.82283133952802,-26.4718098226653,3
24.2636093795849,4.40583814892463,17
16.6848671464235,2.41043058436074,13
-5.20529257581438,1.47826940669987,19
13.8679494830625,15.2863549232214,8
28.6138548772479,8.33934352573809,8
8.47881197024039,-21.3869179750989,15
18.7842793841607,-8.79641435962269,17
2.24076962753811,-19.6400625326471,10
-26.2425105942345,12.8192444464372,13
-9.61658420742321,-22.4092770741918,19
-10.6836246673203,18.5369828469655,4
-5.72049585903462,-15.7493284083227,5
-7.22805048275023,6.64471268534264,11
-1.49703511301775,1.33334287181187,11
-7.56324638463502,-1.60858904785255,15
-8.64987614547091,1.85407984115983,10
-0.151586100518918,-1.64105980845617,15
31.8211846964324,-18.1908572918051,9
27.0376751669883,2.51284688346771,17
0.68406378845184,2.75299174003301,8
-6.94634791701625,-9.70426285504302,20
18.7394382610117,-2.26587212237161,8
-1.30637544262349,-6.97259340212716,5
21.0056445777732,-2.54014074013536,7
-11.580093160826,1.7874444659697,4
9.11814543116964,-7.26034047968589,7
-9.00026332223477,-22.0667650178113,5
19.1316421852691,-24.0507326859587,1
10.8261627897993,-14.2844382317604,3
15.8396397992343,10.0402789174592,15
-7.13044181602176,-9.29563102100362,11
6.955236568319,5.97281216166806,14
31.7027976843527,10.1169945181008,12
10.1186370962147,3.46787641020728,4
-9.24416437021317,21.1706996883051,13
-1.57675767092017,8.15511934257985,12
-3.58353885493531,-10.0850566976253,11
-7.62620684359658,-7.95689019394902,19
-4.939240544101,25.1687046384243,11
-11.1654480261066,9.01622604748483,13
-13.7280371816107,-1.71113549045808,18
13.8044409326879,-24.0301603507554,16
-14.6061761884643,-11.1097304381201,5
18.0377550051326,21.3842883378291,16
-4.22816739664741,10.3296646513235,15
7.37541294097472,-4.60522392724554,18
-6.57839700271571,19.9473691089822,4
-19.7661698953741,1.57182404242298,11
-8.31020705055602,-5.32993147966914,18
-8.8717160037996,12.3475186790691,9
1.01268152335759,3.79611301021734,1
-15.1353891381288,17.2419621947069,13
-7.72118346863143,1.13368958202595,11
-10.5813946528139,-6.65344422647404,20
-14.6750866092186,1.1814237532677,18
1.53536849774972,6.03907329571172,1
2.20384178225328,-5.988300999577,2
12.6663049644551,-5.96757215604983,7
-6.38264358141969,19.7541827565064,15
6.66341032056909,1.04599606179717,11
16.6730282540788,-11.3847913986134,14
7.97913937620193,-9.14001245756497,5
13.8248373159519,13.0917163209706,10
8.32707777706502,24.65838945877,16
-0.799484847689742,8.43244150280094,12
-11.3954175008169,21.2740611025354,19
26.1070238848378,5.96354142794853,17
22.5262521352163,1.41657544973427,17
-17.3082160027647,-1.03915099776715,9
2.21164746812825,-11.3197648584017,3
-2.85248129482297,2.17097774824131,11
19.2164833810912,-17.8855734139347,17
26.797206168847,2.40432774805078,17
17.5996577036425,-9.04543934705693,7
15.2423293641909,17.2552281428691,16
-5.13533943538058,-7.93015394372426,19
24.7220794362158,-8.94866447261611,17
-15.4795237771108,-13.9843421016949,7
-6.03219208433452,0.764252446678107,9
-12.6359910823752,-1.68586544128706,18
23.2438133288511,-5.84181038563883,2
3.54437214839205,-24.4913113023646,16
-10.9334378254566,-22.6513459158157,5
-28.9669376432686,-3.12224504014646,18
12.5514512964432,-6.46512346356228,7
-0.981475657410078,-5.95367924919028,5
3.40433603645291,4.41286611115326,14
-5.00582588773451,11.3518660978332,5
-16.7218609052449,-12.9989038047036,19
10.1322851365,1.69493374667687,20
-3.11538907404541,2.25272130573995,18
-2.12553549678438,7.21111895215393,15
5.62757403989256,-4.23746329207212,15
25.4293738917697,13.8225365274275,3
18.9255906654251,4.31672931740968,17
-14.3281162449576,-4.53349290293581,6
7.31495480505434,21.4218628277975,8
-12.0939293053396,-3.17254615702072,18
26.9713107968519,-5.51685316244017,17
-9.05602369299144,-8.11210259503916,11
0.690599119581383,8.51844130988409,4
-2.96189179054966,-11.6856573044196,19
-13.8210037626371,7.64543785991618,18
19.44517049383,-23.1097232239465,7
3.17469082447927,2.12995422052425,11
-21.1731808501823,-1.23498405466584,11
-10.1491931538437,-22.5747128704648,16
8.41026652578041,-21.5934046488006,16
-6.0936444433886,16.0220057277723,9
-6.58779405948979,-7.18542751441405,11
-9.89318731725689,-7.67675172773478,11
-16.6319271506436,10.3428562086669,18
-14.2612599192522,1.29195788849745,19
6.73477559470138,14.6851997485558,11
24.7011870583309,-9.18332808731524,13
3.96280472773463,26.3814827094142,9
28.695434897176,-1.34784287874253,8
-21.419844799852,5.8346215038547,11
24.4433042762352,-9.2402312468637,17
-0.0428750285646204,1.84592213667241,5
3.41458445415964,-0.439692493987924,10
-15.9598482227322,3.57062913380686,19
27.8825639094725,-18.9965349373162,7
-6.07812740674728,-1.16809072749125,11
-4.63077912756676,9.8075868335462,9
16.1244086476309,9.82519992867849,15
-11.5786602596349,5.19766600825022,14
13.3830558651434,10.1093624336281,7
30.0203208694241,10.2882775702344,17
-7.99196807992768,13.3559992896235,11
-11.3717564119628,-2.61896934920282,18
25.166711537887,-9.47933484213159,17
25.8035520997288,-0.0487455862660943,12
-7.74537251397223,-8.36847724015542,20
-21.9656124920969,-10.0114945157131,19
20.9715967445159,-0.279819899806793,17
-13.2834002270616,-2.27786759201742,18
-4.61427709969355,4.80131399748607,16
-12.9529494191421,14.7829810276246,11
6.03168045499249,3.64708274538052,3
-3.5765235180103,8.71731204725368,9
13.682484542914,10.20336896907,7
-16.9417986201257,-16.9805526567044,18
19.0331107587465,-24.5356371927526,1
16.9438252321821,0.223849314915575,12
24.9315203294178,0.173066698009851,10
-14.4509106724595,-6.14351051940832,4
-10.981106495948,0.597304016131125,18
-9.27305321217279,-8.73353624494754,18
-15.7264293382049,-15.1789562433313,7
13.8204954037277,-23.9694620915309,3
13.0012307393562,0.913922980965738,19
5.50818983517135,-15.9719318542928,16
17.1221746322126,9.31666064314894,8
2.36746145017162,8.55453152442073,12
-9.75911955905699,10.6657235514085,9
-8.74118635729441,-1.09136019106252,16
12.5668588249638,-12.6804223628481,2
-15.6074231728253,1.31339570297473,19
19.0516938908598,-18.1455306491694,13
26.0640560399556,5.85136243183845,17
-0.0602031428298018,4.13505852774492,11
-16.29260939077,-12.2823225905162,15
6.33932841335576,12.802688884582,3
4.91160802228574,2.86669288756695,14
28.7161970317774,-1.42587983332365,3
26.4045126495788,1.64123986762959,12
30.6950508666236,4.40707672301703,17
-5.56513717357491,31.2099895881629,16
-7.04699568684639,6.20301797817009,13
-15.7417463170946,3.25198117562425,19
-22.1390946498645,-9.92697949136559,19
-9.14673702059417,-15.7726560418662,19
-9.82424084174691,-22.3904390215631,18
6.60758587726382,-12.4650785970949,2
25.1518036850295,-9.1720768744761,8
-4.26120549717704,-3.21742717642645,20
-1.35730518550475,13.043693022159,11
0.118820252587447,-6.55894056868661,7
-13.5154623383434,10.0328695358146,5
-2.30894525722251,10.9744595075291,9
-2.88399304170989,-10.7427401959132,14
0.0032065671899406,7.16489768320208,10
-5.81905218531416,-6.82152803347494,20
-20.6495574299735,-3.97632630943513,5
-4.01372709058156,4.68468223223132,9
18.5718084483451,18.3991850941581,11
-6.91962271008387,1.68875545940461,10
9.47821207417117,15.7839263355036,15
17.1847833538081,4.85832419669757,19
-22.8892193602064,9.08090675871655,14
-4.1870086842724,1.42885891250746,11
23.3463123840429,-10.5865760642688,7
-19.0588464166087,-5.31103191383275,9
-11.0740419090964,16.1294258531837,14
-8.07467977068382,-13.1793284722987,1
24.4722503873288,-9.26940930127923,7
-3.05681151765694,9.56909219481466,12
-18.9426267070449,-21.4028299236699,20
-22.7014296185297,-8.27483741015974,20
-7.97373942086849,7.6784910130674,9
-6.06808966905119,1.50803366876907,15
-22.0326479267481,2.59726853952849,13
20.0930318627648,-45.1046626638069,20
-9.22095404331452,12.6936240363371,4
-3.0473841223596,2.09411665834269,18
8.4168481364668,-21.5859188446464,2
-18.0768967813142,10.6030256289045,19
18.8386634205117,-23.9139454008801,1
-1.01150238507062,-0.785235262759945,13
-3.79140209765508,6.42096683292941,15
23.8259572857581,1.04881799765772,17
-17.4790353446373,13.2857742792281,13
-18.0812284061627,-18.9284208830013,10
-17.2095851171303,17.7419376397387,6
-10.9878069739339,18.0054346538859,4
-2.02174692056592,7.56784890411387,18
-14.3560454921337,-6.18040642101262,11
-5.53937471685744,15.8114270285916,11
-0.968476158916666,-8.85222338632824,3
-4.09966711900441,10.1299394915116,4
-1.71393124007803,-0.124612180909761,17
-3.93544722131646,2.67869144740246,13
-4.21020957520922,-6.57607103427636,13
-12.8225162519985,0.89867794113698,1
30.5770485254984,8.13814709046842,8
-14.919591786246,2.37068663233051,19
-9.99178541688599,10.7376205601548,11
16.397385070177,4.8891100126759,12
4.25307061860063,21.7380433884115,1
25.1435830344965,-2.00524120910318,8
-16.5412379397471,5.1067055916549,19
-2.9375583104746,-1.57302914733422,1
26.9728648002743,1.43177236561073,17
27.3182756149486,-4.44869893350552,17
-5.95923636721936,12.802302040841,9
6.10312672200262,-7.35782467296442,4
6.67810587215059,-10.6498073028978,15
-6.49196874282663,13.0986519385083,7
19.4097443931329,-12.4242614860106,8
-6.16032531622353,12.3243962791604,9
-5.96320218190542,-15.7054949386343,13
-20.7818873894206,25.2140534066818,15
-10.7655117765156,12.9348018036133,13
25.7117408439993,-6.80328749343353,17
-17.3702954495616,-3.22760159913091,19
25.7125179388319,-9.73827915589082,17
-29.2745840228195,-5.17678966709121,11
0.92012188971869,-8.85742998452088,16
30.7015833651882,4.47827463227238,17
-8.08758126924785,-19.2714812338974,17
-22.6766560288929,-14.9933815306753,9
13.1101141957192,-28.0108497047315,17
3.93203051391702,-14.90116745244,10
-4.28190316943393,2.11653993275834,11
-19.8857042254543,-5.6758480539865,4
-12.1355131641548,-8.69185901479847,20
-10.7413848071464,23.0932203356519,5
21.7798323769912,9.52081024880544,12
9.86352806599971,-3.22114447153073,7
-14.0067125493391,5.64761924829211,18
-4.4828345422687,9.47768922527386,13
5.61341854181968,-4.26791696553444,10
0.680940091102545,1.99953759702684,15
-12.3664957153309,9.64200171492431,10
7.8611213963352,-8.15075480495145,2
-0.00622683708288686,-20.3947521809613,17
-8.8640031208084,6.99259235648959,15
2.22073829307467,-20.2179369381842,1
-17.4036101709913,15.256801639924,10
5.31361066394595,-7.97647038807978,19
23.6543978730208,-10.6800394873689,7
-22.7218289674013,6.61942807862222,5
4.08620985107686,10.2061863191142,3
-24.3940708388912,6.47196214886798,1
3.99299903844584,11.6754367455304,11
-4.37796037613066,6.27866475125592,11
0.520830342839126,-11.8568613693569,3
12.2473706539836,-2.68614648062105,20
22.0372163729392,19.7778824803374,16
-29.3313727503031,-5.56016033725145,11
11.7059931175941,-2.06032357694495,7
18.540645813044,-0.285373091815488,5
1.10056203764713,16.0219569597973,6
0.425353916525553,14.856146502356,6
-0.68367979658316,18.339190258194,6
6.08509972167276,19.736731695531,6
-0.807190912785702,19.9359119657122,6
-1.56768052543004,1.18753472094372,6
-0.916953277024472,19.3998257091019,6
-1.02227738168042,19.5855356992512,6
-0.271814463202442,18.6761055026473,6
0.0232030788520875,19.2341960075555,6
1.76014710081061,17.7134380746197,6
-0.645136704749997,19.7667297917171,6
-1.46088887653149,17.8415248565546,6
3.24179482650319,14.923279940168,6
2.1103035480418,-2.58551930843623,2
-17.7739224323738,-16.3085937267696,7
14.9877471813691,22.9692376850421,16
1.19071376112579,-24.6517719490801,16
22.1281888760788,14.5677793512787,3
-23.7164023736518,-7.0346990042472,2
-7.13315506810114,-2.17664796725496,11
36.3947940207713,-37.8766919673527,9
-14.0730518180505,25.7210064245002,14
3.75670361540947,7.70420315064718,12
25.1885293413849,0.688777788390037,17
7.84257019668291,-0.509221545398235,5
-1.80498932838442,-17.1448852583968,15
-5.07324218460957,-12.9215493274126,2
-15.7753440066222,3.34043528171799,19
-5.99873711534826,2.71384729310794,11
-26.6785932866292,4.16025260952295,13
-16.9387230115444,-16.1362295882055,5
-12.000638852094,-3.14639323982816,18
2.03074696618667,-18.4889852851412,1
2.22627021081474,-21.033107690604,2
-5.39369859071284,-3.92848071652494,10
-12.9023951337485,3.47965746373677,4
25.041744304612,-9.3204512336,17
6.15396151837037,4.43715240848533,19
13.145502511705,7.63858731591062,8
2.23869453736577,-20.0488459574415,10
-6.43237202291807,12.8074554321961,9
-0.259909403591171,-4.59089392930193,5
-19.0096998252963,-3.22466784199246,15
-4.94861653818636,-7.76751723599511,19
25.707819710944,-10.3177612581382,5
-17.7685909717205,-10.3078206817463,9
25.1445416755432,-9.28751769611765,14
2.322076844871,-5.4136568164293,20
19.290375574628,-8.37797015880497,14
-6.54706977121027,-0.627708340942545,11
18.570032565743,-23.434011481038,1
-12.1434233182,-11.3537981690606,14
5.57520740062815,11.5695405006136,11
10.7276225971451,-6.28146377319163,7
-12.6611891930481,5.03598209657706,11
-8.32088486935483,8.16679294945217,18
9.75825302835678,11.1750958654193,3
1.14119839424954,-8.64202305807825,20
4.63757214514141,4.79386149075295,20
-27.1775586050604,-2.02284754344562,15
12.92080582858,-21.0968606825233,7
-1.44720431921479,18.260591625806,6
24.0052166990161,-9.35777914293407,7
22.8098506152554,-10.4885017452115,7
-8.62369512936838,11.4901856257765,9
12.1112331059032,2.98665045568684,17
12.283600484226,6.49584525355661,8
-21.7117164110716,3.33398742525317,13
19.7783945953321,3.34661433866447,14
-12.9982473906981,2.92220998251084,19
1.71274477398148,2.39133918573132,11
11.4022060765675,14.8001966032807,11
-9.82708366328708,9.16566744631446,11
-7.87318821925182,11.8091929094679,9
6.5361406765116,1.47197920350751,15
28.4539865016726,0.531153829487661,17
-5.56980014197485,31.2070364288202,14
12.8399329200613,7.62025766226045,8
-0.980377172286799,-0.182020866315116,3
13.069737099786,-27.9849776544709,3
-13.0672340512161,10.2253758596689,3
-16.9074785264563,-17.1273674371255,5
3.49289279417293,0.000400637430457079,11
13.9717127788116,19.2745152160275,16
-9.91133666484193,9.19761598710446,18
-6.5983015688235,-27.5278659875734,9
-23.8344472475489,15.4959351599988,15
16.2226337489155,7.55577935094769,17
-7.35153835599034,2.71407007933368,11
-28.9197693758666,6.97322540933223,13
21.9007106827611,-0.770241906302301,17
-6.74380583558585,5.37562343566718,11
-2.45251820666411,-0.800850475135062,3
-1.67434090579779,4.6480313466335,11
3.87855533540378,-7.26705126525556,4
22.1145890127651,19.6776765082622,16
8.1071362755975,4.32885604063628,11
-0.048378116876948,-0.797439525265201,3
8.37234441085634,-21.6511093076706,16
-4.22400371069271,-17.9191541987372,1
13.1802360029744,6.97621367861617,7
-3.9127428199819,-11.0536361779475,5
-10.8331567834664,-10.3830479484085,19
-14.9381822205067,15.1873806730237,18
22.7682530126304,-4.88936222316776,8
20.7648955818902,-6.62701528969374,13
11.3934970104722,0.573480724967939,6
-24.0869299761422,-6.38213617286333,20
-6.45318861593037,-6.9791017469505,13
-24.3335473246028,-0.577215566133149,9
-1.75660099076051,-17.0102327493941,1
29.0055155379021,10.531262484547,8
11.2074553710075,-23.0065372368757,19
26.0508490136058,5.83785799383819,17
20.92187623744,2.45542461908718,17
-15.6255578692864,5.63750864298711,4
7.99653459953494,-2.3545307881765,10
-29.952951066521,-4.96222966793767,20
-15.9462370518021,-14.4105226290563,11
-7.7143791768925,17.5203079012451,4
15.0426418559054,20.8443820527553,13
-23.8389571607417,15.5010493343055,15
14.4863303380862,-15.919772299549,3
-12.415141257807,-2.07219182221568,18
-18.4085974541296,0.208533772367223,10
-27.6623345102938,-1.97737739874652,15
8.20251387107046,8.40865204457959,10
-7.48266678967379,8.55716863531135,11
2.08890353646824,-14.2919237115282,10
31.1481012102859,-19.2167611231599,2
-15.2875147564187,-13.7986700645382,7
-16.4794775760192,-9.87066430955101,19
9.5255729312176,-4.61888286701627,4
-23.6395329803208,13.6834602947154,15
-4.04676729362776,-15.6330301267569,19
-4.83341301016638,-0.823003531145991,11
-8.02063886534159,-5.60486808174938,18
-2.1466339876202,1.60055328722512,11
-13.8422929821603,22.0815372588845,19
-9.29058344925715,-5.02463932286624,11
-14.9303621206507,-16.1463094283354,19
-6.92901428858188,-6.54935924884973,11
-0.454607203305014,1.08425117627957,18
-0.226986104116081,-23.4290272482779,10
-9.70950715333776,4.32807147037711,11
-2.15025426471608,0.543209310415169,15
4.22721356358335,3.31101344879238,14
3.19376072426784,-3.01358031303746,2
-13.860483945815,9.78398037634729,10
20.8044416175925,13.7035156942537,16
-12.144606285906,9.89069046133952,11
20.7943786977533,13.6870544300838,16
15.7701450024922,-14.6440796051838,3
-3.83091698319596,-20.3294648885484,16
13.5299696791856,0.153574392259239,17
3.64907514754263,13.2488848759995,20
24.8932479305955,4.88662207943692,8
11.3888630736848,18.2224297195444,16
-2.82803215137499,-5.70185505610445,5
15.3636819570601,20.7094277533042,16
7.4953672079111,-2.67062280176103,11
13.4182738794767,10.2080481872394,7
-7.45441407801717,7.31207054136147,4
-8.05259645767194,22.7475716185133,4
-9.38885065338942,10.7378278618524,19
-21.0375721993923,-6.03100503254847,15
3.75947385415491,4.35169599637741,14
-0.0804156639733381,-6.39434950045307,10
0.0132249166566587,14.5155723742003,5
15.8770413812382,-3.01085464070299,7
5.650768264196,-4.27406318908872,15
-0.140802390374737,3.21617097558198,5
4.00701529617313,13.4766390490673,11
-20.3731132316781,-3.98633105772141,15
3.09259535775448,4.58900287210036,14
28.2700867620862,4.04329908485133,17
20.9986165330808,0.419549777925185,17
-4.71775615394344,1.96273682253415,12
6.60548296514183,-2.61242708008447,4
22.3270797716107,19.6832285832157,16
25.6303420073207,0.877724327614152,17
25.4790845026705,-7.82806669219193,18
-14.0424880954123,-22.4357553341021,14
26.0619860197747,5.88355962259935,17
-2.25173705407683,17.5003569415356,18
15.4652098179086,7.31839917717672,17
9.86013379078469,-25.263004434534,7
10.7218976027726,7.5842120570267,3
-0.207303526502567,6.48373586105741,12
-2.65650708209721,2.42058382456877,9
-11.2242438190222,10.6550187249595,9
0.728183310297652,9.86837944732171,11
17.2993637498563,6.81232849403842,8
1.99633587601545,2.06190799625704,10
19.7921452999742,-4.06225907344548,17
-15.2396980060061,10.6878331288704,14
-5.98527978072649,-0.404160059276008,11
-10.8891437206439,-10.4021527846517,19
22.6432004914249,-5.07712701702902,14
12.2325384837043,-2.62352420301585,8
2.60103380534843,-8.51887936226247,18
-23.8126499444567,15.4726405583175,15
3.87965012872676,-25.8898767636748,6
-2.2140659772789,0.507316104771561,11
-0.914294747105215,0.642360716997022,11
1.74230064730682,-10.2436749980919,9
20.122700579849,-8.52136026119062,7
3.43379065804917,2.18919878118284,4
-10.408603847021,-8.64095399240693,15
-8.76030054872915,4.08454901997835,3
-4.97832290447529,-17.17714304074,3
11.3131952208757,1.15254639269046,17
20.733024302105,1.72750710970476,17
-12.6328175517496,-22.6591291806202,13
-3.34550910334885,3.9837016412814,11
1.5119700865336,-7.14458210724232,11
7.52526247423491,1.58120982999477,13
6.43341330585763,-8.51936837267072,7
30.5107193272927,8.17009383431409,8
-6.45388228090694,-0.641569356753874,12
0.560986036469109,7.30956116349013,20
-10.3628399630825,7.28702245860833,12
-4.69929508088688,11.967407704847,9
-3.89069390481638,4.35575750130725,19
4.17047087415144,10.2606291692766,15
3.17276041261608,-21.9030155049701,7
-16.0657722998849,9.66186282924004,15
5.11711203406349,3.10894445632454,14
3.31691121850726,2.230717366472,4
-11.9632058338839,3.63172845315793,19
-1.11016233458473,8.29214992364,12
20.1217454861722,20.568814822426,16
-24.6991639499842,3.82806807977951,15
-7.10644321081479,-2.08707518060277,5
18.156333482696,-23.2064837657328,1
19.3198845995151,-9.23355518787376,17
13.5886409867069,10.2418862557532,7
0.843046459707452,-28.937204927525,5
-1.20597958475297,25.537478663257,9
30.3220662169162,-20.2146757152468,2
-4.11693874378129,5.87138559803122,13
-7.33729295615797,22.2858159285247,5
0.405217358693366,3.09185988268493,4
-15.6514285975541,-9.03473166016274,11
-6.25175667370873,-11.7265340649942,3
2.3743739833662,-18.4996215621636,7
-10.5567487457222,15.5934369456066,19
-5.0327182212133,-4.13619060383123,20
-13.7171976270812,10.0102170403606,4
13.569380962071,10.4340442986343,7
24.2525765817579,-8.28957807743695,12
12.3808728403782,1.11567809468973,8
0.980773540216576,-2.62536270310649,10
-0.945428203772081,-0.279111301221176,15
-15.6493808123209,-14.13711446883,7
-1.86347617006905,-1.54610438831821,3
-17.5220548064483,-6.61814945768172,15
-7.59283451361359,9.20858759728567,14
-7.93260265616884,-19.7513645021933,5
8.03409003788599,11.2532984193572,3
-6.64760895262241,9.18825470213857,9
-4.0748695629153,-10.0013911678392,10
26.8885143764283,2.19287759190644,12
-15.1192669076497,-13.6727106487193,19
-5.29172648384991,14.3971991683752,9
23.2778613009448,-6.59550575493723,7
-11.7278602004858,10.6714199638788,18
15.4275680441772,-11.8086366451733,12
-3.98058673920377,0.483959444995796,4
15.965020337643,10.0342394976355,10
-6.62986772759189,4.00100649640353,10
20.1548277637365,1.46770689136184,17
-14.321344871433,-11.4007301229656,4
12.996225106711,-9.37833003632445,7
8.39372612878723,-13.1239460659875,2
-3.65668120915665,3.73196967783627,8
15.5165194382388,-8.9051249456172,7
-15.0896293435824,-20.5098393718209,5
13.6760939918904,10.2606929026724,7
-2.31170876468619,-14.2362153695315,16
17.1872178393772,-5.94683935251977,7
-7.85674546061108,-2.83062156375115,11
23.8632928330917,-7.63444391329489,17
-8.18776986422731,11.8873235242081,9
-12.5307121635222,23.1944981383935,4
5.96008784429403,-0.518000939730405,10
18.6986187466039,-11.3790563841515,12
-27.6941284201717,-4.47901972568855,15
-19.3409720522513,-9.20338203236079,19
10.8895428463341,-14.3393092018728,2
-23.8161058026532,15.4791470236958,15
-27.1933854000938,-1.88358703343469,15
4.15564155622728,6.80300896833491,7
4.15162974457587,6.7192586434582,7
-6.92425645014665,-13.6957064385633,7
-12.2946324274109,1.23711110813611,18
-4.26341392469249,0.486583409312491,15
-20.0872829858072,4.33997399187168,20
9.330562159322,-16.330069888195,3
30.5320019545997,-9.09090008704685,7
-4.36926331311047,7.58681468497822,11
-20.7543946329654,-8.29716774868876,19
0.165347791081414,2.67233571577654,10
7.57453117345627,6.42720012596311,10
-0.833067202602727,-4.90801198031405,10
-12.8590792809264,-7.1053334748716,5
-2.99456754222227,-7.42789400189131,5
0.896312031671338,0.0683491931359836,18
-2.47053589502021,4.29575135423939,18
-2.44958520303873,5.42173720001589,13
-5.69812379294499,22.5726611350687,5
11.1136161222482,1.16227316755637,14
3.53436926978047,-9.50243550632811,5
-7.84784818506231,-19.5916776478165,9
-4.73731485754405,3.22680862816032,4
-12.3694724444368,8.18479664771258,6
-24.5990614186663,9.58504845741445,11
-1.27952983722888,16.8939805390159,6
-4.93865555842851,8.91462736188403,11
-4.03875160117274,10.7523397118187,11
2.35233890018682,9.38062891823312,1
-16.9097425258496,-17.1246465685236,3
9.30377602921869,3.27815635138219,12
4.46304806024204,-7.6067373765572,13
0.763107470560174,-24.7845366767576,20
-2.32443726084887,8.86111173880111,9
14.7839521031311,-12.6384797522302,7
-16.8191952195394,8.44580709266324,4
-4.72187497345233,0.368096096843256,11
-5.65260163880117,17.8124923679488,4
-7.89630748428222,-17.5754641248546,15
-4.02345304172716,-2.23515848258483,10
-0.859330328695423,-5.80227818263336,10
-8.46404328374241,2.73871057469177,11
-12.5738744222361,20.2128493215038,4
-2.9508329610341,10.3344288442621,6
4.70810110610936,-0.0212650912537166,16
24.3178313334898,8.03723161017155,8
4.51339733914705,2.35335080147372,18
16.293673725206,-13.9443220898517,17
6.47353773392717,11.639239404693,15
-13.1844144055136,4.22985713007703,13
-23.1885624635419,-10.8733221104011,4
2.62505966876986,-6.22768595452678,2
-16.526770267822,-12.6049234991295,5
-4.63708446183067,0.299492727155409,16
18.8864793860978,7.24729155448882,16
9.68711349291597,3.43710236313214,14
-12.6306956963641,-5.65557606632967,19
30.7672424931106,7.38025383725582,17
-12.666917417056,-1.07246302427172,18
7.81302165742512,-6.02325463238498,3
16.1598853445638,-1.60287004726978,17
-1.7342430494915,-9.37928922276402,3
21.9252797626561,2.86339381042543,17
6.17310905967417,-0.232956487467459,12
22.9814244896533,-4.89315162260061,8
-22.4758023356319,0.638236489967901,18
12.5286868064542,10.2695380578462,10
-15.2839500205406,10.8021967222139,5
19.3048043335334,-11.4287930218199,14
-13.6354450686401,-0.226342823913766,18
-18.1572089288576,13.2609740815222,11
6.85999999569467,12.1396738174887,7
-5.17279433242948,-8.06708172154751,18
-12.5453337177069,23.2386845039141,4
-0.637431145391376,1.16759945692077,2
9.88172502060205,-11.8154633328281,1
15.4586122427976,9.86371143381048,18
-4.94698968327535,3.18927607135041,4
19.0626190790507,-25.5792686566258,1
15.5766397783965,1.07886433364748,14
-7.72846098022566,5.96318077707792,11
23.9206353839694,-4.90571696388836,17
18.6663590455895,-2.18953584867168,8
0.829757859492258,-3.63086687871953,2
-2.90508059342744,3.77358707570026,11
-14.585457532787,-5.04605549719077,19
-16.0968003415796,-0.560513062349209,20
-10.0359223365245,-9.93919418095347,15
-10.7405256582486,23.1427893177167,4
7.81166239677907,-28.0092651360174,20
-13.9496351985887,-6.00225572460014,8
22.0980510741101,-3.92664036716522,7
-9.2476765935306,-11.5065837067221,19
21.9735788278007,-4.78758340544601,17
17.1708967588619,9.45168603363127,8
-6.65529553332634,19.7385413905906,7
-13.2494416438209,8.43407715498809,17
-0.134563244500173,-6.37105114102218,13
-3.24123174742626,-0.324849387489514,19
13.7440869817913,10.2286443732845,16
-5.56466599878455,31.2106091675862,16
-16.5795962074432,6.52767310819357,19
-30.1831681948466,-4.8189005857695,11
-15.2467346525577,-13.7500451616307,7
18.6766576269819,-14.4559731711144,20
3.9486165540231,-25.6787087439542,16
-7.91057006166817,-19.5253276297817,16
-9.12751555051687,16.9608810302506,3
-7.59714507406462,21.6415978506056,4
-8.77917676117032,4.88477738348965,15
-11.4597052281763,-3.96563799100247,11
-4.15132281077326,-5.80639918028005,5
12.0989721302949,-8.28974118787963,7
21.3136022972164,-3.4854399189107,17
-2.36152137086882,8.90026240461762,15
1.84263052863662,-2.66035455877385,11
11.2276839682256,9.23871912278695,5
2.909725358905,4.35869228077221,14
0.193355549461459,-3.28549860727646,8
-0.567930686498863,6.04919731971873,12
2.63337036265243,10.621280311608,16
-0.840875894631046,-28.0356461414683,7
-9.57205268612851,4.13060820929936,10
-23.1752980242626,-10.890278606045,20
30.3864307362995,-20.1789879512201,2
4.67511573730493,-1.08511512976107,9
-10.6288958518405,-11.2912346462905,19
-11.0617351642057,21.1298557594391,4
6.0338390089343,-0.480923603059775,7
24.1715525307944,-7.6858714972129,17
-5.39067770348549,1.41437476822025,4
5.57025504595241,16.2307705519529,11
-20.8467714991685,-2.91633062621402,19
13.3993391090283,-24.1953851838106,1
18.5176831481165,-14.1692317730572,2
-14.689687687116,4.57212172839044,11
-10.2263710068353,16.7261420487296,14
-15.3359450985747,10.718470284243,19
20.8283524922069,-9.95133542606777,7
-25.8265820530467,3.32040899439106,13
20.092965167917,-45.1038237761153,20
-12.1399619028907,16.0292475839858,18
11.3424322426937,1.86882134650018,3
6.79772120167035,13.3989687941539,4
3.25102979528285,5.91611078347279,4
-0.81318664432331,-0.609913056726915,1
-7.53102185082029,20.4871703245978,4
9.44454535195984,-12.3645808354637,2
20.0827759015818,-6.26086332440908,7
6.67606494246823,-10.6329351164757,5
24.7771886348732,-8.13655265578914,8
-27.7272156663046,6.37412102439972,14
-25.0201675283572,6.72707500144108,11
13.591130752091,10.1647594085307,2
13.8476556307427,10.141051567615,2
10.785124608638,-5.38237266271745,7
20.8714160860816,2.26313960141953,15
3.20946076110316,-17.0221333385686,10
-9.56125117701296,10.4153965688059,9
-1.98660739170847,-0.0852260767478203,11
3.73787303773443,13.3098964841114,12
6.774580051055,-17.612988915643,3
-9.50425004019036,-1.36217500889612,18
-12.5000000565434,23.1962744069606,12
-5.49550405641455,17.915910055755,4
11.1756686983029,-7.3814501368348,7
-8.32252765570959,1.11038459868096,9
18.6888777046959,-8.68519156001638,2
24.8845591681634,-2.16370819698367,8
-7.21785006696825,8.35265581798691,14
-7.98180670012184,12.3505525543945,4
3.78772023791679,-7.16270754344114,9
25.3033347156744,4.21489478200778,17
13.2042014559665,10.4023558586941,16
11.3763451280914,2.01544903545717,8
6.75868960009657,-21.3824167759431,8
-5.03793543366389,-3.25931381884054,11
29.0937924880261,10.6026015350084,8
4.12534825328566,6.70182987552977,7
0.583332991120146,4.88154649873113,2
-4.68586126921531,-16.7705469608968,3
-0.620067381522116,-0.392739683350027,1
7.93407570369287,19.1341686669549,17
5.13227436830465,-15.4651228369712,15
16.3972388322045,-5.26205211871112,7
-11.6930908795688,4.49117750454435,13
4.18674706377218,6.76325772490341,18
17.3730474470918,15.7987119710634,16
-30.0475987328917,-4.88094598850718,11
11.135845748524,-11.657486816454,7
-9.82485641962811,16.6967461228979,14
18.9778394931062,-14.37248507308,2
-2.05502510856244,-14.0325424396705,1
-2.65601080130232,-12.7642542289536,3
-4.87539016058543,3.42114382728202,4
0.895887576405154,0.176986882204968,11
2.50054957677032,20.3594062716995,6
-6.10673701056552,0.816216078264639,9
13.4598191369428,-11.1568385400968,1
-18.9830089815683,5.06750070797853,19
7.26366578707727,17.2463567402127,11
-15.5085778357924,-7.18603324153376,19
-7.71563609062043,-19.6369158833755,7
-8.07240024097488,8.87359575197311,9
7.06031598736005,20.631505775648,7
5.91341995034254,-12.1625602778971,2
-14.5210649190539,-11.1801199721098,13
-28.6477002070615,-3.74655344793078,11
3.98635615138656,-9.88701306565468,16
13.6665410087964,10.2251282537374,7
4.00235208773592,-1.74871050375693,14
10.6691356945883,1.67669004747086,15
-2.10571894731925,-14.1498363165463,10
-8.75461880163294,3.42149418466126,10
19.4510639416482,-9.25329153736221,7
-22.6467436481555,12.228894074888,11
2.19936026349869,21.3251828844379,14
-0.823222712764808,26.6332903522306,20
21.8229849359683,18.3263588872956,16
1.18398754729652,-24.7075020699408,7
19.6254485473258,-9.91477534438266,7
11.2555293352745,6.830741614149,8
17.5243152192178,-4.8672305476926,8
-26.7359354632498,-7.74821307013095,11
-4.43562411999336,0.668733562848053,18
2.93588443524876,-4.61388233989776,11
-9.2000122515914,-11.603413941743,11
-9.16124636481091,-11.5760012359994,1
-5.78267872918047,5.75980669351633,11
-1.11418176887715,18.9610282776993,6
2.55433650549179,15.5045304534192,6
-0.801058432339007,19.7431437879598,6
12.5651381399982,4.98045150276466,7
1.80835913714694,14.9655746849434,6
3.93805934874164,15.9833571133367,7
2.00418934838399,2.25065586846985,6
2.61544219995807,16.657035704871,6
2.0212565786344,17.861671414034,6
0.73465778193223,8.69055215504463,6
0.529946131569811,11.4204003560688,6
1.76533629249598,19.0722525397297,6
1.48771665941214,2.13750129473612,6
-6.94672296477107,21.657915575634,4
-17.0884986254032,-2.28916326161929,19
1.10126080625873,-24.6781712896642,16
36.3945274644063,-37.8756461227016,9
0.438703670401959,-0.768828505789823,18
8.0589368993078,-9.57012912432707,16
3.9478095072256,-9.90394636599876,2
-2.94760687427016,-3.91299316958326,5
-5.29060415988333,-0.144850904747089,11
22.1229248847649,3.86471596199441,17
-21.2967330368039,3.87746499713644,13
-2.96773852797464,8.93299725169603,10
3.23975601363974,-14.793141219642,10
22.8279236295468,-2.4485255178626,17
-16.6230988293508,8.38034516513747,15
4.06175827328993,-25.9699722355902,16
-4.54456847087281,11.3755483100036,11
22.6095045347632,-2.33765672138421,17
-12.5581130027949,15.4010138726218,4
-15.891146647297,7.85374153703457,20
-11.4815169753662,-11.899924096618,13
-6.95112839535868,-1.84492346549715,11
-11.4583126559142,-1.85822401543875,18
5.74364454316067,17.4056730186603,10
5.19375996935744,-9.15804640548891,18
-17.7292736057482,-11.3162444976161,11
18.5082672439219,3.44223482354661,15
24.4270517007649,-0.112483569961644,17
4.1067669851778,6.68158140012229,3
4.06607344645291,6.75527143414938,11
-9.84154763518343,-13.7960146838971,19
6.06667189983222,11.909998998707,11
8.23170663808862,-13.4425516185248,2
-11.1073784430113,12.3313100846306,10
7.555592127852,-16.0464935699705,10
-6.00008877854355,-13.2120722892162,5
16.0360480394439,10.0724942462362,10
-11.8095797510479,-0.219213607726969,18
-2.10726216464581,-13.9639310545029,11
-3.37963609331495,-9.47631954684941,16
18.9143376673742,-2.56755492114674,10
-2.43485822418593,-3.38646472773961,5
12.0664019558926,7.80218939198593,16
13.9126772929086,11.3996337482583,16
11.1313410251146,4.05707886970528,14
28.7460723107403,4.46332696639317,12
-9.86466387483309,2.5469382904459,11
-8.29828014704597,-12.4861625810739,7
2.46638802070152,0.146631055634188,2
15.4606092561892,-12.8310558510966,14
-9.9150039908964,24.3120445172701,5
-0.774960062103797,26.4722096332226,16
-17.8778797682217,-1.04433534334561,12
9.50888398209639,-0.629302292564691,2
-15.7941336978025,-11.864398274591,9
15.4462728967494,-12.8279497983159,14
-23.1639882055562,4.27002574655544,13
-5.32411460146186,-4.56158514119678,20
-15.3622688488511,10.7208586797847,11
-10.8575698998713,-3.37631412033162,11
-2.17455453304067,-5.67641603028941,5
-2.92721447570515,-5.12119391835651,5
2.92009147225999,-4.97404214168487,12
15.0881726247108,-0.625165351682824,17
-3.60806727233994,-4.57204485883491,18
25.6968158439967,5.1455828937013,17
-15.3207968215601,10.7074027661302,15
31.1080524024616,1.06453154556874,12
-28.3691249281523,1.04370179982597,11
-16.0710746230985,15.7919302427921,11
-10.4533164043016,-5.0099536395482,11
-1.12989552983271,-2.22535706259872,6
16.2745979882243,-4.8723022517049,8
1.17888697489352,-24.6025052288351,16
8.37802856568841,-0.243567371544747,2
-2.39523897376275,1.77371353881322,1
-8.86591050278164,-18.1903123527529,16
6.8041481254898,10.8813822127846,14
3.88814587275854,-9.82071917727371,1
-17.8185462731604,-0.745745424328637,13
-8.58236879763957,12.6439697586552,18
21.2250415931881,5.98712987687371,15
15.1958029225719,7.3690938982809,8
29.0883413553116,6.09883559614961,17
-24.5195718556537,6.43038618033584,19
20.5612868274176,5.46262746480642,17
4.38755344843293,-24.3719151277301,2
-7.97425907884507,4.21914271363209,15
12.0084856923697,-11.2384029097421,2
-16.2609102642949,4.09931027411219,20
-24.3575002426934,1.04817228422588,20
-22.387308667432,-2.49856817295882,10
-16.5956232152414,-9.61845613121115,8
12.2572150424197,11.5178914442778,15
7.74041470500323,0.633861162433329,3
19.5058169596888,2.3241310315333,17
-11.6898888654557,-17.1510065099382,5
26.9544552541877,3.61147242283544,12
-29.4616677063246,-5.43573698248762,12
-15.3459776786365,-13.8972554013861,7
12.0671442162896,-7.89227582624268,7
-9.58029615433083,-10.5324041155562,5
-7.81443696648185,18.4032698895795,19
7.16031106551493,21.2119087431766,11
1.25246215455852,-6.06718685528479,10
0.435662301250549,-26.2922868472282,16
13.1615947543336,-6.24595156036947,7
23.1101225556413,6.56956002627526,11
1.00103049456034,3.73214972822442,1
-20.3190538239184,-4.54226142344824,4
7.46466838843719,10.0365409854921,3
-12.3581440061352,-3.28770736699562,18
-2.00230049577532,-11.7710734143093,3
-4.35724848985861,11.8989523026634,9
22.8375675470488,19.4499753484593,16
-8.12502449681646,-4.49957539193024,20
3.54238102787865,-24.6214799947763,2
0.638522178632874,-1.34863959492154,16
-9.43112909953743,7.87295914407271,13
-14.7834297005608,-4.05699067053387,10
28.4701362338617,0.803783352854317,17
-15.490160902273,17.1308982132637,10
16.9360708162539,4.32209190923647,17
-12.5205366595304,-2.00210062105576,18
5.79875715238943,-0.51453967588341,3
-4.49552746530884,1.22709764098529,11
-20.6141936376007,11.1254731305458,19
-5.11624997779417,8.35162724182445,20
25.1973106977369,-3.64662864086929,12
11.159690495604,-7.4540894028837,7
-6.49668181611527,-5.6559724774473,10
4.19789516676639,-4.61168192969658,4
-12.9343478716339,-11.9009927423498,19
13.5190175477612,5.09627612192881,7
13.5958172962119,10.3759240616021,7
-0.169516743195186,-28.8389318636887,6
-3.22730516909829,3.09247647277346,6
-13.7611474430933,-1.66929063993956,18
22.6278714729075,-5.03506195306533,8
3.66482599873141,-10.2334806937969,2
-22.0023993407478,-3.10744074850555,4
27.8267805553881,-18.9345113382526,7
-14.4746140288913,9.70298712780755,19
-2.149370451699,5.14606695120261,10
8.25446479862032,-3.967180421535,7
22.0648329072306,1.44146310384404,17
-15.5747380226352,-7.02783267146352,5
19.076315916347,9.6309792564523,7
-16.7641351944601,-5.20696216132103,11
10.5929894400592,9.5574098592816,7
23.6030490792416,-1.41162422977646,10
-0.450698374081566,-0.147449389700714,11
19.2421874471107,-17.8690711049801,17
-7.89966041646833,-17.7828725072896,2
-13.8012313960399,-12.7639107163253,19
4.50558492601207,-21.1970137326903,5
-19.9120872311832,-2.62680477581856,9
-15.8597242185123,10.6543402502762,10
-11.7547601644488,3.62212088366791,6
-14.5970782668754,2.97094632345577,19
-3.67868131079496,9.2992632474253,4
14.017389254901,-5.12591567642513,7
12.5536321100285,-5.63048807683403,7
13.488012810125,-11.0742560735429,1
-14.2815245690503,-2.34997059013194,18
1.01812854404907,12.3290591960165,7
1.99728287487289,-0.427050983459449,19
0.0802130980610058,-6.58552098348288,1
3.94001380281356,-9.95511657581659,16
8.2868324989231,-12.3552012222681,2
-3.74232163907323,-12.0322135629506,12
-8.16533938754227,28.1604102046929,15
20.8556543669933,-8.61293183442586,14
21.5880162292375,-5.36341384826687,17
19.0332249952834,-12.4770785169594,7
-5.73310129604085,-5.16175163984018,20
25.2162470036895,-1.9366348380934,17
-12.9842963118493,-6.74215503440114,11
26.2178775071331,-0.907490172994275,17
29.7351248380474,10.9612771341534,8
18.3644172928477,-23.3151691984358,1
24.3043428302463,-10.374533439199,7
18.9324599045482,16.2504537241125,16
12.5048648308311,-12.468026781203,19
1.97535899319956,-24.6505728340577,10
-25.9979642597549,-10.0769011550332,5
-10.9470821388516,0.103581823811141,18
-5.70411769263541,6.48891042940596,10
-4.05550415049234,-4.66253827770975,5
-12.1144832119096,2.13986989173133,4
29.2362646244964,6.40974016643207,17
-11.6325758941002,4.77172217796946,11
7.54395316220504,6.53753733802512,14
17.4869063747283,5.39482459055706,12
24.2018726358034,0.410605325643215,8
-6.70352759220568,1.00240568894534,18
-3.32348998326734,13.5536028910787,11
-1.64162636939777,8.7875166005575,10
-11.5700394492475,-0.971187915934746,15
6.05094509326237,-3.66795415319937,3
26.5507000088509,0.185633296211223,12
-6.56895952928573,-8.51597829300566,19
-0.0768759663217319,-0.598145255722932,8
15.0544219175347,18.9170035203836,16
-10.9069533860053,16.6500564879452,5
8.45154433775718,-21.5437405069839,2
-10.9455825609283,-8.81401879891586,15
-1.15618798770909,11.9196556766253,9
-1.78013595919787,6.96504382810961,12
32.0599054917771,8.80715199522462,8
6.02940616024001,-7.12917659443234,2
23.8824467123748,-2.72641510327549,8
-22.1328691543309,-9.92566103608568,15
-24.5468709321729,4.17305218337365,13
6.97766903734173,26.3679706848576,13
-2.27568732720734,11.1521114222072,11
5.39466094917966,-6.69210744497122,5
22.8671732151216,11.9573221898171,10
5.81534925872867,-1.88062081344313,18
-11.1375484390002,-2.89411923711526,18
15.0188270156028,-15.101857328971,7
4.90331619808984,1.98612469316852,2
28.2207174420406,-0.857880290365341,12
-1.03308098998556,-15.7185911558234,1
-0.113210131874253,-28.9490390803877,3
-3.95818495932561,-17.7334435953947,3
1.86762950936884,-9.18252649745196,1
24.9135874137451,-2.17470316318739,17
-12.7445652960047,3.48504306422384,13
-0.153390782389333,1.20010733878725,18
-15.7010569931465,10.6536729950626,5
-4.96799887933219,-4.66138598164322,20
-13.1487078495898,0.368069063815977,18
15.7816279014954,-4.7123416188979,2
-17.6958859784286,1.49571802502338,15
-13.5855227333121,17.158583216278,11
30.7018237443551,-8.9997639705318,8
-17.0998808003174,16.1158206546774,11
3.97866610870911,-25.9782323073036,13
3.78191619396169,-9.73100681524475,17
10.5048127688551,0.993695627914746,13
-11.7636713323982,-18.460967974437,5
2.7717897507071,11.4913385517013,13
24.1880858886384,-2.24520780537594,17
-14.8912824119474,5.55657738957932,19
-8.34991811095945,8.20882428503712,18
-8.00366972126475,1.27762064820952,9
-16.0781542222759,10.6414513389747,15
14.0030095135111,10.1753588794882,16
-4.70115794472524,-4.09633935971815,5
12.847445762467,-17.685143447303,19
26.3371589484678,-1.00678868969569,17
10.1377508751596,16.9358868516136,18
-3.72207062846526,-4.97611254494825,19
2.09446896581903,-3.41612449593862,14
-8.83711831657992,8.92859630229405,9
19.1339139193099,-12.5369860467759,7
21.7844558304543,-2.89382513760334,10
0.681465463059321,1.49440684769756,17
18.2733464135508,-5.84919601143455,7
-7.05901497254808,6.11836529717004,9
-0.619751302154065,-24.9023285890362,2
15.2347937804597,-8.99542696239238,3
-7.59189296945099,-11.8418757534064,1
-10.2771005099542,-16.3577474233936,9
-17.4070491132694,4.29488361641516,19
-13.8350210528318,-4.22703003096601,18
-20.9405358003102,-3.38398211500022,4
-5.65841820139618,5.18485619955691,11
-14.3748697473929,12.0720909549571,19
-7.53552184455417,-2.09050923275448,18
-3.32265305736121,13.5984585928053,19
-7.98337608399126,4.22214558600287,6
-19.9390186897026,-0.961338535024694,11
-17.6344707349475,14.0777297185796,10
-11.6477164073725,-4.16800101794094,18
-10.3348368056853,-1.91429049465043,18
5.74789266673349,11.3396397051795,11
2.12235220091248,-2.78129391340195,20
0.493930063037579,-8.76658590998655,20
-0.396901531339826,-1.47054469766845,11
2.36259140460381,-9.20573444434182,7
10.1144711346669,-6.84431618360071,7
-3.08247367663978,7.74924147240014,9
4.37292115003447,-24.1971503116215,16
-14.066668073476,11.2162250144261,11
-11.3570526181226,24.1679865964567,4
-13.1860442276083,-10.4461309936519,7
-9.25605468726303,-15.5798603353261,3
25.2751152670403,-9.05677613423435,14
-20.1455911349153,0.855055980653344,11
-4.93384375453242,-3.32875956611016,19
-21.7761824711274,2.93387179390134,4
-9.50706632905608,2.23598257797844,13
-5.56731337094525,16.9456921376668,17
-1.62882668627108,-9.15386249627068,10
25.9189068944745,-10.8164250249838,2
-6.5672216516705,19.9130056997355,4
-21.6457239818381,9.23721242402942,11
-7.60807201064401,1.99704892956768,10
3.97702242918531,-25.9096741900664,2
-5.07369764541476,11.4917574145323,9
2.17688881756815,-13.5366405543569,12
-1.14082468673418,23.0841164808249,11
3.95820396310141,-26.0235033558799,9
11.3248525709917,19.9847282482964,16
-11.1631496822479,8.59742991748821,10
-13.9984827264989,2.14010000818467,18
-10.8242685722426,-2.99694420971358,18
9.13697893350575,-12.4464268851298,19
-15.5219846619197,4.58419100085635,4
28.7088988042555,-1.11592050163609,17
22.6262339167743,-4.94483021238403,14
28.478200698031,16.4991248845837,8
-10.0046403308892,3.1365317518587,11
-12.8012261766797,-2.88310887797219,18
19.039080468412,-25.4786479799985,1
-9.27345996552149,14.6808001395232,11
-9.71774936183348,1.64543355803599,13
20.0929410949149,-45.1044574181208,20
20.5685694221285,6.31613312527056,17
-0.000666141561969408,-29.022033946344,6
-9.99671053286264,-26.4607970369997,11
-2.92064203418353,-4.15553059901095,5
0.65768293137245,-1.83467236005481,5
14.2430455619253,14.6406117241821,16
6.58333778996456,2.43426531907773,8
-3.56338470930344,6.74119607101006,11
-15.6020701398873,13.5739266503752,13
-7.47579207211248,20.2831220205008,5
5.09113963258627,-0.177926447114874,14
-20.6306281824672,-16.1596627071464,15
17.3015902074731,-14.493027961328,8
7.72715855063313,3.88155391243666,5
28.8561382130343,-1.15673100428888,3
-18.7620754687158,-11.5821648568632,14
25.9745438514331,-8.48773949439314,17
-9.48285258604765,-13.0490048293058,4
-15.2252071361156,10.7086533505598,14
-2.44620873631984,-11.3591409782057,3
6.0556742483207,-4.61520445846821,3
-20.4003460632032,0.334272243915427,9
6.6840677108413,2.45388753345416,1
-6.14940218712878,-7.52212618184347,11
5.86219066573021,-1.39191256492244,13
20.6018859001399,-8.4852789239821,7
7.83603999951918,-3.48293662027071,10
-30.1461255135434,-4.78914215191041,15
28.9228746129733,10.5736291124677,17
-14.0518788297351,17.9438248397853,19
-19.7815667446717,-8.23622244510783,19
-1.79153465008329,-1.67480614660437,11
-12.6063310209632,6.17858039579928,9
-2.70023508485538,6.6698073008645,13
-2.87530309488759,-1.78309961836164,1
-14.5416908947333,11.4346360277516,19
-2.9261209994043,-6.85537088242134,11
3.13753407736982,1.66501640442089,10
27.1253702023648,2.44302368446732,12
-15.1572368524989,-20.5011672985462,18
-9.56546380451875,-1.42438137801532,18
-23.8963042235605,9.04489045988592,13
11.1849651204288,15.5426440922108,16
-4.2202591321001,-14.6626441230892,11
-4.85375491236183,11.0002364929102,14
24.1221306769115,1.30711732613595,17
25.2844096474796,-7.03880212723013,17
-0.585955209699752,15.7973376123511,3
-22.5761936490943,-12.9588247561272,17
-8.05956650825631,9.5425967665905,20
24.2008031817524,8.0852897834867,16
8.07421408133789,3.27946199068418,11
3.98321603221905,-26.0585021033762,18
3.75194528722712,8.00927687658603,11
-5.1630597140215,-6.86860013740089,10
-16.3855125035065,-15.1476848307882,19
-4.80699113903033,-15.594478111569,20
-22.0103685874379,-0.959639393957048,19
0.252339643926275,-28.8606592284084,6
-4.11154857826846,9.1134934097378,20
-3.80376673501316,6.77334222071759,11
10.4099510649679,-6.76125263727269,7
-12.5478194020866,-17.140480428811,5
18.7036790362519,-23.9012426790593,1
-4.1715151890353,-14.5450399904356,15
11.4450738569166,9.04504485932042,8
-2.55367181165157,-4.87764336009823,5
-0.233671042461314,-8.69985257365116,11
19.6737103864455,-3.80455955737668,8
-25.3424038300865,3.64819387825616,13
1.37362237195566,-22.8895509352049,3
14.4099118324728,-20.9219143209921,15
-4.86601436510906,-14.5776289419501,10
28.4773889045027,16.4715523475937,17
13.5529517170654,0.155131984432528,16
24.8363800049345,-8.07398195297164,12
29.4022139086958,10.6166439332659,8
19.7106645566153,-9.94358305999133,7
13.5031486355942,10.1947079232556,7
17.268679785825,-14.5618136900479,17
-8.45268548820826,0.802738167936695,11
4.37104361697981,-4.43233230859168,3
0.546110178077874,-20.895466727242,1
28.5959901683281,-0.999551197948917,17
-28.5855865876606,6.25061989464814,13
-16.0909538479577,11.7857532216768,13
-12.8097427693619,-6.90573395616264,20
-12.5946011285308,-5.62244214895823,3
7.98990299301645,-6.07939724730026,17
3.99280881921075,-25.8584296829926,2
-3.80995281647276,-8.16449200969831,7
7.05367051157708,1.06243385004631,11
11.9259789740419,0.866229231288523,8
3.95229076901677,-26.0772909319331,6
-15.4871988083939,10.75498887188,15
-10.0333992776477,12.6072985597546,9
2.58378757272145,-14.5572061803961,10
-10.7477309483442,-14.4398919958948,7
14.0528048913915,6.52716716477486,8
29.1584608224589,10.670357437757,17
0.0229736065043101,-28.9251536324288,2
-4.22493082483262,11.1238379089717,9
12.3557119533341,-14.8306678721322,1
-6.21550084288328,15.261973244044,14
-15.384370600953,10.6942916143484,20
-7.20790868333776,7.63298151509607,9
0.266721294231257,-28.9766862286492,6
4.6724485364804,-12.3928886589681,3
-13.6070284455419,-21.4007548644501,5
-7.77270336333743,-11.750057861909,17
0.617342454999346,-5.82309399958366,14
-18.4068697333166,-3.06820754663126,19
-11.2592002235618,10.4681692656441,9
5.68984519057882,17.3698875009077,12
18.649552201286,-2.17567245406988,8
-29.3011914574826,-4.22198355343986,20
25.1788816603955,-3.66374213829248,10
28.2026790708666,-4.74971718822285,17
-12.6740095318783,-21.7739026819593,3
23.7295523971463,-5.62017952832792,12
-15.3798946726134,6.629350069524,19
-9.15218093938768,-13.0369672985586,5
0.985284990157201,-30.4509864759601,2
1.20854608651565,-24.650808464995,5
-3.55443845158418,8.139250824245,8
-5.31419765056275,5.2141292845262,11
1.7489207124355,1.21212338072452,4
-7.39357853582193,4.38936179219578,20
-10.561684397184,-2.43855037137308,18
-0.598640985732775,17.5342541528098,6
-0.399562229416252,18.5291014232775,6
17.0020334398309,-14.4870551191387,7
-5.1326136532729,-4.77122728743524,20
1.33128164188613,-12.1103918574319,10
-6.53185365756168,16.8933400257526,18
-24.7094770022442,4.29406698105993,13
4.50443461867008,-11.4146230239554,14
-14.4324076087122,-2.81512019328926,11
-0.095900490084032,2.17340721589116,10
7.95573864091599,-6.72608293242753,19
-7.1121649900743,10.1847530772095,11
27.2257903978591,9.18728865348547,17
5.9687214146031,-8.65816929524622,5
-20.2055979099991,14.0841930054365,11
-9.93541842659469,-0.963414689187096,15
0.475174908045145,-26.6937738650017,16
6.37091251623293,16.9989285561679,6
2.28822059080364,-6.28726432602484,5
3.97365727971702,-25.8254259468084,16
-12.4289557359544,1.41994596137315,15
-18.8696344875263,7.4035506274918,13
9.18261105908723,13.1790764098181,3
17.9945362870644,-0.444702561052845,14
-12.9580756192267,14.5975645462849,10
-20.5013267442423,3.71007565134503,13
-29.6381273022824,-5.82175625733634,18
16.8131522684719,18.9345490713157,15
-5.06796404469685,-5.78094067041164,7
23.6369021473574,-5.70538721259264,17
6.18554554728571,19.5604545271865,6
-0.434746246873748,18.5393550124624,6
-0.684920186041523,19.7727674852697,6
2.65598872641205,17.6850095014917,6
-0.283230555838497,18.5761835814952,6
1.76076868707661,15.8675588306636,6
2.67044011910018,16.5957413760459,6
1.67198230963981,11.0334080375502,6
5.90480835647098,19.9902385391093,6
1.34754790143518,11.7577348858552,6
3.95955228475874,16.0296065255139,7
5.87455904397175,18.2520223272037,6
-0.422727829616823,18.5006292239158,6
2.9556075258352,4.8668396788898,6
5.95824125530115,20.0847911422504,6
-2.49468245492842,18.869322423613,9
-20.0510096967951,-7.67854519773173,19
-9.75216064080542,-3.09146889338262,18
36.3952527755968,-37.8767569217165,9
8.2582496329489,8.50554568766819,18
-2.56002439220939,0.242072264222431,11
19.2964982993827,-23.9890870333018,1
1.32063892757449,-2.04919620549624,13
19.410029083748,0.348638456903207,5
-4.03385465561193,0.534917193621413,11
-10.9741843831321,-10.0035240253189,6
8.35206906207558,-3.87730447177705,7
2.56692849628574,-2.15726195400692,2
5.8620772207938,6.03112503882367,20
3.69371017155083,-17.6491614233997,10
-7.17353659012348,-10.3079270578927,19
-5.74977459912603,9.52248666317267,14
31.6456145101953,-17.648813125654,17
-1.71853275630659,6.93510694431544,12
8.99695121337689,-6.08953121783809,7
-22.5446894782647,-6.89658033617366,19
3.73284633334814,-9.01443571166958,16
5.5681155978309,9.59352189939555,2
-22.5269128404347,-6.88975291613172,18
1.58626838602823,-7.35960777834225,1
-19.0696726792587,-11.8074319850623,3
-26.9428850672783,13.479810767348,19
-0.599740283072024,-28.5635113075137,2
0.910787624432756,-14.1338843256217,10
-9.97903062119233,-3.74351687824207,3
-1.34331114802682,-3.27595186430071,20
2.68050498561889,26.3674536554879,14
-22.138430594325,-9.98683623759953,19
-8.61740718665605,3.0589581424399,11
21.9008230128778,18.8210943478373,16
-12.4732893156598,11.0827622551954,11
18.6024222643467,0.254563820930891,17
19.6690129875668,12.8205600440846,1
-9.6411289146281,-1.25961929108874,12
7.60281815958442,11.0225869243749,11
-14.9620319840939,10.663320694477,19
4.17955784060644,-9.2040811734667,2
10.593939445007,-9.87637056257173,7
48.2912288495767,3.4820367806053,4
-21.3855883709564,11.4099073356498,11
2.38778282980414,-24.5736657313779,2
-10.2553921533117,9.48380585468963,13
-10.2637763781829,-5.06809925206871,18
-0.128105176987349,-8.88655431582461,3
7.42556527504263,-3.88366744096801,8
-2.42242363093846,5.28728276436011,14
-4.79685623305752,-7.59345073927905,17
-1.2822097601146,1.73836674041762,11
7.56938026046843,-27.7830081621393,2
-21.968475135149,-12.8489603395804,5
18.5623904158612,-3.73991107485191,7
-3.21643756544956,6.15004812389982,10
-8.70651180177608,1.0325276811887,9
7.40193149746911,-11.157636906973,5
0.825815744219494,-24.8701495227953,17
27.3932318321087,-5.23675886296442,7
1.25788312444149,-24.6774099092583,16
-8.66922884364925,3.95912261355188,11
15.3453994508452,11.5816649811507,7
15.999343874668,10.169066307072,16
-10.2766854117152,-3.84342405420195,10
18.5975547392902,-23.5525020255865,1
-2.9713635482722,-6.27462017282859,10
3.50867660961768,-17.2361921519784,10
-11.0840756737754,-13.5929948414094,19
-22.2473961378681,-12.9418436564872,5
-30.5992746881457,-5.38798997442135,15
9.72653451900067,8.30310550542586,14
20.4835177416013,-6.28461218410089,7
2.22069586249215,-20.0046099153714,9
7.46323340536538,-2.33532187081892,13
-12.3199824028493,-4.26099305278676,3
-17.794966515224,-14.2362179615196,11
3.60724853616973,4.23510359653036,14
19.6911817211548,-44.3818217245982,14
-3.02921350128924,0.942673322538299,11
-14.3700257714999,0.04078630420048,18
3.05307107021587,-2.89596939801911,9
18.4552756060962,18.6935207004315,16
6.79304337072503,10.9134589856409,2
-10.536100903451,13.0101664441397,4
8.23391914429505,8.32884481832941,16
6.77545272130945,16.1961342294417,11
-23.2529080128371,11.0646481317446,2
7.02081799222768,-3.86569802114827,20
-17.5043657804479,1.18798999227618,15
13.2010158209918,8.90370525452584,8
0.691666415145204,-7.8603670957417,16
-8.63288686490798,8.83914140499677,13
13.7311031224827,10.9259546029457,20
9.33666803790431,-1.55428969162997,17
2.03632288642596,-3.9048316666312,4
6.19783738725835,12.8734897183847,5
7.99845600774066,-16.992014053954,11
-6.06860022179609,22.565816949405,14
-2.13262239826409,0.225888557195732,6
-1.67183830812676,11.5165434603186,11
-10.835872586127,13.5211921302589,13
-12.4563989260174,-4.62706309756534,18
13.0801501363293,10.6317690792696,3
-4.76141736950114,5.81341133215723,1
-22.0787151370091,1.14987455355719,19
4.40479336508471,-2.31265049374054,5
24.0288565802514,-4.83084040802747,17
-5.15392941283104,11.3547811528058,9
-2.72378924748858,0.800637411273914,12
-3.2713622825328,8.22472759350688,15
18.9781950662284,-24.1357474336975,1
25.4543316835243,-9.54890123872902,14
-13.5366484879927,-1.36011268048513,18
-6.3892911306385,-7.12284659498922,20
-22.9980624775238,-1.27164950637397,18
18.3185428013919,0.216409323687306,5
-18.1620919605937,9.60283657836549,4
-19.7845239283777,-3.63741011863183,15
-23.0020226690836,-2.65841432329508,11
-16.3257655635036,5.32598281499093,7
-21.0772332730813,-3.21233937071078,4
-3.30863312474342,-9.21043012091904,11
-12.3352495760934,17.8691781898897,4
12.8808038005075,7.45469765939591,8
28.4750671430211,16.4791032944589,8
-13.7657442987341,7.59741004325642,15
13.846584990373,11.1000896326005,7
-9.78116837817103,-6.07112385846805,10
3.73242616266178,-11.0459321713159,11
4.04987769031128,-6.14250233319549,20
2.76644746521825,1.13700613804172,7
2.04080149016151,-20.9122217750729,6
7.22628180508465,2.26924294634502,8
26.9651193215713,-0.52655188641448,12
3.79216051092589,-24.2486706466546,16
-18.0604213508029,14.5249034993629,5
0.872864587581891,-24.8590719930253,9
-9.23965244921242,-4.74524791124015,10
-3.02263099500961,-18.5398760918572,19
24.0357996832418,-9.7985111101597,17
-9.07186588863051,-12.7689137290191,4
1.54517451804064,-29.0536217862343,16
0.710757925955809,-24.3979551436974,18
7.98103792714635,21.5712566714283,7
23.6720306089744,-0.0710557330323257,17
12.599204551967,-12.5083076880714,7
11.9077855093637,-0.226303629250437,2
27.089913753736,-0.48597451387669,17
31.6785110160103,-17.543790646964,17
-2.16127318363471,-5.92185827885573,5
6.69956171897193,13.8796096449861,16
-19.8005756756044,-8.33298364415979,19
20.4830340767513,3.45555417550139,17
2.02999403942918,3.34741547269332,14
-3.61931485670704,2.39828400375405,4
-7.06032441069149,3.70079175037389,11
-1.11792931399006,-3.21800134559932,2
14.6789716339763,8.34829583961551,3
23.915721029833,-4.94891281188972,17
-16.2012793033435,-18.3165122832215,19
11.6299478988083,-4.58992989018975,7
-2.46571955884508,-0.819728984128122,18
-1.68644789653079,8.94125119657115,9
-6.6968602466216,20.8367833331745,5
16.7953428108606,16.2901607543889,16
1.34808948929364,-12.084477264535,5
25.4010714155672,-9.5908883548551,14
-2.04121389703745,5.26408169210728,11
15.5538186012816,9.89603962389716,9
-0.286885607635618,-28.9074063976929,2
0.767470223905567,-30.3748429586147,6
-3.75656438034834,0.398263048337302,3
6.59753698423109,-12.4482907479455,20
-1.83734486167042,9.56577300734252,9
2.26574663811119,-13.4735116992466,7
-0.619103810821918,-5.10690779426878,10
-24.9179836582485,1.72970601566108,13
-14.7140150501487,4.57069326841545,18
1.93447838361711,2.81738485953681,15
1.41036502664552,5.68914780224279,1
-2.08661318732879,-1.05462257222699,20
7.61215091882803,-27.7387931246533,6
5.58929462915622,1.06394665779107,4
-9.62001912366396,-22.2804977700277,2
-19.0072356005079,5.93079481135837,4
-5.85497757211355,5.41444089396159,11
2.01098179627668,-24.7163097992705,16
10.4136142733766,-9.86749366360059,14
20.8060254757989,4.91867750022324,20
4.61688657171807,0.956857890008431,20
30.8882382365049,10.3661151729351,3
-16.8866136919843,0.315152132710146,15
-8.31894137653841,-0.0464195453674942,13
-4.74841731256051,6.51585551519871,15
6.73328540751846,1.10899830223348,7
19.613818207465,-5.5516898439378,7
15.8216693048497,-8.05911722887217,7
6.08792990070937,5.87402123708458,18
-11.2865970966884,6.17335903549597,18
13.2100308677261,7.09866334388435,8
-13.6990869883098,9.27602705875615,13
5.79807715554835,5.92340211911604,3
30.2579592691642,10.090888134703,8
-5.90718684448824,6.04450803385191,11
30.8911652269152,7.44058222792804,12
-27.8592984368126,-2.19654257027344,15
-1.62089732351902,-6.84429154192302,5
8.43459750817054,-21.5520242365572,17
15.6045228434687,1.29490902735507,10
13.7917320865452,10.1571496048742,7
9.23540958959912,15.175098198329,13
-2.3247458100078,-12.8656223858334,3
-3.10644052889564,1.3242602974962,9
31.242684816621,8.21303630283313,3
13.4492690506209,-7.14380854721276,7
19.3984556252839,-8.97655291262493,7
7.70972191251028,-1.63405476543336,15
33.1638957367332,8.12427256280288,8
30.0292769875565,8.2478423777346,3
30.7612002471049,10.0747529435827,15
11.3262181005466,1.98162978090801,3
-7.32659924591397,-3.89599528760614,10
3.16570675058213,-14.8287299167887,10
-10.4601698403797,-13.3264029054484,19
-8.0220991338333,4.14526325444133,6
26.8503988551154,-0.0701948364672676,12
-19.9148084199352,8.03651879697864,11
3.99480866334466,-26.0418659868748,16
19.3891926201738,-24.0072010755885,7
2.72917513011432,27.2131172910008,15
-13.865123534002,3.55641148174047,19
-15.8727476857328,-5.42349094640597,19
27.0815748010901,-0.440441343953701,12
-1.83683051895423,1.18191537647776,11
-1.6197851087613,13.7799724566142,17
1.0319552667183,-1.34301642989336,11
7.73697921083923,-27.6192479675156,6
2.13122572385422,0.197369478371719,11
-12.8138778461863,6.97449590466594,14
-2.13447941495837,0.613307289563099,11
-19.3086871024559,-17.7329724852432,1
22.5305124039434,-14.7669422855336,13
-29.6484867211162,0.68532105019589,10
-5.23631270904736,-6.49091094472255,11
-12.6491583776874,24.3392753702646,20
3.97030336720475,-26.0826911854781,6
-18.5484694292492,-8.62918027866768,11
18.3407368220881,10.538539825223,16
2.03503412409733,2.19344444853092,13
-20.9198815558393,7.69219069605608,11
-3.03285517828463,14.9798101434385,20
0.400096958920772,3.10610018347698,1
-7.70435203618356,1.40501855736697,11
30.3225594337666,7.10972574353591,17
1.6372979045713,-6.24610354340024,2
-9.78858167711543,-22.3310092981014,19
26.8108145897373,-0.112205674419832,17
-5.886837218168,-3.47205709715776,20
-4.77312497337304,2.00796120424402,11
-8.40943009291695,-6.48125606402891,10
-3.87660641799505,5.06906685693172,9
13.8710303111288,20.5647959208264,16
12.8888759227897,8.03772416919233,17
-18.0298526958293,-12.6908578982619,19
-7.89916879382802,-18.6919250940514,2
-28.8095464070111,18.2229763845999,19
-24.1803099466125,-3.21797643549324,4
3.36003092517893,-3.08400107677349,2
9.21817019482332,-5.97382150315955,7
-11.3147852927948,13.7529218512995,3
-0.569161057836779,3.48066925303336,11
26.799276306371,-0.119965152481179,17
5.40044659120197,16.7318539493905,11
28.0010466258081,2.26668819380685,17
-5.3653023357207,11.4522901474783,9
-8.15478738552411,3.25109212440968,1
30.4524141005715,7.8324731162993,17
1.95908506393633,-3.29136584563402,19
-18.0968315853714,-7.58197520839338,19
-8.04058892809621,-4.0349172918454,10
16.8956086228748,16.342018921945,16
-9.13167202031595,-12.9848458749546,11
25.4999829485176,-7.7075037471834,17
-12.897570962655,0.77256338721049,18
17.3641865508389,16.0207819261703,16
-0.673834960896698,-11.3468760314983,3
1.78582627535087,-22.9226921164927,18
-6.94407955325544,8.61615231398053,11
18.9914115658601,-24.5402497657965,1
13.1357482572023,0.990576386111129,8
-8.38747780753157,2.97746496843233,11
1.72543939456023,22.0994358017438,4
-2.11942014820643,-19.4070793403908,15
-4.76123365396943,9.78595546461389,9
-3.65016706276601,3.59636530442716,11
-1.05213363978816,-0.372071115857036,11
-6.61078408951218,-9.75632196753886,19
29.185028212291,8.36530197923019,17
0.708918977750292,-4.27622102256808,10
30.319884275961,9.87247639595691,8
-3.94153968471944,-2.20511089226042,5
-3.29429886991933,-1.50582038047871,11
-28.8211071771393,3.92874586422616,15
23.8128149604246,-7.33379119444924,17
12.496594718141,7.0102572147467,8
-16.0281169574922,-6.41366417106382,19
-9.1634384343657,-13.5881782559596,11
-2.53539908707132,-2.11331112660293,16
-13.7549771284969,-27.3470716693076,11
31.1961227904407,-19.3047412084806,2
-5.46012359651441,1.08705425294599,11
-30.2466353410369,-4.54421996035023,4
-8.61254824169007,-6.09304870855985,19
8.3541018843579,-17.6579857224133,7
-7.42777337922634,-1.67532915526664,18
2.0613162693866,-24.1666809799009,16
-15.9339244430695,9.88524929694261,15
3.07627967057391,-5.92455707333989,16
3.44148990238372,12.0610662906215,19
1.85110029442259,13.9124696805844,1
30.5704706327334,-9.17767087369812,8
9.66890807403762,-6.69410708679059,7
-7.27013158042617,3.99426721403679,11
-3.51280126792992,20.808512646982,18
-15.5650144146931,13.3834850751197,10
17.391005620867,-6.20739345191791,7
22.343984007668,19.5392315557262,16
5.85135881172693,12.0582590954062,15
-13.436717178461,12.1261234152106,13
15.1673953399476,14.3274662275517,16
-3.25032239233282,-1.67792751212534,1
6.15396640130697,-8.11286462147238,10
-9.89097408966407,-9.61053925905438,14
-12.4164822261878,6.85178957105367,18
11.2663376000992,-3.42188964932756,18
14.4228018184506,-4.08575351061025,1
-5.05872008170574,-4.13137842696178,14
-17.0835244454622,6.99843216023368,13
20.0929651679166,-45.1038237761027,20
14.7478362828227,-12.7332856596755,7
-11.9555720136946,8.91229995799507,9
13.7343035608215,10.8792794288593,7
-9.70286892645283,-0.525082284120924,11
24.7139390099322,-8.22043033337749,17
12.9387890522413,-21.0761140811316,7
-7.60809677508748,20.4999889575996,4
-8.41600998900976,-9.86705065981345,12
1.68211277747825,-6.33020885769639,10
26.7569732784797,-0.409146910125581,17
-12.0362047146833,3.56581144380398,19
-5.60700572260701,-1.20494732827529,11
-8.75960158071377,20.8997151212922,4
-2.14653088865944,-19.432710529107,10
21.8635543224967,-3.87273537482172,17
-14.8419695939624,-4.01017373879127,13
31.0302586107026,8.91857635516977,13
-12.4365049787305,-5.26555023171256,18
-4.19839869493763,14.6995893684071,6
-7.95018270709368,20.5713580151735,4
-27.8779467011024,6.34781034592421,13
31.3053810907934,-19.0407984348847,2
-4.84251921381994,-8.55092982975893,11
-1.49838853660321,14.1373370674608,4
-8.50263603453918,19.9428356318295,4
22.5621151709261,1.28469474234953,17
-6.2746309065175,2.18675477914408,18
26.6933679266955,-0.931873637058581,3
-4.55593103945584,4.74058831436433,4
24.0021743525604,-7.14855667047458,17
-18.2190611617986,2.07907023321138,13
13.2240593295424,10.5002557590449,3
-8.24330903457771,3.19826097270903,1
-6.74815869172218,5.00611077176225,1
1.58963610470096,-5.30248391968552,20
-10.4827788741347,6.15323560132733,9
-8.02300048861296,4.89385883468862,4
-0.20838404418287,-10.8712161256231,3
-18.0665821807202,12.4219265334059,13
-9.47698594163717,-12.9978245486303,18
22.8997429031219,-8.40494333216841,17
1.11122105301545,-14.420286547261,10
17.136180574286,-10.754370382006,7
-9.71143731578408,5.94910913043516,9
20.9592592062131,3.96147696867883,8
-15.9179851647682,9.09021877035001,19
6.99511360816222,-3.44288746844209,11
-7.11643656410312,-7.77213894379499,19
-4.50444451585429,7.70909632877615,11
8.51545354914822,7.17188507382897,14
-18.8518039761766,-11.8048410684637,20
2.73588630889958,27.1962960606137,11
26.1717173484384,-4.59241049023428,17
-9.96095170329635,-0.793703507480229,18
-10.7772751079986,-14.0525439853826,14
-7.38879804348261,3.4266552645091,1
-6.27762406844821,14.2716421691355,10
25.554641084557,9.21580408337663,8
-3.7039841754142,5.0145546291557,13
22.2342869752794,7.48457106702538,17
5.00843486836993,-3.07477747337299,10
-27.9274724017238,-5.60654534004882,11
-0.994539278252677,-3.28315228302602,3
25.4711023281409,-7.68356872536127,8
-13.75133193231,-27.3454693944879,19
-17.5244554147081,3.22822943626202,19
-0.395100027043006,-1.71073133230249,11
-2.24362817603089,0.138872979385991,11
21.3783743634867,6.06054571861327,17
-14.9708748430295,3.10819173720985,19
-6.58111565708109,16.8096481176607,13
-22.2681518926356,6.56120946520773,15
-20.1221266473483,-8.65399089091005,19
-3.39265324611197,17.4214556171828,18
2.71325691686814,-7.51458173247764,19
4.82489919372734,19.0137164757339,6
-0.143609571937313,18.7689660735842,6
-2.46669986334522,-11.40607794202,10
5.99042711297861,20.5677359669991,20
-5.89459685855827,6.0649546081925,15
-3.70653699734046,-2.85868829429752,5
-16.8186174815938,-17.2012333209731,19
10.9537565639854,2.74089348980108,7
17.241821278558,14.2630620783969,16
1.15525304256046,-14.3942408347944,10
-5.58037128136939,2.39373271762591,10
-0.0173668146014331,1.51970684441541,6
-3.22814761333595,4.3191246201772,20
-26.7949829771977,4.34986902381189,20
-4.72275679247951,-3.44098209957522,18
-10.3550344038643,-13.8883027419768,7
-30.6864970623585,-3.00612575824136,15
23.297999222763,-1.38913526834074,17
17.7197804568374,-6.87715089470429,7
-13.7223556422561,-21.6873573979596,19
-2.51711505658813,-3.17496631720129,5
-6.65364165859526,7.19667003399908,11
3.97346928066111,-26.0752595915562,17
6.31563842845629,-1.2310970838008,18
1.19055272799204,1.26272613456247,15
-4.45897307187675,1.65047718538825,11
-8.27676588535441,0.281904335402117,13
-3.61359469637338,-4.32915984412584,5
-14.2130247533587,-7.42932505771831,18
-1.31620470933545,-2.36329898416227,11
14.7372009939988,0.818834717883981,7
-0.369593871426324,-16.6555002323558,11
13.9315975820527,-13.624945159167,3
22.9195825776282,-2.86048747792148,8
-0.616711795083074,8.6840899622348,11
20.7033645827546,-4.04889327475363,8
-30.1150043556354,-4.99451682740345,11
28.6568111530106,5.24651924403226,17
-3.36136695990431,1.37305559741238,15
-3.13256006801181,1.27606694575711,5
-6.95308169142438,-12.7489093614316,13
-10.1558530265707,-13.0766352814268,19
0.1583042701355,-28.4757787076836,17
5.8347671570119,18.8254511090583,6
1.46983980057473,18.3784930139097,6
-0.338418274411885,18.6075022146512,6
1.6813233516682,17.8877863990053,6
3.60884781395653,10.3741532065065,6
1.61572537677977,17.9463487753088,6
5.92042869541796,19.5062485197388,6
1.30634353031373,9.6223445596002,7
0.643606198999753,17.503934895495,6
-0.686926262924389,18.2385185417619,6
0.917779914188604,8.10073102962215,6
-0.0791485970212078,18.5672135546964,6
24.4724069091055,-9.25959692148754,7
6.05035378819485,19.5426131915077,6
-0.23482293942793,18.7348319200904,6
-6.7116376149643,21.0914193356807,6
-0.651154019933408,19.4617993709396,6
-0.622512686431594,18.386931897488,6
-11.9908167089408,-8.35878797782882,5
-7.245576184519,-13.9209537853213,19
17.0875429445179,-13.0614032671389,8
17.1089717328152,-13.0522039973412,7
-15.5078032681112,-13.851201109716,7
-9.72151800705124,4.30297819217431,19
-7.24139472946774,7.68627175473859,4
1.9096474468211,-24.0439814530889,16
17.2694742166154,14.8508329406581,16
36.3945216049483,-37.8772064294041,9
18.6385297158045,-23.3739781762507,1
30.4755401184911,-20.211938838694,2
21.0660149630727,-2.21324228685662,17
0.548014793355967,-1.89783410839666,20
-0.469535615044285,-4.95423414494074,10
-11.3295238293046,11.4261955308941,13
10.8900738401776,20.7347303234495,16
-10.1948034989996,-1.88414864631722,15
-9.75767224917424,6.00827147106471,9
4.96325890623711,0.651131299090849,11
-8.2166723784639,11.662058998902,9
11.4468432047682,22.8551326030865,16
17.8487701467514,5.70231084528687,12
-19.6163476485949,-16.323790813005,19
6.36795796147915,-15.7090646090733,9
8.08413899847325,12.1376359014193,10
3.85156178760923,0.428497377500225,17
8.53217625743553,21.9103005048138,10
17.3442383352694,-10.7897926630083,14
11.368034136031,18.2002616384809,16
-15.2214463358879,11.9129316722015,15
0.614175304652131,7.30576096159682,6
26.7715448632008,0.0432941721512163,17
-11.1881176083994,-13.4500140136912,5
-11.20468259291,6.33029348918268,11
-11.8186362766844,13.0293123984977,2
8.02881896904836,-16.3243180291998,15
-1.10573744349963,12.0296758907608,9
13.6179192281416,9.96987710946937,19
16.4943913373949,15.8554823419893,16
22.8888146434069,-3.18610909124917,8
11.1040414460346,-7.3987313910851,7
-7.18040775972436,-0.235233493593965,13
-17.485915362397,-4.83516342908465,19
7.93525574716577,-16.9518388450084,2
-15.390893124226,-13.7914992882412,7
30.4003374780815,-20.0513806582607,2
26.1146507026025,-8.26744379377584,17
-21.8085356830375,-12.2616406237071,19
-13.2880576856174,14.409618540642,15
6.914865908489,-8.64821217916536,7
-22.8148185356559,-13.0149965281648,5
-22.1502101844881,-9.92035191349075,19
8.01864892737563,-16.3977029883982,9
8.03866432284999,3.36988015782172,5
2.91758605922524,6.94418062310169,20
5.09506216708027,7.92875911166642,13
15.6538523302963,4.75073531732949,8
5.29021598857884,-14.9208602579982,10
19.2265993871277,-17.8311969762968,2
8.02460755321248,-12.6803312206017,1
15.3888545403461,1.97903987583693,17
7.86967214860205,-16.9155028875499,1
-3.32100103585182,11.7648882298893,6
21.7394410276239,19.799738737188,16
-9.76637403669063,-2.13730198530641,18
-5.76950693870197,-19.1783154186463,9
13.0944051570822,-27.9818501663844,1
-24.4614977141539,5.09181203719542,13
-7.45420176289023,15.3315293564873,10
2.63560983966929,10.400954930778,9
48.2910831019579,3.48204814221597,4
13.1971289231838,-8.56657843774902,7
-9.59413918048899,8.31693747651079,10
-18.0410548827582,-4.08328634222055,4
16.108448773216,-10.312976324857,7
-8.64397524760231,6.11838939007107,9
14.0236361876677,5.2481311905538,7
-8.12440461459178,12.0857741799364,7
-9.44162606968886,-13.0509010048879,16
-24.4324607326169,-4.33208438007559,20
7.80898718264314,-5.22544381991869,8
5.54100018703957,-6.15361041538778,9
-1.86218947526766,15.2912414436735,6
-11.4276342602297,0.519778098079494,18
-28.3063606080585,1.05669896843651,15
18.2217805494425,-0.244472664282778,17
-22.0243300020234,10.5594946745965,11
-16.8889434422341,22.0934919747084,14
-8.16939976959605,28.1604012029928,15
-8.80030599328717,-4.08892711601405,4
-8.77159770672106,-0.0215205792481553,10
31.8291887334581,10.0835281672491,12
5.078927949668,-11.4561405328301,1
12.1959167609087,5.47266572493247,7
-8.13790709118998,21.6803569677557,4
15.2114559615186,-9.50477305424619,7
5.10931204113519,10.165167486826,14
15.2544184133714,-5.95756414542714,1
22.4421801917975,-7.21866813000686,17
-24.8801367825125,-8.2349538472483,18
1.32468123606365,5.04884660287424,1
-7.44227736944927,11.9308839026103,9
8.6222130456659,8.98490460572198,6
-1.30794668834419,1.27736697584884,19
-4.68955385393967,-4.48775512620552,20
-14.4654221775808,-6.20640149254058,4
-6.56604065890092,-27.5266115692542,10
24.0964297003782,-7.7560619393366,17
-5.62065271656096,-0.0686071885680558,10
18.6515161040177,1.17306939114062,17
9.18485296530766,-2.78294135291629,7
-8.188296094192,-12.8875878427557,7
28.4793799635829,16.5007153687069,8
12.5519358379052,10.5389789629708,7
-7.83930896392136,-8.7971104734489,19
6.43420543155779,6.62330038240148,12
27.3890375581734,4.78754304309731,3
-12.5102927818882,-0.213826618369246,18
9.63894486420229,-12.5086194351364,8
-28.7764934407979,3.9326844904783,10
28.0391233061343,-4.53424299245367,8
-7.6359658910085,7.41848565852405,14
-4.94714409671511,11.3527619927511,15
2.49144055541518,13.1937492195866,8
25.259686205479,13.7223665515414,8
7.98621416210761,-16.9114693933921,10
4.87345677961523,-4.14997234527479,5
8.07692360962652,-16.6584378595313,16
-17.9173359012684,1.25556620494807,15
-9.36234579053263,-13.6922390849206,19
21.0534778113287,-2.11064539488175,17
7.87570906325645,-17.016551802206,1
-8.00321544674799,-19.1875724505784,11
-11.0686254526541,6.4068994686204,11
-3.36918260706248,5.58453579926382,15
-1.05274564242894,23.8546479973746,3
-4.7184202009834,0.258452242322391,4
-12.2463685320664,5.640812115475,20
6.93952288617502,7.76095404943839,13
1.39246981543749,-2.00090088819551,11
2.6100282142331,5.37997741827086,14
-6.48954749404589,8.40824869006822,14
-9.04563319434146,-4.22927784424273,3
-11.1331587348486,13.9825734950137,19
-1.06379077032523,15.6720244339795,12
-9.46875251561302,-13.0755546047117,4
10.0861056032169,-9.41917655462873,5
-10.5947598980459,0.25793769554665,18
-7.5439345963292,-19.1683226832774,1
22.6188352854458,19.5732872786489,8
9.17822535241293,15.2072199248778,5
6.50750508789299,-2.5082405367014,14
-2.90442158865854,-14.9884225195918,10
21.9613331791248,0.7554716625598,17
-17.0330077593895,-1.05119326290857,5
14.048144792042,19.922422299634,14
18.3524426272201,-0.344508585135366,17
30.3721768549948,-8.89884953371607,17
-22.640440442652,4.65132715291682,13
8.79892004627999,-10.3156916889388,16
-6.99370744398136,25.539238456719,20
-5.95855227067168,-10.4454643659103,10
19.2906114924231,8.73027807451326,14
-19.0947627882303,6.79571598679341,20
26.7108281184364,-1.55776397973859,12
23.9022061287024,-6.85119893151998,17
14.2547780004002,12.4493499985221,10
-5.46212403958015,5.3869896113067,11
-20.08433187438,-7.10641990806933,18
-4.27607617441642,-7.72363310373884,10
31.6847127505537,10.0901129963498,12
4.61243632360748,-21.4497745751479,15
-0.195951605362345,-10.8404659906365,15
4.13217275576891,-3.39407736756427,19
-3.32153183697904,0.731904409896339,18
11.8660656852489,5.48073281608191,10
-13.8447564387948,19.7528587168331,11
-7.45342460683814,-12.5658548902881,19
-0.707655510547546,-27.8170388996148,7
-7.45653594555613,-12.5464950399549,3
1.44908119510239,-4.61478844919468,10
5.02935477381402,14.0550077492791,11
4.26207773324631,-4.91923471274795,11
-13.2289252245469,9.49791628702451,19
25.5330503901955,0.688791552443415,17
0.0400568606402807,-1.37824337891329,15
-4.04070477217077,2.82506698507338,6
18.3986208164869,-5.10896581580524,7
8.014066662637,-6.07136527375895,7
-6.4880409689346,-2.4085658681317,20
-18.0058401056622,-18.7783178249694,11
5.40003368996707,13.8399496824415,11
5.04189775822987,6.05613726490717,12
0.304094857206335,2.92328312389031,1
4.48975767324648,-11.3578470779141,5
12.6399816513474,-16.6603637579911,4
24.1196635959794,0.22100049469932,17
-15.3573189594211,-13.8657284834305,7
19.2047279572449,1.83440684119181,3
14.64616869639,-9.43514116183227,7
-17.9007093620952,-11.870314702268,13
17.3150613628778,-14.5881903415402,8
-30.3842620891319,-5.11479177044066,11
0.855253751624424,-9.62214553429786,3
-10.3216051296787,-14.0720831985719,15
-12.182657783889,3.685412288946,19
-4.78038429326395,2.74754331353952,18
-10.9926589897624,-8.90024586375436,15
8.54073238641887,-26.344550775765,5
4.55869787496983,20.0456705931087,18
17.5376337568206,1.93019401635578,17
-9.72805560630541,-6.03476805344543,3
-6.7659980277272,9.12762591075922,15
-11.7286824660301,0.476959265131204,18
-13.2100087396791,-17.183951842552,7
1.75315046810995,-15.3175967408754,1
-0.188683371484116,-10.7591986914428,3
18.4900852144169,7.36617548177672,16
-11.642344359322,1.0309281135759,18
-2.90466059335281,1.73660363043917,13
-12.5903359481298,-0.906531400395443,18
-3.58508002178889,21.6188736287896,18
-8.08598440338065,-7.1929004755001,14
-5.10451664587845,-18.3345045171191,10
6.50707707745567,14.0066324991197,17
-14.3134607447378,-18.7634207201643,17
-15.3793742289603,-13.887589506272,7
12.7449621757091,17.9052256530231,14
-3.42224388009676,-2.59030048549452,20
-4.626878190008,25.100515802093,11
-8.15554550141266,-22.9763588055815,2
-7.39353571917785,-18.9683609605199,9
31.0532935813366,-19.4486920540235,2
21.0652512247883,-2.30438274764486,15
-1.97232485437128,9.29025069146018,9
18.595105198581,0.259740362256285,17
23.0725018050322,-10.7291937547097,7
-8.38588485965165,-0.351007471334896,13
-24.093936203147,2.99034614687624,13
-6.06109389505461,0.42659951350787,11
-12.300396293232,-17.3402366371475,5
-2.98994938369891,2.15211334813179,18
-28.9208136514344,6.97365811643488,13
-17.2905059082598,-5.66104172695046,4
21.037474845266,-12.0681397865514,17
1.3466520575763,3.58775920018075,1
-4.60331469220529,-5.89166716548359,12
9.18122487815615,-7.32558516373334,7
16.9092413870499,10.5256866689403,8
1.5304033743008,5.9958869099458,3
12.8280329001732,21.305515042751,16
3.11561768225709,-5.6462621248058,1
10.2431953104035,5.81748700078996,10
-6.99428261377898,2.28615923827646,11
22.0566009297093,19.0923139648581,16
0.733512550388437,8.52382525148058,11
-10.8959560825228,11.857037532841,5
-6.0103830029919,22.8890185076234,14
16.4658824442229,5.79309390559272,8
-1.84695147830917,-24.5522635484251,4
20.159149205159,-13.1206380430072,14
-10.8805931630222,1.95683710654347,16
-5.18462075588907,-18.3782008565429,19
-0.897255373998067,-2.64051739874437,11
-5.30129595342954,9.08062386335925,20
6.35286209451619,-10.4400464906015,5
1.43772099817893,24.7118385328036,11
-15.0264557623006,2.74831408270417,19
2.58482097955785,-0.531385829513748,13
8.93905972198064,15.6816972548534,11
24.1180684995289,-9.26464817925823,7
-14.5008094338477,16.2724313410361,11
-8.4076346202748,10.579224738195,9
-0.0990442091080442,-8.96071826468049,3
17.2095669517937,-4.8978285015708,3
-1.0314636502747,-1.80534002970224,6
9.22026707680214,0.111815808384576,7
-3.3836583243875,-12.7410698068804,19
23.2659896951524,-7.95207752959195,7
24.0479782141052,-0.268604855159387,8
-3.09172253024785,-28.4041505282145,17
-6.72018619166681,9.24687712825376,9
-8.41816869328024,-7.13265824760871,18
12.2286045076941,0.643616363896731,3
19.2753973281359,-5.48958033929933,7
15.037955679958,18.9018584823735,16
21.1971430674158,-2.17193048835465,17
-2.71183559699658,-10.3268840645728,10
14.2198187078461,9.94872424386609,20
4.72417395761985,14.3330143878991,11
-15.3715273718655,-13.8680585522556,7
-20.2083044320495,-11.1961275505616,20
6.82706730984389,6.04483284423956,18
0.396124548991359,7.42178575488606,3
7.10879272535564,3.73121011427409,8
-2.80007523835754,-13.6818495273367,9
-11.5987806760888,-16.1462319242804,5
10.0628583346738,-9.61428812118664,18
-13.5214262207451,5.09658180986743,18
-4.95389306396031,1.46967981293205,11
18.2391585123094,-0.37022645446998,5
11.192797968228,9.12822908128675,1
1.57481535634629,0.973773052892705,11
-2.58508187673358,5.1826285325586,13
21.0409831118861,0.852638280585437,16
-3.34365080634837,-0.604574063204649,19
-12.3470389033803,14.0821560703119,4
-3.64782655532775,9.81719627126528,11
-5.12906011046066,-12.5541751468268,11
-16.7283653608433,5.12607721130705,4
-3.89429858190596,17.7891582944126,6
13.8668088794976,11.1883632574706,18
25.3997090022251,13.8207267784176,5
-11.6917434223277,-2.60688279135226,18
-18.6157387120687,1.94727315193084,15
18.3078839472426,20.9666719400519,16
-11.6041019677627,1.15516487500189,18
-1.43570558067956,-6.92035579831012,5
-8.11789222908097,-3.11865572224701,1
-6.09705146861491,2.80188855273605,4
-4.16764833342915,-1.71301176856028,11
-15.3900304930389,-13.8596092991065,19
4.8691103874346,5.84852884673149,8
-21.7710438853151,-12.7741493522308,5
-5.33132184025843,6.86540471017725,11
-8.31737953573608,3.14204801733707,6
-10.0091644304173,-4.98664352987911,11
-21.3718472066009,-9.06527613919718,19
24.5688017297194,-8.41829992521891,17
10.3288553084811,12.2996715169516,13
23.1853636436224,2.92855831738727,17
7.52845481613178,-25.0498473468139,5
5.12233010447333,13.9909175384841,1
30.1500408662352,-7.8404177561407,17
-3.29752250623014,17.5332741981486,6
-2.65373956251883,-0.0586987758983025,16
24.0250527559576,-7.00796016699751,14
23.4569362514117,-7.58567625328048,7
-15.3996369217169,8.98542033578309,19
-0.645023011355009,2.35280693229965,11
1.12679730316639,-8.60428439500277,20
-16.0395526247173,7.74609746741613,20
19.0614054968055,-25.5846137826683,1
-1.61758264428692,-9.67175418599101,3
21.7363119960966,18.8853808389483,16
25.4772250193282,13.8093810949843,10
-7.7428983723504,11.6529271410521,9
21.5346177808075,0.765162275704531,17
-15.3916480302482,-13.8729836668828,7
21.1652459535859,-10.9373936569839,7
14.9526297162969,17.1997636290003,16
-3.70806512448859,7.43639983099051,13
-5.09377838287197,-18.3629337842823,9
-5.79451763608955,-6.99098464080019,10
-7.28336250366793,-1.00422387583083,4
-1.60013259934668,-12.8986438927399,3
-13.9320856668814,-1.36858727081378,18
30.0482272936694,7.49100388459415,17
-10.6251908236529,26.5353575874018,10
15.4842527872827,-12.2859653585406,7
-7.69621175229943,21.4623575865308,4
-9.23656212613229,-0.443025517918394,13
-6.61490236539851,20.7926864325874,4
-7.11461898707628,21.303290659885,4
-7.92191771260506,21.3476498299526,4
-8.02039917897853,20.6768173543209,4
-6.78488074996391,20.0489983329831,4
9.15822437682402,7.39223362715817,10
13.9809437626157,13.1897749267027,1
-12.4868983571125,-17.2072386936214,5
-22.7850108101369,4.57485038391377,13
-9.42928441599539,-10.4522440195412,5
22.9236755391138,-1.31164728178934,5
-9.64703793730034,-8.83906867028012,15
17.1688646745106,-10.5076176646869,14
20.6462819363953,-0.858656022026144,17
6.20307036166957,-10.2163993682361,5
29.2336002451963,6.47387465994804,8
31.8968093950967,10.0815386187809,12
-17.5128095711066,-10.1707802049197,11
-5.67011084895934,5.80527895569584,14
13.9773573805126,-15.5819492481547,1
20.6786933444192,17.0755847783269,16
-1.72703407857654,4.83135169807079,12
9.85131060886972,-11.6113671773414,1
12.8521172999791,-5.96904859824525,7
0.961225214886404,-29.2594796549689,16
-12.7376109384674,-12.2358769315474,11
-29.3685342315493,-4.16091469504924,13
10.4172408612891,-9.92359281382379,14
1.07518574655385,1.1418351324189,1
0.582962168075509,3.48066097616879,1
-4.25042716046894,-3.82756248573344,5
-22.1502540791133,-7.9741161811121,13
-5.56942937085493,31.2088277828205,15
-11.0245757129365,-13.6288075731501,14
-9.22547442963949,-13.6546111120983,19
-10.0398053797042,-9.94731500412886,2
-14.8081636696863,10.774875766579,3
14.9182313228834,20.8322623050162,16
13.7224421698853,-6.03387726153082,7
24.0951344206884,-9.19663112040821,7
22.4180183394475,-4.8162977994907,17
17.2807733080904,-14.590928362344,8
0.247299918125737,-0.156057037300415,1
12.4766223975447,22.6264778309079,14
-9.67110863808348,7.65210797517159,13
-1.50978464771518,14.4497518215649,5
-18.5518380934289,-20.7301974055628,15
-16.2731635277393,1.66006507942818,15
-9.46879404099625,-10.5345322078875,20
-22.0919530579053,-9.95107143834964,19
12.0681824299209,-8.26187212481823,7
16.6871566890546,15.2018952254679,16
-0.00302462562001946,-6.36449859185659,10
-4.91889987982625,3.54873000566666,4
4.19751290084528,-7.51062240158173,12
21.9971476825988,-1.48640218627306,17
2.90818826448471,-13.0743000591065,10
12.3732806894328,-14.8281314272579,7
20.0929399022365,-45.1050325667793,20
-9.06935780609445,-3.3218495870071,18
-0.242829067438762,-0.0672647769501399,11
1.71601204478836,-6.33254754862035,3
-8.71803167606755,-12.720476566156,4
8.93774208771199,-6.87551192446109,7
-0.941205705065844,-16.6382288613793,1
-14.8582134128356,8.92499810711139,20
-1.15089683267432,-3.38447719128675,11
-12.8816008405474,3.36947312415538,19
-4.47637331429489,-3.62505610437276,19
-24.0601632889215,3.21876716932537,13
-15.4009077635928,-13.9480302185889,7
-7.49003915170167,21.6876426628818,4
6.3386202040808,13.3788190786895,7
-16.3952577823677,-1.39190779670816,18
3.1777372928232,3.15477836602262,11
0.74603980345464,-30.2899490216723,6
-0.50095923000107,-5.17049874373454,10
0.840875156588312,-5.33364636836926,5
-26.1707391217539,7.36231480484325,9
-27.6841067055397,6.46722808374122,15
11.5338878977709,-4.01845465804174,7
-12.7841069332889,15.8318629391356,19
-2.02261815929483,-11.98847019522,20
5.59922892793238,10.5566276838251,4
-9.69345892613842,10.5857603745618,19
17.8505185721909,-0.177054572152183,17
-1.83833891348232,3.29030122601984,2
-18.9561791128622,5.14222531310688,19
-12.0617841993948,15.7623621559935,4
-13.7340101681344,-0.309194840085063,18
-11.1880090859012,-16.1608304039532,5
18.4564607340711,2.0097816182916,19
-5.3645313991636,22.3985526442206,4
-9.01344317258691,-13.7496351414638,20
7.79091371125984,-7.89160038047585,4
1.85156266276697,22.1833495004509,9
-0.420294564987929,2.2964234274054,12
-10.4823861555849,25.0846308699565,11
-14.6967485997601,-0.975886232644124,18
30.7072913475542,7.99080531442232,7
21.551720656096,-4.6796535626219,8
23.4436268869512,-7.5029229088,17
-3.5891463494176,14.3397655458259,13
2.55587877277512,-2.19760622812207,7
2.03369218888441,-0.480614001185521,3
-1.63323454054354,-3.16716448879907,19
0.679751101241443,5.42864619669045,15
23.4175683934215,-11.6984637237951,7
31.0014855789718,8.35868616283686,20
-18.6777360141236,-11.9747966042367,15
20.6851120519953,17.0952340074401,14
-15.3997693861296,-13.8886346973471,13
23.6792768982812,-7.46076320829172,7
-29.4743467875151,-5.23167191804339,11
1.02452466544916,-17.0194762384039,7
23.5849624879566,-7.50191348188698,7
15.0338697541348,-4.75444000031665,14
-9.18220823969695,-13.6254757175628,15
-13.3819562711941,7.91639688167299,19
-9.69446470537207,-22.3028470727815,19
14.868373721594,-12.6572027693459,7
9.85474272798652,-24.9875149275266,7
23.7834323584398,-9.44488908415507,7
-7.11921182860399,-7.92630769585835,20
17.9066085894734,21.0190159017038,17
14.0223097563809,19.6376410025971,16
3.82849057511257,-15.6970153502388,9
6.80534157965645,10.9331778531456,15
6.06629297335914,19.7447124607156,6
-0.441295495852979,19.0095182150369,6
-5.68236393730099,-1.56168110529069,20
-8.9235729941292,16.2200170604478,14
1.04616357184437,-29.6574338706486,1
-4.3398994992217,-3.4437963289663,19
30.8958502364986,9.52631011827527,10
11.4305383373484,-14.434912998217,2
-8.96598165197848,6.05757824914982,11
25.8780271276842,2.61924122459398,8
20.6091727236469,16.8611671234614,16
23.9952947434192,-9.00365667414639,5
-15.3820640128879,-13.8500679360416,18
-9.52014931624094,-13.1767497865601,4
-15.4079218051623,12.9947700136031,11
-8.74555652965899,26.5901010605982,5
4.87778520995614,-3.39018470337098,20
-9.67873303749767,4.50213082829144,20
-2.17099060172655,-10.9877276640118,10
-21.4711811394923,-15.4214328634961,11
-4.20783848613771,5.20912429528815,15
6.25761259597851,12.1403586651502,11
6.89980770253382,-10.6000405781867,5
5.96754310085533,16.1007393157907,8
-7.30861007822084,1.25105066765322,10
-3.08609043264017,0.604380846284936,11
-19.8270270110088,-11.358696954501,19
23.4659005867303,-7.6671873260965,7
-30.2979293594986,-5.37429774037296,15
-27.0159738989714,13.2327671140262,15
2.80620384791196,0.523800339452103,7
21.1027249402019,21.2246321548247,16
-0.525954487091897,19.8293205677584,6
-0.64296520589801,18.3162035476273,6
1.58195931188458,9.1632226216893,6
5.9631601210494,19.8342563605294,6
1.47798668280144,8.76598140830108,6
1.47666185437302,17.1247269017293,6
0.0537177340216476,19.3788141341387,6
6.08280051636719,19.7363435737489,6
5.77278208225525,19.0684975701584,6
-1.14943365135901,19.4302668664584,6
-0.853553986731514,19.4083099364668,6
1.65877611613269,16.4513358778315,6
-0.669215184466856,18.3377942031931,6
5.57347956893547,19.237220230494,6
6.20614929351145,20.0295579566133,6
-0.0713343290595092,19.4778790265015,6
5.68550230390331,19.0461405221963,6
1.81084323934662,16.032090088273,6
-0.326654094629667,18.6521035395849,6
-0.400958077351931,17.9377180918046,6
1.37640304508268,6.68174066608639,6
1.00321493729014,13.9199279971507,10
-20.0968773513906,-8.89651401501708,19
-2.93929881203815,-1.6995680743866,8
-0.994917649591639,-0.766850083533942,3
10.481643844266,4.88318072802301,1
36.3944025325886,-37.8766029061484,9
-14.1595818452122,-17.6319246057032,1
23.7573470374521,-9.43856552233899,7
-19.702377801122,-0.560277792524541,13
7.43038116980821,-14.4919192517311,2
2.78591591697606,11.9918494618722,9
-9.40879795378449,-12.1644404232205,6
30.714683811349,10.1325804049328,8
16.4591941507452,-6.38468856491427,7
14.9223118752314,-9.81695670337812,6
24.0192071401641,-7.29034654612812,17
-10.9249143261237,15.8227630792199,18
4.43636575859413,-18.5951303307659,7
-9.17870349127234,-13.1062113726093,4
-1.87036441582136,21.8403035516294,4
-19.9521141124581,-10.4994156536824,19
-8.86449944370335,0.641955089674472,3
-10.6964369538991,-5.93809922296971,13
-5.96779903594036,-4.46108002176064,15
-1.52512375276267,-16.4296141126762,1
-9.0009026401982,-4.6217568832289,11
28.8659619546834,7.34209690101494,17
20.5021425231557,20.9303651087518,16
-12.8352468341736,11.9725770820033,13
-4.65430473093944,10.833958832473,18
0.6921587312335,-1.04819340168296,1
-22.2066272312869,-9.93305104382689,19
-14.3759753609426,-0.291489745839513,20
-22.6754463527956,-13.3456077563485,5
4.65795505548006,1.36785502155681,11
-1.01536561300015,4.32084637083667,20
-14.6039103136952,-12.1456132037699,18
-11.8615235559141,-16.5514697993358,7
-5.15713693604425,6.09983762651377,9
18.5661071633345,-23.2823805492363,1
-6.0723184229159,-10.3103455742702,14
9.69328741201422,-7.38795235340118,7
8.33966386547107,3.95754145418328,10
-20.3950598418092,-1.07486731632025,13
-11.4573188665279,-0.465155407989527,20
-10.1069751886992,-2.87592928687024,11
12.586071336524,6.95692457285626,8
-9.00141029170307,6.27052022647597,18
-0.410434306861022,-2.70958432585587,11
0.00572162227784428,4.85026655849685,2
-4.44881681277103,-11.4897460762169,10
-4.10367870107279,12.3134841823252,9
-0.954420252387598,-5.91935160370837,10
-5.70908048557919,-1.40094712956353,10
-4.02897331340773,-20.1922744563172,5
-3.59489331606212,10.6786504415563,20
12.5779526445391,-12.9322069154171,11
-11.8685773360535,4.52396316394739,18
5.89008432726214,6.06580636035466,12
2.57525788624589,-2.1355288067347,16
10.8767445150073,6.08271766318433,19
-8.67395774477527,10.1548442998499,9
24.7119073231383,-8.36650561910411,17
-25.7603154287676,4.60666675976823,20
-15.577713557433,8.92198409169014,19
48.2910777323793,3.48204820189384,4
-23.0335115837803,4.12801261500184,13
2.60386753196446,6.9169554804647,11
7.07367053182404,-14.3854322268646,1
22.030589475224,7.92115744645098,18
-2.00588337523713,-4.18895173775217,5
7.95820582483182,18.1609679614804,20
-15.8037133055219,-13.6584062295995,13
-19.2797389502265,9.32990680617211,18
7.12729263739386,-7.29826931505412,19
-8.78363335645353,6.65754784552697,3
30.7987476003576,8.15096115391465,8
-5.45920253437653,8.81101996550093,14
-12.8014266156197,12.0897114342913,13
23.9521342231134,-7.86620085213928,7
-2.92253962343527,-0.495003336619893,2
-7.38635825442283,-2.44479421031751,19
-9.65603474572078,14.4596342777729,20
-4.35656896371198,-3.51109963029013,9
-6.20766452842861,11.6764535701662,9
15.2119593911531,19.5340859650355,16
10.7137637993488,8.41688712928435,14
2.47104316752099,13.15433975326,10
-14.0910559271625,-12.7655150858989,14
3.27985828451129,1.31912653296296,7
1.12403163858858,-29.057011668841,16
-2.68834388492143,2.1368729246214,9
15.0366490239849,-12.6519335293053,5
3.71147698495425,-18.0065104363866,2
12.3933214662451,7.15973579228872,8
-9.15279372321718,-23.0775879911256,2
2.3685612489064,-20.52622895357,17
5.5221284814211,-3.41944419210131,8
-3.74124443018289,13.6410155526721,11
19.339847989851,4.09006437334643,17
3.29536393576368,-9.51904393940396,16
18.5390275994914,-8.83546362963392,17
13.7283555535842,10.9928486841927,7
22.9381654270881,19.7258788174577,17
24.6593185227893,-8.3897971580206,17
6.40199962541053,-17.0744171276562,10
4.42184251054257,8.51883555145171,14
-15.385969602675,-13.8400561499615,7
4.68263613368643,-12.3949906987877,2
-0.0285580572113372,9.04773391083657,12
-12.7663780866645,-16.590406177505,7
6.54687248382162,-2.59711675523705,7
-11.0554720446862,7.23786471151665,5
-25.1935666956898,2.53726242281145,13
-0.899143870180627,-11.3177737753666,3
-14.8306912527764,-4.0126828521717,13
-14.562013999883,3.35105489480371,13
-1.7801346757436,4.72474389021215,11
-27.6380071711213,10.4438403989594,10
-8.76091260284059,-1.84271557615531,19
-19.1293808732298,-20.9266918705717,19
4.84349424085618,11.0885310839845,11
-10.9498627089561,9.39225234281794,13
-7.68734287540544,6.29121698084215,11
3.95189234832108,4.52664404426483,11
13.8098733448902,-11.5124533175971,7
30.9951549631206,-20.4622087788259,2
11.5722219536598,8.96889382798904,8
-0.20170192583972,-18.8875634260107,1
-15.3794249243415,-13.7760608320536,15
15.9070798245403,15.4868322240874,16
-15.3830623003076,-13.8242131072998,13
-24.7922207185356,-8.34929627744335,12
-18.5535521882513,0.598391497133888,9
1.71944352316999,-6.26605589299554,1
-20.6354777435021,11.1263174444893,19
22.5446478389554,19.1148617564464,17
-20.7360580397536,7.48994548768436,5
4.92233463299794,4.65936680133652,5
-8.06739204583305,-0.393318912665965,13
13.5571023698014,-1.55588528901939,1
-20.6536861013695,5.9275029890994,15
-22.2265883384762,-4.81398181394914,4
-13.4748578410873,-13.4318052461843,13
-5.83644294494172,20.6715560848065,4
-19.8011034637883,13.098241319201,18
-18.9088561630339,-12.4536559038484,5
19.9264675902497,-1.3884334923511,17
-4.73198884609484,-3.55129952448875,18
13.3037423597055,10.0830437049698,7
-23.741712614198,-1.1351358478987,13
-23.2749242402611,7.63373984174829,19
-5.28205791080089,7.17288859067042,18
-5.17406813834217,-4.22669023815443,20
-23.2952697022402,7.68059920057643,11
-11.5182568085998,-11.4384294774377,19
0.747574709956945,13.2238310050514,19
6.90795549544924,14.7498883700829,11
-7.87056562978817,-19.4931255824597,9
-26.8659877498208,5.37373338278431,13
-1.84868937564345,4.78175625186855,11
-8.48977903612105,11.9769107734963,9
-11.6439535097125,-3.32363602208859,18
11.0504274030283,-22.6171945843551,3
31.1051571409646,7.36845759067138,8
-4.91870172244756,-2.65552683277564,20
10.020874528344,2.2247399256799,14
11.6901999446034,8.94488223844468,10
8.31495005331657,-9.46034387287814,3
-3.45087564692933,22.8986179201362,18
3.9316375220749,-2.82683177890923,7
2.21019221659997,-11.2867390973858,11
-8.0050026017852,-22.014564169519,14
-11.5426560225755,-7.45562516727689,19
-4.38412361949672,4.36782444485906,9
19.4909390183307,-9.0565750742029,7
4.87684591282012,-10.9768354520515,20
10.1720428635012,-4.41356120102722,8
6.20126154512653,5.90583186487809,12
18.7019689796331,17.4669367692346,16
13.475012753978,-27.8928148728901,3
17.3335952834047,-14.4465933844532,8
19.37876745541,4.22512605905949,13
20.1275910216397,10.2783028841334,12
11.1407397768053,-6.45394233272744,7
24.2298267118008,9.96677485779784,17
-29.7080403248865,-4.72680815766079,18
-26.8860751400011,13.4222769838018,16
24.085825267497,-9.62437590441831,17
-23.2943265728986,7.71390438616446,18
-1.60125381211524,1.04517800120339,18
3.43699692819543,-12.0166231379442,2
-2.93150352650567,10.4551087684485,9
-15.9214929147026,3.28535703283347,19
7.78803871530411,-27.8362292228946,6
-0.902534852872307,2.80392427973296,11
-3.58224454134504,4.02026707927042,9
-4.81892167456784,7.82546011373902,11
11.7043357342405,-5.86174218394075,7
-6.585342293967,-10.1418593712445,5
30.8906433159379,-19.9603355746747,2
-5.75455105252874,-0.425544576722253,11
2.35507545795591,-6.14307554877458,14
9.01272036596763,-3.14079334792365,13
0.0600751152721844,3.01315811663753,9
-12.4135308691266,-17.1637785597313,5
1.47170180273174,-28.3377817676946,5
-16.7805484179373,5.22326217560146,19
9.10962015852007,-13.5035682860652,7
-13.007951163127,-16.8724404396842,7
-7.88275330098951,0.0637562355976679,13
-2.96650313278143,2.68133932921707,8
18.26956744458,2.03097282028869,3
-1.02730847227293,-0.0501231451121962,19
-2.86329054016482,12.5000727125636,5
-1.82041645806417,16.0546058508727,4
-25.1062299178757,-2.43042861792016,13
0.90112759244633,-30.5639372932887,6
26.095572368916,13.4139796865975,17
4.69310783132326,-18.8595110517143,3
-1.50181372439561,-1.11822230983067,11
-1.97071610139319,-9.9731133010527,3
2.15656440624758,1.68572149250716,11
-0.301034573108844,-18.8168307458239,1
-6.79438484328021,9.18185517983989,9
15.9553939466704,19.4559362511878,16
-1.75784144934867,-17.0907631818978,1
0.0565309404154747,-3.79962764915317,1
-9.81758251170064,6.77204945443014,18
21.1922160372027,20.8225666783022,16
-4.83630593462208,2.04965540026857,3
9.00041379736092,10.4258680747788,15
-18.4886419938706,6.3234879942576,4
-3.5457393929941,21.5481424498832,18
-16.634495493841,13.1108081425959,11
19.025917042993,6.2369118293937,12
-6.57480146030732,-5.6405809890264,9
30.3624279614137,-8.54151734339901,17
-5.82656678158778,19.6513958005594,15
-15.7909342496793,-0.104025533702899,18
-2.59581262549822,23.9140109550953,13
2.15129226933415,-6.813743888448,3
-4.60978756577085,-3.28406970774847,18
-12.65275585894,-16.921913966857,5
26.0992227174155,6.04807973710796,8
-12.3518257064383,11.6719518722587,9
-12.9956955306308,-2.32015651224563,18
25.5457117395732,0.797350947838674,17
-5.09289579470741,2.78641472747261,18
20.1618543357937,-5.63214509672255,17
-6.90307552588949,12.274550349208,9
27.4231977305903,9.40530326721939,8
24.989181807899,-6.45552939026715,10
-15.3610486810128,-13.8024689965414,7
17.288646314661,-14.5411554136428,7
-10.633132904099,-16.4484812675417,11
-2.90029547145246,-1.52586855502674,11
7.77115773288154,-13.4508087775907,1
-26.8873388802427,13.4191023368442,16
26.0116815266213,13.4799916822465,17
28.2278193543662,4.88722570575382,12
21.4372926571531,-0.762232949601728,17
8.24089931980913,-16.2306955805458,13
-1.20428785064143,-5.33660796954382,18
-30.0244288521762,-5.2443465097712,13
-3.23653478437707,1.46080692222549,6
0.796784880311106,13.2269169430958,3
-3.84410457836431,-7.45153978066549,5
-9.24758805517128,-18.1152743514445,19
18.0679801882084,-11.0834773840935,7
0.611255239811788,-2.00225408296247,1
-10.4133183705531,6.01356738199104,11
-9.39769854300127,-5.48948705002319,11
14.0596216591008,9.95621778013028,11
-3.21122194667773,6.24669023291338,11
14.92015155706,17.0969029297862,1
6.10444169271461,-1.14868646981761,16
-16.6252192639561,-1.05342867937562,11
-3.64073959464535,-6.14189384610827,5
10.6481854111336,-14.7875672503857,2
-4.86633796372727,-11.693929338193,11
-13.4201112903252,-3.75013737426898,14
18.9999573549139,-5.14952556955411,14
-0.912756360550984,7.75194745514596,4
8.19893045329397,-13.4043279654684,2
-7.94609340051142,4.81217161433095,4
-4.84630858986873,11.2425389590359,11
-8.58608875837351,4.12420912878423,14
-11.4286227740155,11.6379401920296,20
-15.0332543985732,12.1934797031854,19
1.63376600288555,2.84997258117976,9
-1.94721691338933,15.5125353459542,20
-15.7133046880551,11.9892519565883,15
-12.3291856341786,3.00808002094727,19
-7.45693988719328,18.0528019287118,4
4.09329036496063,-7.47696872617758,12
-10.7312666934779,18.5733168147769,4
-13.7162536400294,-4.17717465580315,18
26.7099911958247,7.53386675419107,17
1.17994822272809,-30.393529715871,6
28.984252623222,8.06991676594428,17
0.579772724791424,-24.6798867206556,7
-3.66222991290268,-15.2978853671245,1
-0.0565245266247066,2.66996881099451,20
-17.3882807642702,14.7945442838287,11
-22.0637941482203,-9.90627465436009,15
-18.8790114430234,-7.50070716072603,19
-8.15861061641866,-22.1440070342229,10
-4.98651812341435,-3.14330784713456,20
-13.4915528144494,1.70535649374183,4
19.0162613894318,19.845146202008,16
-0.885111388128878,-0.659136135517319,8
-1.96222869273223,13.7378070461014,20
-3.50348575709972,21.5596613407155,6
-6.84594486171241,-5.52974494470847,14
-13.8571392523343,4.25385021932067,19
-18.0033689315455,6.58623477889407,20
-8.27791658595884,19.3120434423622,4
30.8141515376568,-1.99269010630398,12
-11.9878071701152,-15.8230208353945,5
5.33391701398968,0.270286308240676,8
3.19805471787375,-5.61363432608703,20
-0.202595649871044,-18.8442017402519,10
0.614568045062727,13.139081051535,19
-11.1840597636109,1.32336208147541,18
22.1137312652557,7.74335389610606,12
-10.8475404379011,-16.5149220035586,5
-9.46827455941047,8.43674620066215,4
-9.97228972711138,16.1664241473354,14
-5.34580605476747,-1.40780163039596,8
17.9205266048032,-11.1250967609658,14
-11.0009868499494,2.97086474942965,11
-10.6757183195148,13.3902568344976,9
12.7021821417789,-5.81992917727781,19
-5.643977025372,2.64766118012281,15
-12.6304129707779,-16.8518108346601,7
20.7050950889351,17.0793036653522,16
10.848032334418,-8.04872378075278,7
-0.34392151224567,0.15557911526136,11
-4.16233338465399,-6.27600567105047,19
1.52186341101491,4.39561195507118,14
11.3531029818261,18.1901769759775,16
-4.43180810947023,-1.87592921064257,16
25.0448319257311,6.4322295905898,12
6.93067754645163,21.0840979464932,7
18.3119581973276,-12.1296307317787,7
-8.00222530912278,11.2830288212642,9
25.0358227561257,6.4675198629085,12
-11.6184439788247,-1.384901412086,18
19.0645229863978,-25.5572934353444,1
-12.2247398892292,5.64115510421651,3
1.78657453521304,-18.4911258378752,10
21.4568791787094,-5.95840986511546,17
25.7718482356805,-11.3591699772732,1
28.7797091297939,8.02491858141077,7
5.19808385090983,3.15604026664517,20
-2.11788991790077,-6.89607075582799,5
13.2190720830518,1.03668380961831,8
24.0171155724962,2.47406462949852,14
-6.00615260559026,-3.29470418567624,6
14.329776515941,10.1940810976141,16
18.1036220100739,-10.9781585751332,17
6.59244350797387,-21.6503268380027,11
7.17389464815434,2.27398625634584,8
-30.8603409221061,-4.76536369744866,9
-4.69425340067992,-14.4481045732703,14
-4.70509542841247,10.8904559715709,6
-8.96980401041083,6.47854870836237,19
-1.59731703620601,0.0182272901664047,13
-6.16991722230355,-8.47184896255117,9
11.2525572006457,-3.43930785512307,7
24.9813225405976,6.59579573273653,12
-16.8815236644335,17.5965974757027,11
-5.28171382852145,4.3513960615376,4
5.94239317662113,13.0393788130103,11
5.35691340591841,11.707952268787,4
-9.52874312239985,0.425969440560034,15
-4.90438353806813,-4.2917845959351,20
1.45642875407724,6.1601579234379,18
-9.07347937973684,6.11522231916038,3
-13.7829954975846,-15.7275429703968,7
-7.02666079633615,5.61996671998987,11
-12.930853602437,-6.28717172748421,7
0.968875538921599,-3.59489910307228,11
20.0928745891233,-45.1044561305808,20
24.1707173453407,-2.33549802763006,4
-20.2382059157676,-4.10871082683965,18
-15.5109201353015,-13.8291814188987,7
12.9018023941479,-21.1048603621027,7
19.6804804401096,-9.20217579433911,7
-5.12343007742043,-6.49344735105719,5
-13.1434579325946,5.07543450650768,4
24.8608157687845,4.87968170932012,17
-1.93127799478009,13.8267969951161,19
-0.759224289567959,-27.6115139543325,16
-8.50386292180623,2.6941651698947,18
3.53413997578968,-7.268567778737,20
-21.8127414206256,2.94358095318779,13
-0.217505223869148,-10.8929374079554,3
-9.83747582435668,4.47138356744463,18
18.1860056118443,-10.5042437121873,1
-1.05458576329264,-13.2529054464431,3
1.55645566919969,-4.68217193757346,15
-15.3195134798801,-2.28778964639405,18
25.257482425023,-3.84014879705168,7
-5.84432853377483,6.41814686917111,4
-2.14778001096204,-19.3917722251451,1
-20.1481721587333,2.90225111978018,13
-25.0077370127709,6.86652454418319,11
17.7038796684462,16.0501391807702,16
-0.0781574599836829,13.4343576888426,9
-8.36492769164971,10.4638955881948,4
5.09784806413797,0.281831561337656,7
-15.8448445444307,4.27610180310357,20
25.0515399158999,6.39901042791833,12
-3.34535637030648,-2.98705108467622,5
9.57974141315362,-0.64512741890346,10
9.0613952593771,14.298713651594,18
8.01725792717902,-9.12668545908915,5
9.20705986878329,15.2598706323207,11
19.5440837714717,-10.8164952429698,14
-14.1233477535295,-12.6462644557675,3
17.8523122633198,-10.9036136191762,7
-8.09726392964276,-1.18985017564428,15
-6.84324052143428,5.2210689709708,11
11.9804964152962,3.99018765233912,8
18.2260605397812,-10.8676016085754,17
13.6231229975826,-8.0498832986953,7
-11.7260952238377,-11.9170540218082,5
17.2688797960055,-2.90237659306527,7
24.8823042616118,-2.18586730819142,8
-14.3568700521796,-12.9790105455082,10
-4.01807490978305,22.1430139000547,6
-1.89837474340417,-15.2597787079981,14
12.4587615538469,4.84970954134203,7
-8.22869278479655,11.5835150011723,9
-4.7030290381248,-14.4006186252255,15
-0.76128397513918,-7.00428396519307,11
25.9145910647026,-4.4572605880241,17
-11.0229238559139,-13.2938095889181,7
6.4666597442884,-9.97779953773574,5
5.75278127523945,11.4622821991061,11
-28.1842297738072,-5.02126730921489,13
-17.0689095402626,18.3395928505315,11
8.37687530271028,6.26101212955893,11
6.0538984416199,9.34699780068648,20
3.36100779927053,7.99203582124581,12
13.6624887021529,-27.8084475036235,1
20.1659111368491,-5.76027124619333,7
4.57877959250333,18.7502902883703,6
-1.00444488534927,12.050100592331,11
-0.295013032978615,18.8153468432377,6
3.2645891996059,16.8071865536422,11
-3.74979352584337,-7.37842855430779,16
2.43146289129741,12.8276939397116,11
-2.00388234057566,-5.87061041115642,14
4.21069679028482,-7.51853116533801,20
-3.4390380570195,-12.9328915315117,9
16.2773633331457,10.330266045619,16
-12.2244550870474,-17.1988814811341,5
-6.52178065586918,0.218371641163841,19
5.87528647822262,12.24079859585,11
-20.2400340088275,-0.18131566461998,11
-28.5272163006613,-3.74455610721613,11
-20.792819408453,2.5114710553291,20
4.36630450121296,13.3954342812666,3
2.69544202848288,2.10702485341696,2
6.18904697375893,-17.1836397120327,3
13.16631465026,-28.0014086956522,3
9.91220942730433,-11.7350148543575,11
8.95961174962636,-7.8464191691934,7
14.2877070726406,-7.04828065100214,7
-12.7968798464236,3.7981032913623,11
-6.94600408527528,8.35679472724131,14
-7.96768465211689,-3.99904124511312,10
-29.6864722830386,-5.43384603493223,11
15.4029417092105,17.2447842997611,16
-10.8444854783645,-13.5359409481887,7
0.737147360309265,7.28960903998141,6
-1.36685964373205,19.3390564582143,6
-0.297562866004485,18.5960620323298,6
12.1368989987411,7.41980549943134,6
4.60039304173829,19.1397008923519,6
1.84533216867157,15.8608289811437,6
1.07554900193206,7.79475133837109,6
-0.300191606614703,17.747943286294,6
-0.0972242966894683,19.3289734419678,6
1.54568519628605,8.9473307295138,6
1.67312323535886,19.4281119529422,6
1.87516364561019,16.0299675011408,7
1.31319051040104,10.6325099023032,6
-0.854633596448544,19.4830207216801,6
-0.728382947598029,17.8629625161832,6
1.83272296025591,19.1922122459016,6
-0.289423167964848,21.7897116449954,19
-4.97149117715337,1.4368777185872,11
7.90735894257267,9.95612841321476,11
-10.615955168312,26.5408325741663,11
-5.54418745363846,9.60154795683457,14
-10.6159551692141,26.5408325741663,11
36.3945216049483,-37.8772064294006,9
-2.11386277711724,-19.3663233764856,10
4.87969623767496,1.46438920271215,16
-23.8134774174166,17.2650938696348,11
25.8742547057952,-11.3817496344648,17
-2.43773587626418,-8.23028313618008,5
-22.7738225027069,4.30590061270348,13
-19.9916347552961,6.04586123799542,11
-9.01521517297475,7.7336047403666,11
18.713053407731,-12.9568239585787,7
13.3567433718564,-24.2308012814288,16
12.112070435857,-2.47705185508171,14
0.54044127756899,3.59910171152289,1
-17.9038087591047,-8.87472227626174,15
5.51939361630001,-16.7129033484318,1
-1.48605161079925,-17.1203057199125,19
13.2271334832788,-27.9844489164016,1
4.64856792750764,23.3201655941721,10
-4.88413202677007,-8.02233310961894,20
-20.2182058191272,4.12934681098198,20
-14.0874996832535,-12.8172335455546,16
-9.27239728582564,-8.53163601569853,7
-29.9149962608932,-4.90177718326195,15
-12.9170209767804,-17.0740458185364,5
8.92357348319531,-13.6805818372637,3
5.26967777683035,-2.63116506523772,10
-5.4162755887912,21.3087568470686,14
-1.35884029532621,-0.451873834391774,15
6.39055730124342,-16.8352583234557,15
23.7511305073497,0.865132929049662,17
0.120859562755314,-11.4732820240817,11
-11.6457914632656,1.10045574441974,18
-8.01474084940879,6.38969079438184,11
-5.4791904890481,-3.48995542471822,20
13.2053545739063,7.86778086242668,20
-2.22164990345105,13.4503022337319,14
-12.4853078175698,-24.9283731198833,1
-10.2625473672599,-16.3359162740528,14
-1.3560662966281,2.35419137761091,4
-1.77555228200436,8.46837511643228,15
-8.08773390839814,-4.81673301595769,9
-2.65891361355205,15.7909034430994,10
-3.24403529800544,9.01961948934907,10
18.1762111816165,-9.00390630135825,7
26.316449742427,13.2830080852975,12
-11.2136380051445,-1.5490315695566,18
3.85322077902003,-9.32722855233391,1
6.22402112538341,20.8030673412741,6
-3.1221457600699,16.344861499883,10
-18.1808519105814,-1.35902826279649,18
12.8378455235458,7.79660008000409,8
31.309973857374,-18.6717007707131,2
-24.7093071833361,2.04102288869741,20
14.9527592824572,6.79939033398754,8
-5.34036968888764,11.4300149360024,9
18.2286337957782,-10.8692089282228,7
-0.360789694608542,-18.7297684725858,1
11.1326138859285,-10.2557851357302,7
48.2918956068162,3.48215630463246,4
-16.891698429911,17.1120681306075,15
7.04819397904035,-17.5230857431861,1
14.9800014229505,15.1227750211019,16
-26.0732516213417,4.77921528686715,9
9.6363764205298,-12.5690345926688,12
-24.138646646132,14.2079176307293,10
4.99787325182976,14.1709811947646,19
14.0695418377447,-3.03658935499515,17
13.9960617930094,6.55517873483246,8
-13.7579012331452,-4.37991410278824,18
-3.13747050649171,-2.60049394208543,5
-5.8361408615406,2.5434249909156,18
-19.6224053350876,16.1704458570513,13
-11.2592074186904,6.85758428449896,18
-17.4286253981813,4.26157506473742,13
12.6807454860352,-5.95951869967627,7
13.5140984992855,10.0606639949757,8
-5.82268890289996,9.47245331234984,15
-8.83764773143301,8.64539066828249,4
-0.339286493579169,-4.62943222461019,5
2.06355844698899,8.54446334940829,12
-6.10149992908718,2.50734166235225,20
9.72902219358476,8.29625573706126,16
-8.13940273488046,20.9998528397687,4
-18.5050918789008,3.70004725868151,11
-15.9512145737216,5.7988870565104,19
6.084537960993,12.8458310371689,3
22.9245382630015,-6.00933647394131,17
-3.11719312689419,18.4091539908361,6
18.4124299785266,-8.78999769659591,17
-1.56897569020955,-17.2074714402472,19
-3.90059243805822,-1.2035409995365,3
-14.0512774846121,-12.9649385452713,10
-0.834188608003858,0.639396489639526,7
-6.2626933066636,-4.87420097489607,20
-9.03576102867334,7.03624737810879,20
-9.5629652780107,-4.317628432566,4
-0.749639972643536,1.57170021313308,11
17.275893566487,16.2286196693236,16
9.73496915850162,-6.0940716390808,7
22.479091555356,19.6464625131806,16
1.22017255305144,2.48432293231099,18
-4.63484951490828,9.7118881461925,13
-2.44844186495075,12.5712451057158,11
2.73552955526584,27.2309502606428,7
-9.00767845568505,14.0863222656043,13
17.9819732328084,4.18606019187922,17
22.4816719485111,1.15272302501199,17
5.43780898002197,-1.82249309097407,16
-24.2537937698401,-16.5970867552789,3
-18.7590377759068,-12.7407204418684,19
4.8491049223803,-2.53896701371063,16
27.6436511524784,2.39269532228474,17
-3.79924060116959,2.54632498360057,13
20.0970029687106,3.71299921360058,18
16.3832556810325,4.88388989108306,12
12.4477462254924,-14.7008772154064,5
-2.510809115803,2.26726848613396,19
-5.23821344290899,24.6373179180272,6
22.0595476640601,19.4775915666258,16
-0.749629291063168,20.9940641462218,4
-10.4925507619808,4.72507643465813,11
-0.106345174792911,-11.276803703778,3
-4.14392772793788,10.3714976021911,11
2.56144987561131,3.50026332608287,10
1.6673200149586,-5.48041078586932,11
-4.64247667283499,-0.899928868822793,11
24.3789767051858,0.906670525114774,17
0.613265313457961,2.73471153928416,8
1.45114162504769,20.7641762870061,10
-4.50356852338814,-9.52765492784875,3
-2.62627813220389,2.27082670613947,18
-2.9534930083591,2.12264737136695,13
4.18163232814213,7.36615724108324,12
-4.20922998290266,19.0554357204583,15
-16.2641770448004,-10.1060414956195,19
-14.6354745347288,15.0386619162505,13
21.4979168266024,10.308234611796,12
-0.764707690135309,0.785524320616403,8
-8.17381946249657,5.15447575590912,20
18.6046926867814,-8.91976699097308,17
-18.6483419932461,3.9900609664149,11
-1.52506764784865,-26.6699294160179,16
5.95960672799142,-17.1119876248359,3
-9.15794019407048,-18.5501531516821,15
-0.523064484523983,-0.312020325330391,11
-4.20354130704528,-3.83869997360286,5
-24.6924873807756,6.35750082021187,13
-2.80322098267175,-4.8396264656501,19
-18.4555804330432,-3.01655110734777,15
7.96914623635865,-9.87794473334097,10
25.0691728527044,-10.3489158145009,5
13.6116828002195,-0.708391470360445,19
-5.9070042280185,-8.92733311223177,15
1.17925852132124,-6.56797094139638,10
25.0661111880677,-3.84906987669513,17
-7.97128892383786,11.492675887225,9
-10.6418546607536,-1.74600734840317,18
24.3120704526418,5.06167142633033,17
6.32371111301801,4.3916777604813,5
-20.6022230413852,9.20802042255706,15
-21.7737394860889,-3.28197301424403,18
-2.45673955569617,-15.8258129326045,19
1.11783280905399,-30.4359647700661,2
-18.797911993054,7.93116495806451,5
-5.67071152561315,-1.43706703981985,3
15.313910234841,17.6262343314217,16
6.89624641965458,-26.9160496899383,1
-11.7090521791178,1.46717014167148,3
-2.99096370467054,-1.61336111538805,1
-28.9210670429471,6.97376431680769,13
-13.0228046674403,0.611642250255877,18
-13.5279711508863,-4.74816055920983,1
23.2769031825276,-3.33140834253502,8
-14.1537746031296,2.61303239486606,5
8.21502331318164,12.5180879853283,14
-6.49539071083483,7.07131802408785,6
5.31312336716115,4.03136416538453,16
-18.2032738521238,2.61665498958598,15
-12.5436379630144,-17.1493359822006,5
17.3441851129047,-3.94684240765932,8
-3.03852591598381,-3.0690380874625,20
14.9944186733581,23.459786229549,2
14.5660164571654,15.6024416464807,16
24.3367451200345,4.94813415568436,17
-14.7129630742188,8.38356408921236,20
16.8662164161231,-10.8043640272196,8
19.2036982654598,4.28126814549458,17
20.7707967687646,11.051653692054,14
-11.4906571687284,-1.45045513570566,18
17.2779796416728,16.6473365336303,16
0.31324183041314,0.438551221473672,3
24.2522999020609,5.08636425678203,17
18.3564485846015,2.00932439058207,17
21.2919429779142,19.2785412547152,16
-10.760519979605,11.3734123847216,19
22.1829636202078,5.44756689613285,17
8.15703707897685,12.4727538861199,11
9.37726677285295,4.99532721210643,10
-4.92067536945933,16.1424307274148,18
4.59101065113974,5.83147133459694,1
11.923923025087,-3.96463339757864,7
30.4567464071926,-8.75766823939345,8
-22.4489738566326,8.62320770022328,19
30.7839959729001,7.74065068872603,8
2.13152707070816,-7.33261383782207,18
15.0398321468043,17.223245589272,16
-1.24556797314329,-1.48139402208604,3
-0.216574019975596,-1.45092121837538,12
1.8399894154055,-0.677946247175416,11
-7.545465231129,-0.881329827062032,13
-30.2195638318208,-4.69138310307924,15
-0.613184547050097,-2.68892421746112,17
7.51436820935706,-5.14684558133508,10
1.41809269136726,9.67729702341413,4
1.12351947626202,1.00730298323063,11
-2.35941312605544,1.06008407790464,16
6.55600076478315,-9.25332506324508,5
15.6856703337235,-1.75778953851122,10
8.63129771184494,7.12943530745618,14
-2.03598256207356,7.79676246032966,3
-7.30474952935585,-8.6974990125934,20
12.1802741005032,8.90283495176074,10
-2.02116787119985,9.81477570571167,12
12.3022522716508,-7.60017384486284,7
1.74305128787288,2.12146824690574,2
18.0490020669081,-11.1733761857933,7
-6.97466522827184,5.53102719941486,18
2.77749752135777,9.87250923195385,8
20.2831666081812,-4.47460048866992,17
28.4848016211345,0.703058651771736,12
-22.8759247042666,4.15986214047869,13
-14.0767947949801,-0.499991613807914,18
-8.74337792560422,1.87162270824549,19
2.26818957287859,-5.56933057425618,20
-16.4937957492439,24.1056142917736,9
30.4208123430669,-20.1547897259009,2
24.1017596170367,-11.7179383394466,5
12.4257328960591,-19.1652667456135,11
24.2274293685401,5.13095849898217,19
-3.63052836146264,0.686460283080828,3
16.4884540214133,20.6224676053142,16
16.829465002185,-7.88790521718957,7
-0.082714847762311,-4.49828387083595,15
-9.65100121322369,13.6194571701655,9
-8.08504195563827,10.8084829622627,15
-5.59198491094616,2.64974692678111,16
-4.35122112188527,-2.14870840375937,6
7.78189587412725,4.4490338129586,11
0.185842485379654,15.4363090305839,6
-8.65096236797078,-0.446129456783621,18
-1.62443610457438,-26.4325164382101,2
0.0388369698721209,4.4038687104721,12
13.5839007887683,-10.5080901423779,1
7.0904599355459,-7.35401736875501,10
8.23533024457258,3.1436235466178,14
30.3168393723501,-4.04171781595192,8
-13.7141035560585,-20.9209838921648,20
14.991757972341,23.4794068918516,15
1.21202488431578,5.74323453200306,11
20.3567129299399,-6.40864378915653,17
2.68874999776601,5.18831575558877,12
-19.3952315118994,11.9421043463159,4
31.0925033805891,-19.178012520332,2
30.4564724861553,-18.5538980611797,2
-22.7036538105578,-13.1106554442242,5
4.25387636190671,2.18738937164016,15
-2.18080528018373,5.79224810393459,5
18.5019849352117,-4.95274502120847,8
15.2901999687606,-2.27652017978811,14
8.20785351782563,-9.18455227548268,7
-14.3459298381703,-18.7459122760135,1
-10.324968937302,-12.3121868257634,19
31.1561460834697,-18.8440709960199,2
15.7381829752949,4.08408268964058,12
6.28083603569131,2.23227083155878,8
-10.6025602588397,-11.9010600711763,11
21.1618600436016,19.0599452233798,16
-3.46818850935,2.61635397978803,13
-1.44423777014918,-2.45179428628355,8
-13.0859591391143,-17.0240254683231,7
5.01267723545581,-19.2228914533657,15
-12.2365941713374,-16.9264116522327,5
-4.21807517991611,-3.79024891988002,5
30.274174677982,-18.5361483030382,2
-1.42235310852821,9.14567802555024,11
-1.72055126789515,4.21888539150639,9
8.58646700250754,6.18252962460883,10
2.29177411460173,9.60498959747076,15
-15.5945820754249,-0.604576379975007,15
7.75682917996307,18.5994329692001,16
-10.5886116286258,26.5534378072336,15
12.7116374719299,7.73503257563982,11
-7.86568821359612,0.232674025623165,11
10.2374228119827,17.7836630703337,15
14.884471494071,17.3227384150638,16
24.2430821667872,5.12324263674285,12
-2.14394613978704,17.7680496760986,6
-13.1426287894787,13.425352471347,13
-7.03475080762776,-11.2698487341042,11
-11.1256702522461,5.49148934205948,11
11.1922692758718,13.4294001161442,16
-17.6262047651244,0.408277032874571,11
-9.94229743445868,-22.4111195606953,18
18.416960586828,-8.8430160941498,7
-8.42630298667723,3.36770650709346,1
20.4296112470036,-7.55076766270826,17
-5.90863462684515,-2.90746896190776,18
-2.99185385329345,9.62922820302848,12
17.5141135772114,2.52442345490392,14
-5.60139999106787,4.01905214434788,4
-4.33352264837162,-20.15693958684,5
13.9070376686898,8.07987977454158,8
-20.1479575889074,0.696743964538745,11
12.8025959356682,12.9507651025043,16
26.1951412547842,-11.5212192197536,17
24.1165159763066,-8.05028444783985,17
-1.79570487214536,-16.446715530282,3
-16.6103205975637,9.34126496671935,18
-7.02377732636264,1.06621187160547,11
-4.19414583114739,15.7076090087088,15
0.908526360811943,-9.51501628698815,3
-9.40497854513671,15.8286842144317,1
2.42109127876193,13.2177267715706,18
-18.5030751256119,8.64400633110832,13
-14.2237342116483,7.19054147174432,18
-16.1827225302863,9.17675717714852,10
-14.5621135771876,9.11594156921841,18
6.04401685318395,7.95144946649831,18
15.9239225323319,-2.12148424164245,2
17.295697016553,-14.5815067251272,8
-5.20133400472224,-0.475169774670708,9
-6.33699775531085,-16.2611370851965,18
0.654237290044278,-26.6002176491094,2
-4.81814868967796,-6.57437629688246,19
1.17209740652909,-30.439736049184,16
-15.9106345483463,18.3622748784934,18
-19.1197120787516,11.8476604073473,11
15.8085847842706,-2.4203488921328,2
0.0513815321403268,-12.6221913303247,20
3.0031964399473,-3.29626407238586,4
1.90582964439334,-18.4484100963037,9
18.9545131021107,16.2041468415813,16
19.0626811597757,-25.5192049103537,1
-1.47744991546609,-5.58140364403889,5
-4.18985832244346,-3.77824094998747,5
-9.23941654419812,14.5277358759165,5
-6.10827421425598,19.0069139376298,4
-3.51607706131717,-4.77466148579306,5
9.65517239132717,-12.4944360420405,1
7.91342768127647,13.3649966791882,16
-10.5996494970075,26.547605155021,10
12.1225923584033,-6.8461594104707,7
-7.12069507445659,12.3544924027755,9
22.0637590958733,19.2021478351471,16
21.7397024279506,17.3045747279417,16
-7.74375268619887,20.6721044960422,4
-7.84556791082691,-6.86964240499388,9
-2.36596368626681,8.93661897704207,9
30.4127021811173,-8.41531829374771,17
-20.3824301717756,0.111403310373461,11
19.5008497042967,-17.6033579930117,2
2.87320566107788,-14.5234898401913,10
4.15485644793134,6.72243892655818,19
-17.730303842105,-11.4480355122718,11
30.2032000709914,-9.06481625797841,17
-5.26251700193321,7.95239526752568,15
5.27550549332533,-2.6160494263357,7
-9.00065923528219,1.40365354523998,11
22.9285820111381,-5.96981511041348,17
5.43028399502792,-16.6665813416725,1
0.999073077517954,26.2355821742008,19
-5.77194363814101,1.76286147327346,15
-9.30037935208706,-6.97406236594227,20
-12.6417589603674,24.3205700114959,4
31.0419471390866,-18.7128152051568,2
-18.3229022239384,-1.33497476639941,10
-0.558909451523682,-7.1301698706259,5
-8.45049822839193,-8.37265216356877,5
-8.04573549625527,-4.5837983260172,10
-0.814615111100414,0.638023266661904,10
0.414880777047396,22.3508326120979,5
2.37403369994748,-9.24010153899017,10
-20.6132987727122,-11.1946076924216,10
0.445871132917819,6.77334405871181,18
9.45227933586418,9.63081776448701,10
-5.72313676566881,-18.0847981091655,10
-23.4307117636706,-4.468493027108,11
-0.49872896824501,-10.3732352636624,3
-19.7984515884543,11.3823847478156,20
2.13885050296086,3.46866819009901,14
-4.12960748577154,-2.67387128795167,11
-1.97052826805684,0.604953129846361,11
-0.220452201947668,-10.1450153906511,3
19.1425293960223,-10.333868710218,7
13.8379993869587,-22.8711695789991,17
-8.22653497403691,3.15272884100299,11
-12.963606350891,-17.1226091232308,5
16.953272405629,3.76565568446054,14
17.4999480940101,-4.99649917531326,14
-4.07167387697536,15.5750596440419,16
-4.67494816807401,-0.827172159274706,11
-5.60394319496749,-4.85173186379516,20
20.0931914194672,-45.1043518637163,20
-1.49509931194424,-1.12709371534418,2
0.962693349042372,-27.3477998441728,3
-15.2335030100524,13.9074878338644,13
-4.43073989819611,1.13794562959799,19
19.2774242002243,-9.92496071451363,7
8.82629544497858,-3.65647484424205,7
-5.68606115287901,6.5352464973867,4
-15.8593325015117,8.3317780052748,20
0.401840294772321,-22.7780575725022,16
19.2457247463893,-10.3265902011713,14
-19.4675460928031,7.47872236951418,5
-7.61149138508653,25.8637780029577,11
-13.989327129535,7.98963545260194,18
-10.0014482933266,16.7344937830655,14
11.3729925637533,10.1695063214207,10
-11.139916572553,-5.69779228429026,13
1.82238987600346,22.1543096007137,14
30.582694207127,8.1579111824078,4
21.2452670386925,19.7913904584994,16
-18.228818307619,8.74758359553392,5
-0.41921579543604,13.7759252023635,6
30.5348784051371,-8.85404250643414,20
25.0571551729247,-9.65986877609421,17
-13.747277001793,-27.3572491977799,8
-24.7347581477909,7.33451989918047,11
-0.489625633257868,-5.48078736920277,10
23.9784551071578,-5.12266613823299,17
22.2415636264843,-4.73718710317896,17
10.8412105174143,-5.36662481916074,15
-9.81142705666064,-26.2449346485934,9
2.17729225744257,-7.72208182090431,3
14.3080843144971,6.72903742541684,8
-0.322096721657055,17.3981757763213,13
-15.5024672887743,21.946082724746,1
-4.22376164705229,5.95078799683463,17
8.25999292094723,3.93672683629293,11
-12.1676594089575,19.7356885311172,4
-3.3461215401956,3.09561197329666,4
24.7620987418623,1.21539548892062,17
10.132177064234,3.10873094664087,8
-1.710912842552,1.22223279269909,17
3.92144991345949,4.57818647130398,11
-2.72286451645023,1.69794940601325,16
5.4612387232833,6.93533106435959,11
15.8798426427744,-5.01089527373874,10
18.0017709609465,-9.27983228566996,11
8.40054686452588,7.18205040779262,14
22.2860133016523,-4.54436022314994,17
-8.3896039004874,0.424215548081294,15
15.0158362947191,23.2700671004542,2
-0.134600741690246,-0.185520921414321,11
0.956168984676952,-30.2798335169243,16
11.4315949080024,10.0414577032696,15
23.2217393989076,-3.33079808726809,8
19.2928811703702,1.61075116760986,17
-19.6184577787768,-10.114998963113,15
-3.53240030926993,21.5693633962332,4
27.2556141419548,6.54245104304109,12
-29.0475985144242,-4.92543971434593,20
-13.3306383035432,-17.2477995188628,7
28.070355718042,-7.39624716083593,2
-20.1998003806465,-7.05271139902522,19
-2.54290108928474,-3.13882867974806,1
-7.15939845588639,0.0456323676028361,13
-17.0626945248662,10.9679044137938,3
-0.981441461224662,0.965068085622842,11
-19.6850032848813,-0.120638788585103,11
-3.34911354366482,5.51790998494506,3
-1.43019058575513,19.943014532515,6
1.87972760985294,16.7501878130156,6
25.4587316957524,13.7963693904189,11
-22.4620469782712,3.60479023963226,13
6.05577717086006,-10.5077396211174,5
-16.7290156902359,7.98852319469786,19
-2.93065945130615,7.44367607694763,12
-26.0086262460766,4.81801770813901,20
-13.9378276601964,8.88926443013441,19
19.1607961715279,8.76989576399314,3
-12.4949071628011,-16.2495890219836,5
-5.19756215552546,-0.474271437239856,1
-16.420974683107,15.4996839211008,11
11.5638855984406,17.4668345213253,16
18.3259723429819,-8.868336823825,7
-0.570680260003013,-1.42664038202332,9
8.7309163981343,-10.231949594892,10
-11.6311282556659,0.378681330485478,4
18.8439672979224,-3.31739075990492,17
22.7146840009912,16.0065866734045,16
-2.08063410288307,-19.4194074965853,15
-24.3588569107549,-11.368155720923,5
-4.10057285439439,4.87395371409323,10
3.81037255806245,-13.4405341074906,1
23.1894018833029,-3.2640790719687,8
10.3574568368513,-9.72477975608606,7
0.0349136736872751,-6.50881975168914,11
21.7986562487799,-2.86121834712616,8
-28.5148976125291,-4.62286445392814,1
18.4428935365695,-11.713179019721,7
1.72575790317781,8.96774448297088,16
-1.03292510485357,4.28325700541712,14
-26.9571137866826,13.4621333031222,6
-0.0153751038332281,-1.44295489714064,5
31.1081877264314,-19.0466745639144,2
4.75120653770348,18.8949667466522,6
-0.668242021451479,19.5296050108584,6
-0.474433726357165,19.9151912012954,6
-0.451900585730173,19.6758176346169,6
-0.738433894996365,19.8644822340526,6
0.675713288100993,7.92853159772446,6
3.91719161674371,15.5894593946539,6
1.54778521836806,16.3271829199601,6
4.82525291244937,19.3139283856515,6
4.7858175066168,18.2282547704327,6
3.3870542772125,17.2072531782733,6
1.75277778710842,15.8293073703756,6
-0.598259443519721,18.3819074094,6
-0.607907036204125,20.3659130250854,6
6.16287689468984,19.9146418357136,6
-0.530846586924594,19.9901849257457,6
4.84597169163651,18.8710883284601,6
-0.254277293100146,18.7584379286946,6
5.39232600950009,19.9043729125785,7
-10.8653915032801,11.8539101067331,19
31.1736010016084,-19.0768837819452,2
15.8237769374515,16.8037027520349,16
36.3944600908426,-37.87609504758,9
19.3696004091022,-9.92079419821497,7
2.47908636651021,-14.999631015456,3
-15.2611790007665,-0.69229350182972,18
15.5990304664065,-16.6966402113849,8
-24.5893924059764,3.43470393959821,13
-5.05484828965323,11.492946755996,20
-11.8385462705969,-16.5412409943718,5
-6.75543098234669,9.61106430992855,15
7.85945958203282,0.652753675203205,2
-17.2211523822195,7.55341455600968,11
-13.4241641088519,-11.0563552693471,19
-17.6584535644179,3.64209420236117,5
-14.288595529091,-1.69272407231749,18
-4.09706368683709,-14.6496963931078,9
18.7597576979963,-11.3096918994948,12
17.9638064272304,-9.13221224571972,7
-6.79637298639458,11.2313282083781,9
-0.170342763006907,7.1001429930518,10
-13.0348815001197,-16.377502102051,7
-5.71556983963287,10.7153431854413,9
2.59497820543289,-9.33800792802168,6
-4.89934251043169,0.572707941854479,11
15.0193780283487,23.1897750046511,16
-10.803720641961,9.12392838111704,13
-12.4360856169451,-16.9939175830721,5
2.81606673795253,4.23954595419219,14
21.5170215088882,-2.95897614218987,17
13.6170714470444,10.4706286872193,7
-8.09465666872519,2.69349300310184,11
-1.14179424224667,1.43937362436243,11
31.3286180403612,-18.6143023520507,2
-18.6290629440881,-10.9078576690149,9
-0.287402563350306,-3.8097781862394,14
-19.1635924691215,-11.329587806817,14
-1.7780977004201,6.92844123476874,12
-14.889899361293,2.00939100385404,19
2.92132705837676,2.23610552893256,16
13.8188395674585,-23.9677619458755,16
6.8794912604287,7.88474233899539,3
-3.4999523127079,2.56800427283199,11
9.66843044580493,15.6244601262066,10
1.02230067945367,-16.9929589616719,11
-5.23483579024094,16.4222832430536,13
13.8240616505345,-23.9836538345644,16
8.04515190051885,-3.94581283970503,16
-12.9333049793598,-3.69062847549661,13
-7.27667774800622,6.51336211233235,11
21.8347012983888,-2.82693041846013,17
-0.582080292213073,-1.43004088038621,9
-5.59350558385759,2.64588146832286,13
-2.77041839445069,-10.7280036772294,3
20.8675322335881,-8.67764652293584,7
16.243114401962,8.53986240971973,8
14.9810379636094,23.4209075441965,16
19.3808892553116,-8.56835741140129,7
-26.3529141928539,8.56270746406742,11
-24.9831692711686,-2.64387991460856,18
-22.8072823447998,0.648395784285158,13
-24.9349856396569,-8.12761740995341,3
-28.0459878541167,-2.32396829884453,15
-4.67066493545321,-10.178524958401,9
-19.1120064056293,-2.31674772519678,20
3.10828199002939,2.31972355908716,17
-14.4246174023499,4.6454723269983,19
48.290845393852,3.48203720125995,4
1.70457646018142,6.50700768779191,18
-17.0333032562003,-2.16759449726875,12
-17.5035329795039,5.04863624886022,20
9.27232104776177,15.2699364055607,2
-8.51759738983249,11.8040956017888,9
-0.537219405097892,-18.6076000097117,5
16.3078816076655,9.36688643895963,17
-5.79531703007942,-9.69466064338985,11
-9.4146869749379,2.99643149612993,3
-5.17269318498529,-10.6933225217122,5
21.5759958785857,4.23655860871209,17
-9.22489859086717,-4.5966599880736,19
14.4138644060497,5.15753649994325,7
17.493192524525,9.23954042880898,10
-10.7278908757805,3.62923518057861,3
1.24953114602432,-3.62085361315071,11
31.8765308470986,8.7060185768501,8
20.6004097629995,16.942312044547,16
2.51657024009764,-5.80673185192781,1
13.8111832840165,-24.0128260943248,16
4.35283196091986,13.2774586052523,13
15.6449355444796,18.9982497333072,16
-16.9902180332919,8.91853537727162,19
-15.2730734499,8.24422417250191,20
-16.2704485228949,-8.20359249901911,11
30.1295947097148,-8.62403776645678,17
27.0295411790927,4.20063801107125,17
-10.0747527546978,12.0308222720526,9
3.76395001698209,-13.1097556314345,3
16.3595974207534,-4.80957129235137,8
-4.37820881566865,13.6784487202929,20
21.4251546377758,10.2201010189946,7
23.5696583985799,-0.170922350601847,17
-1.35179703105642,-8.99130315467637,10
4.05848824407482,10.1915012504224,12
30.1710767316378,7.44350238739065,8
-5.37854764954401,-11.1432906059549,11
5.69295100731737,14.4282740375057,11
-13.2281806201288,16.5483498638411,3
30.0605492380759,-4.11708179144648,17
-7.5270323821782,-5.47270812871665,15
30.8799760623879,-1.96884631841389,12
-16.7916945427816,3.69745924769314,13
30.338078249354,-4.10160493642908,3
5.39914606124216,-6.23791757597954,4
7.97531076942273,-17.0673599015515,10
13.8207577105787,-23.9926945242861,16
-7.15645702130626,6.6643662323625,5
2.82074278448349,-11.6679020031967,3
14.1195120662218,19.6181796076188,16
-17.500261565866,3.21972753712627,11
25.2178076073788,13.3537496884639,8
-9.84610403053161,8.76849558528192,13
-4.97145478549031,3.33867119970671,11
-0.231813108423775,23.2488340548271,12
-4.97543719174824,-2.54539143008966,18
-4.17322896295103,15.6493137705944,6
14.3523855396699,-7.06050558031424,7
-12.230607005449,-16.6228816986766,7
25.3288019468502,0.493592234882037,17
-16.1915164610392,-3.71772929883663,11
14.32065440866,7.8097689840482,17
9.96300836918518,-4.59437924362802,5
-4.6741952638427,3.76975372830743,14
10.6736983874823,-14.7529474051968,2
-12.5296974260968,-13.2784625095452,13
-1.5369883776923,-1.00722271225891,10
-21.0592286100405,-10.7932715966617,2
2.88850419202576,-4.509075397159,19
15.7761916683428,17.5915784823064,16
-1.8234482990183,9.63568623526459,13
19.6059921269577,8.32831887566803,16
-14.2041593872796,0.597487245150035,18
-16.4844572304433,-6.18254364285406,20
-14.0513174172929,23.3493059715911,13
2.11647132832542,2.19552050435482,19
9.44916409805956,6.21253149971299,12
16.8592563940012,-4.80075769099176,17
-23.9634378601661,-0.378396494164602,4
-15.6233797413734,14.6506111604913,14
-21.1481745211374,-2.7178860099341,13
0.396786030988006,5.10161658086436,3
-2.71971062783306,-9.78261197769218,3
25.090993485582,6.40574867659627,12
14.52095285514,5.10172162906758,20
30.430244850236,-8.75095784634874,12
0.132387945068035,5.50736665993103,4
30.0840096183834,-4.10474439470756,17
7.86698674490214,-27.7982023949014,14
-11.8221187868036,-0.700789597760929,18
25.5616992611475,0.75362517947152,12
-20.642105567834,2.47726894983665,11
-1.49129121597484,0.736719985106889,4
23.009119741168,-3.36702796201337,8
-1.74004235472022,1.20208752636144,11
-7.67573383708153,18.1820632783704,4
24.9947644712846,6.55754156674324,12
21.1907887743964,4.25345585260625,16
14.9776647014128,-12.4990087567825,7
0.399313859608977,-10.9454604387596,3
-28.2954557748283,1.01937180059798,5
1.18523966642573,13.3596999968296,7
-6.90085840479483,-13.7681502054252,11
10.9932936984415,4.89020597961305,18
10.5017860356314,18.5964200180231,16
17.4711350959775,-1.34601178025355,17
15.733076276359,15.3181010343376,16
6.61463572319814,-5.1797323160138,18
30.9359345061859,-2.00261280759575,12
7.55284190466361,-1.1584061271367,9
21.5529721294101,-7.56497380824782,7
12.7611827833986,7.94812402169079,7
30.4827726140247,8.22951640608053,8
-29.1402590150261,-3.93754676067558,15
3.47047584058397,6.82000900448894,12
20.7361161722978,20.6427025685394,16
8.34687515986724,1.52475096061656,15
-3.66725877506784,-2.1232740449391,12
5.15178615610297,6.19107921127376,11
0.532908714575469,2.17315472094545,18
-18.1546800503947,19.0765878900761,11
-11.2771483127214,-2.40603787641949,18
1.07519468154102,-1.13968852103803,1
-1.69188991929952,-16.8953367860422,9
1.26667990952391,4.4669475697057,1
0.525217809348029,11.593413671369,11
-0.466904878606749,9.14339932764215,12
3.89964140624821,-12.7491801941043,10
3.29939045028436,6.91498068362984,19
22.5949005814601,-4.95291332226507,17
1.76999042614641,-10.2460732677757,3
-0.720861142387573,10.5191142660636,12
18.1362578007527,5.48030603692101,12
3.92308855057351,-9.0894902950417,16
25.0349396147012,-9.14194736092501,17
31.0612210906688,7.91050022900085,8
14.0338655501639,-3.43578267327949,13
30.8982290361215,-1.96470116034999,12
18.9342269885679,-2.55457141759891,8
-9.41509420857137,2.80117327663524,15
-12.4356176909631,-16.7572706281135,5
-17.0033278607489,16.1377798346256,13
29.7425706038207,-8.57957432105525,17
4.30134515214345,-24.1673806589393,16
1.64422811463387,-5.29707393346449,16
-20.6990386609806,14.4521207898996,4
17.410218446093,16.9491104439346,16
7.57003488629714,-27.5223954772235,16
-20.8687955808436,5.00522288651456,11
17.3063807321855,-1.62946235517772,8
12.2438698555393,7.5894549206958,8
-9.4722562050197,3.31253780773613,5
-0.190952764920656,-2.46461166953613,11
-9.71207059447651,-22.2490112027574,11
-20.2378634945555,-0.130521665753417,11
0.116702477687678,-7.75087896465504,19
-15.2077357098761,0.160503932488023,19
12.0539183452,7.43423454548892,7
1.62308950652667,3.64486105477614,14
9.54555419875173,-12.4413629411416,19
-9.21996576541811,20.7346987765519,19
30.0522942376266,-4.10800926065575,17
4.25243999549274,2.17114401991554,2
-5.79430020110907,21.7058953662728,4
-0.967288621383044,-22.3197593257487,14
13.8180352201181,-23.9911545704778,16
-16.5686165850423,-12.8712290784457,19
15.8578913969708,16.9488488851747,16
-6.59444360480224,12.9313569904037,9
-4.98918822341109,15.942119814302,20
25.0260143362929,-9.56443058259272,17
15.4816184625903,-16.6324772877619,7
20.0547979859368,-3.82233495658637,17
17.9332259378115,-23.1080163428129,1
17.1803830411142,9.62406633358719,8
9.36918812838497,6.20364616071959,12
0.303309159428039,-10.6608605407657,3
6.58724974447184,4.94307769791373,10
-5.18788582822477,13.3818266544157,9
17.3237446847363,15.4697112405466,16
-4.81311421030045,-2.69929791555327,15
-20.0279990291755,-18.575621444763,11
-10.2030332019444,-1.36409549457886,15
4.41716681590846,-18.560139638014,17
23.9946316800261,-2.87143207412311,8
18.0227691787798,-11.2033340785386,5
-4.21803284593193,-0.842090569507151,16
1.19658873435378,5.24617122949368,1
16.4723623955369,-4.862122797028,7
-22.0613146248096,-12.6062067428002,19
13.389270003429,17.6448507178177,16
15.9745831499549,17.2425461850958,16
-3.83828116174838,-2.80629028179809,16
3.28085073611939,-2.42242402154762,2
12.6811868592632,21.4357948424497,4
-5.6933939930412,-9.29198279833902,11
14.5604317564848,20.7732084799779,16
-28.7578221681963,-5.75429064496932,1
-1.05410715800511,1.95558990092598,1
14.5132351055023,13.8042474442202,16
-4.09577455937464,11.8488545947959,5
6.14024564612765,2.81900343046691,8
18.1652550713578,15.2773902644715,17
24.3314708337314,10.1120783164207,20
-0.884692726227003,12.8924312580907,4
17.3278149383254,-6.40604743729928,3
10.4392145092187,-1.53124452163493,9
-13.1672159650464,9.40235746268071,4
22.325964987616,-0.0909442388910103,17
28.0880226408615,-8.21978698902942,17
7.9033185840483,1.41336313334805,11
8.62578489832832,6.32515987369811,10
-1.967704228551,7.48532246687537,18
5.17041814773391,8.20407554821753,10
-8.23526745540255,1.97758740060073,15
-6.39264905810556,-6.19551956954406,19
9.38219688825333,-4.14826329656085,10
17.8042757564989,18.3124427675843,16
-2.1164474318699,-19.4713846312636,11
13.5934943871691,6.84048100246673,10
-4.17340955915339,-3.28371367837223,20
14.0629977983729,6.46844522866958,16
-3.95955191779229,-8.23334438670314,20
-3.01353394552349,4.33950433247605,11
15.7235290342275,-2.31235982948563,2
-14.9587812835007,8.48654292020101,20
-14.4851450623698,8.26916427239868,13
-1.81279469318322,7.52001600930882,12
0.15528185553512,-1.74011730870738,11
-11.2223463877475,6.32360035860216,11
-7.67488310548623,-13.6491600907726,16
21.748473925095,0.525075488703474,5
3.67964731840747,7.99992069941869,13
-0.439155978525908,-16.2312177507139,1
-13.1312930993176,-17.9624360527896,7
18.2086183718464,-9.05692169793063,11
-5.88481179433399,28.1013297977049,1
-0.409866596504062,9.2554858318151,12
15.9079182650541,15.3059525423452,16
-0.875265938877706,9.41250534733296,12
-18.7510781731363,6.66894363510871,13
14.058778695753,6.58171031732755,8
14.7699153164193,-10.7381307828181,7
-0.759488058042223,4.241423616455,14
-0.0336781065059767,3.54075034930144,15
-24.7319252846954,11.977246146502,11
30.1203092950343,-3.96352694391184,17
25.444553620391,13.8068352257903,8
8.32998672634957,-17.8885888790411,15
-3.69835410212003,13.0352079865485,4
-8.49609177986529,-9.06510279406523,11
-11.3118711619249,13.8371735848811,4
-4.88290110577911,0.334057797490338,11
21.6320280133897,-8.07519148063659,12
-2.96159278725585,-6.21411215941816,5
-22.213740153058,-4.85026502026374,4
-10.2828828404259,16.9355111655701,14
-4.84680467991208,17.688375830144,4
-15.610660028756,5.85202597442562,19
22.7062175020274,-2.28406396546487,8
13.6352001140576,6.82504514484471,8
-11.0785191490418,20.9003463641239,4
26.2718127853091,8.42596338122616,17
-3.68276671971166,17.4031710102913,9
-8.52925629249355,12.0252974536475,9
-8.44175082724192,-16.4246536387398,9
18.257654138521,7.25460679942507,16
1.60184090136463,1.70292695928592,2
13.1367690666237,18.3802231930347,7
11.9684538759157,-4.07157543756959,7
-14.4726156716993,-6.2430513764278,9
25.3047917923546,-9.83821632249162,17
14.1360015824302,19.7023475316435,16
-11.0494286102351,8.36303880494035,13
19.0734772506014,-25.6300889650727,1
7.61362775545893,-2.61318420265061,1
12.9916084379327,-5.98516654687765,7
18.3062397473731,7.92551020497526,8
-13.9370726150519,9.67604936221026,1
15.7028508881699,15.2813524277463,14
-11.5682636393587,-17.1367714870874,5
-10.7939067917081,16.3064000460738,11
-2.02782482115639,-19.4118940516774,10
16.589347579403,16.325181804272,16
5.22946639171031,-2.58548650137191,15
14.0583654320055,6.49113809161527,7
-5.56214985597247,15.7636119292588,9
-3.91062467438584,1.81825462338189,14
0.227278971627111,7.65559385831804,10
25.2922907059454,13.7924830454681,8
-2.12589872953826,-19.3245059167334,1
14.2026124109981,6.8733457961372,1
15.1983455787934,19.087599433582,16
5.70531892527046,1.02864956335371,3
2.07628911409026,1.84329699555446,2
-9.17999269387717,-22.8120135823867,4
30.2086463389008,-3.99664680547862,12
1.8879935742578,10.0432145170869,15
-26.2290765193534,10.2688529542987,11
-2.22086356566266,4.89769462399604,3
14.9741452770026,23.5818265973788,1
2.72945104516115,9.55813258694336,12
11.3681468447955,11.2504179644464,16
2.37176170573654,-0.0204482675862032,16
14.8979790696793,18.878261953683,16
21.0127738204712,20.0601907768738,16
21.2779895950332,20.0880570531865,16
18.4199143762517,21.3410236091563,17
-12.2051110612074,-2.60599984868594,18
25.3621272124596,-10.2969762864707,7
4.69636724750112,28.2168282082789,14
-12.7790285464895,-7.59764956618862,18
-4.77432313034503,-13.7670776277111,10
-6.84433781762745,17.8531544032141,4
-4.05652304431381,5.42768529870205,16
48.3055045241241,-9.45869729076177,4
-2.29101304924679,0.631613799108515,11
14.1229227236979,5.37252790037533,7
14.0413196864668,6.58744723811327,8
18.5099522723075,-10.7676576325327,17
-3.02542851174914,2.28810273962225,4
4.31671970017971,3.43715286226177,13
6.85888725176935,19.3523742170304,11
21.1320765097695,20.3489634762501,16
-12.2353012931019,-16.6304145925731,7
-20.9417389416921,-13.6207418620224,5
-9.25501009627416,20.3570198568685,4
-1.12493866171058,-3.32750587704547,5
-3.01120075080604,1.25402986082159,11
-22.6394870869203,-3.80853869418473,11
-18.1676025797738,14.574776747576,11
-2.15669665319667,14.52507862309,10
17.3354138238485,15.706118054728,16
-22.0973402279368,-12.8823059207399,5
22.1918382887558,-0.202573459471469,5
22.2367786002127,-0.0709288010030265,17
-9.90323162626007,-12.4618338182973,19
-8.3435565655565,-18.4709444921172,7
-27.1059632341623,0.777746970000281,11
-0.676626280645827,4.88815863837906,2
-9.43089777358564,0.71738325077126,18
-0.963417460379092,0.920131737687858,13
-9.56497484760989,18.2415933016995,5
14.0097381344728,-8.13317454054101,7
20.0930318627648,-45.1046626638069,20
-0.414813150257136,-2.61590467472716,4
-24.9746409817504,3.54508557175807,13
13.2033716129139,18.398757775239,16
2.07958014777167,-1.36492288016981,14
13.3037956747739,10.9560123029447,7
-10.9220544246537,-0.776131797862754,18
18.2554585526679,4.7306771799081,17
-18.7697450474501,-12.8732014973378,7
-3.59919604885952,5.94082935881536,11
15.0233100435546,23.0740184453276,16
7.40349907572852,1.49246201520655,2
21.3580275734595,-3.0077969770959,18
21.4387958571864,19.9352181815806,16
11.3141392724223,-7.47713204705261,7
22.9992731639586,8.086789609847,16
22.6513070704401,5.21363649550408,16
-13.8698656793295,-3.44179369456147,18
-8.66410062135959,-14.2608351108602,15
-2.22042979578194,11.1237003872222,6
-0.581554578337622,-5.15568267255465,10
6.620591875894,-16.9605532859979,3
21.5470361129111,19.9325922417314,16
-10.9920228265828,-0.900318819002221,18
-7.50459885731282,7.32995549751757,11
28.4821473318889,-4.26740470489746,17
-11.7611284997074,10.6655096949619,18
-7.4796660531397,21.603451037854,4
21.1905887355682,20.7733754829318,16
19.2436663815327,-5.46143514787727,7
14.2513398961641,-5.33828675972014,11
-3.15684834141095,13.2040399630284,19
8.1007661301977,9.54928768364795,12
-0.627138295643385,-9.23597613465875,10
22.2887205519165,-0.117858617646136,17
-11.2754080288728,4.51382301374741,15
18.1342754794729,-9.12554699343996,14
-10.9675079629462,-15.6029752900395,7
24.3228545603789,10.2410271376159,11
20.3336174922405,19.9689327750211,16
-10.9400184545904,9.12668211392851,13
9.37247997866244,9.53583517264998,11
-12.2045439220725,-16.5803089851424,7
11.5959230646545,9.2131910982933,10
-30.0524044128953,-5.05851817278328,11
28.5467216873096,-4.81175978651226,7
-15.2036710291348,2.89786842821047,19
31.3614656351657,-18.7072878914477,2
2.65721998325697,4.47430968276026,5
-9.88782384718705,2.17506131983203,13
-5.72683012700182,-0.706840151227137,3
8.33747556166291,-3.0147572758307,3
1.87733305998192,16.0016651830021,6
1.33436110208147,19.183056166876,6
-18.1413361632481,9.54679113902881,19
-7.36365925739413,-11.8559139614849,4
-28.809397212128,18.2227916987635,19
5.76878242556497,-12.2448721932469,9
12.4334693995616,-19.1559613526336,11
25.5190464669286,-9.85703582652081,17
-0.0399860405626164,-0.873355754205478,2
-3.70459363672448,12.4904810452071,1
14.4474290051686,16.4096335404008,16
2.91657722734675,-11.925121202654,3
28.0907490455201,-8.22133172052681,17
13.889246714807,6.88917637038781,8
-13.9129724381391,5.71457113671654,11
1.99759413738085,12.1438151061216,14
21.5450781204834,-7.61515295295804,9
-12.0161612749586,-16.6347136631997,5
16.8627913381431,20.6425646179674,16
24.1304122869133,-9.5668035548664,5
-30.45813515876,-3.92662748719204,18
-3.97764313354688,-4.72891274724189,14
11.1616753708919,8.15106893253408,8
16.5513882153929,-4.76298035418141,8
22.542495160538,19.4773453777309,16
31.2479460351774,-19.1170263671069,2
-12.1913413816436,-16.5473415123554,7
-4.77197432323621,0.414715392929715,5
-7.48557769601044,15.0743155557122,11
-11.3208344218051,6.09150745422708,15
22.9796153916802,19.9983327413178,16
1.00357665597046,-30.6834570819674,6
-0.585094619549623,3.41254051674705,1
-29.3975531268126,-5.0462071826411,20
19.5688141615197,-4.00258499064761,7
-18.4201048583407,-12.893593656336,12
15.7257706895964,-6.99280768115243,17
18.6704557688749,-18.2929929850358,17
-1.00939331958606,18.483142676849,6
1.475578239812,13.0628230214415,6
4.65486506935454,17.5258418025555,6
6.0711043703642,19.992031740449,6
0.96752870713725,8.16745388926346,6
5.94623221903224,19.4912132610615,6
4.23724103877508,19.5054222659708,6
5.06712713356021,18.9414167905345,6
5.42358340862435,18.587660805702,6
2.03440972879065,15.4849261625147,6
5.75978956298526,18.8948337612465,6
1.19798591517355,13.3980572959159,6
1.77725112566763,16.0980637986087,6
31.2844890099963,-19.0856783879271,2
0.792733390978047,8.04547358041437,6
4.68470208989823,19.3049217592809,6
-13.8678366348388,9.73316268615005,19
36.3944600908426,-37.8760950475799,9
4.56976619870159,-0.895521425789407,13
5.53286146027596,9.61274751535047,11
-17.6749454809505,17.3711155141802,15
18.0159996537596,-23.6635596983788,1
-15.0447157700363,17.3575666694709,4
-5.2445995531389,-2.84527914748112,13
31.3848996611525,-18.7180075267637,2
8.1931559481248,0.743272219679998,3
-6.26940202065003,-11.2827577508706,19
17.8840164032027,5.67348439325514,5
24.9984287156266,-11.01399549702,5
-3.4624150479614,-24.4173610297819,3
4.94571785734472,4.73279638743168,15
12.051328212907,-10.9861878621088,7
5.95272001785361,-3.47070902623575,16
-1.65295810803359,-15.6137508762044,3
-10.1581692340796,10.4134979615718,9
25.1598022302888,-8.81820240444224,17
-20.596080030571,8.81918026947599,11
-15.3320289702243,-13.7667860249603,7
8.61955079653324,-19.07740515627,10
0.176882184273513,6.59357186408445,4
22.1626268921821,1.96177840748479,17
12.8203980659257,-17.7258129607092,13
-1.94076519396219,0.0252204083664474,9
-18.06439957662,-7.67385609634495,10
12.4634162451974,-7.37226006971753,7
15.2191569921204,-8.36541930313281,7
31.3654358527819,-18.9064090182594,2
3.46624780952097,11.5512132885518,11
23.8509447885055,-11.4970165124629,7
-10.0150904919718,-13.8146095694929,13
-2.17276276716015,19.2128499820228,6
-15.2894020743069,2.82949082343605,19
-21.1912032508087,1.17252360487641,14
-8.77019106215691,-14.313182193548,19
-2.49912886928623,-0.931998754883861,9
18.7035517490934,-24.3165232887923,1
-5.29466528031736,0.789125323962744,11
3.91420334080487,-3.59338815126883,19
15.0184903911414,-12.0031305006838,7
-2.55522919973567,23.9209047362049,5
-2.1015926299811,2.67196835278622,6
15.2439776733356,22.7216259461704,16
11.9214583459805,7.26330166721977,7
19.0287738346611,11.9831741481729,16
15.636401188996,-3.4281626717424,7
18.0519525931504,-9.04247980452296,7
-0.122361045809942,0.605417851560915,1
-0.110748449513755,-2.07444737029996,2
-4.79669262324805,0.214912997242459,15
-15.6345706338485,-3.7941169839032,18
-1.99981520381384,-2.99171701534454,16
19.3471875421543,-12.6083828640613,7
15.7164487360231,-6.95853164586231,7
-7.47412733870532,1.90002788247751,13
48.2909966273668,3.48206633249769,4
-18.0826580841025,-7.75025881747811,11
-11.4464328063383,2.66467355068352,11
16.2132407729492,-14.064216142651,3
31.5002824523699,-18.3851908717823,2
9.92639536529405,14.7165756301589,11
-28.0903625175995,-2.40909840243851,15
-1.70714914766479,-0.305672685129902,11
-11.4537131136639,-1.08261836258665,18
-12.5072871079344,-16.999408541913,5
5.0287341756568,12.6129779785546,11
18.0951512238152,-9.00558241091057,20
0.0637458847324281,-2.36829291070437,5
7.05682192409677,-10.7548147354877,9
-0.108135343902299,-6.24662535703445,10
20.6735643207546,2.30124424904273,17
-13.5911527805819,9.92422155098973,14
-10.0799777192017,17.0223636749443,14
6.3937391793807,-16.9495684071923,4
-23.9342585064881,5.85220411424269,18
-2.96037744098201,26.3073212913763,11
-21.1291174095799,-3.8285951851704,4
31.6827020961282,-17.9402880862607,2
-2.65743763829316,-5.06455741144489,20
-24.9696572312675,-2.65519312706471,20
-1.13904448064836,6.96379508799075,15
-2.60591035375765,2.74304914931799,4
-6.24310719678718,-2.35473740848707,10
-12.5061282885165,-16.7815365247065,7
12.4154784768667,-8.86628852803643,3
1.55433767929767,-12.6077694455677,10
21.5349530740019,19.9431719376603,16
16.9899777004631,1.93946803341683,16
-8.57211783148648,-7.33069664467871,11
-16.8934380235681,22.0996768614871,10
-16.2071803025419,-0.321343444456006,19
24.0044456437505,-0.410169835330527,8
2.6892417689368,10.3882371717718,10
-12.6847717819762,-11.4542813070092,3
-1.66455758848267,-15.5549414347931,5
19.7173757879911,20.0104706529813,16
31.4771606432833,-18.380040372933,2
9.33030358843864,-7.45415642404835,7
13.4236529281799,4.07360379652578,8
-4.02304882802817,20.9166190978967,14
4.83328922006851,-12.4085867100331,1
26.7321543327695,0.183202356289298,12
-6.70841290649581,-8.47145480415389,11
22.6275583327127,1.36622613660643,17
17.648753796905,-6.8676737463309,7
-4.08716288206528,-14.5393606582874,15
-21.2728573106794,16.9760746387461,14
18.4444365358931,2.72204745693297,14
-18.7301161170069,-1.82438758244023,20
16.2812125497309,-4.47891466618114,3
6.4763742231434,-16.9628014578593,19
-9.43332227155595,-18.5783714487407,12
-12.877242227286,-1.31765615980789,18
-0.242533350634785,-10.7439750784079,3
-2.60752693702395,1.02824533712553,1
18.231272067793,-1.57138440690545,17
0.9353956157503,0.571723439953918,4
23.5750565925525,-10.8583775873016,7
-6.92910502286566,6.93458746630403,3
-3.92399505232104,4.16675409484383,11
8.54951285133971,17.0432722305661,18
25.1371808021824,-11.1042401750133,14
-9.63230746506807,-6.88621495931198,20
-6.91013662546868,0.371079376459202,15
1.38989906575683,-1.01736784835159,11
-7.27969096705299,8.55512909696746,14
-16.8281026420511,14.3009294938559,7
6.43932920512422,-16.9263456963199,11
-7.62796888376924,-0.649451825155921,5
-0.443687512813711,8.35773688283476,12
-19.1996340318959,-6.95869824772271,19
15.6881724698019,-1.81351937788648,8
24.1793709375301,4.96730442807931,17
-15.6018224487936,-11.7108502465315,14
-12.0170782065564,-13.7934762247856,11
-0.862552994107688,1.33864115145969,15
-7.63886380482617,-11.7418104164063,6
-20.1392995141956,7.65602124545065,17
16.3059562199117,20.6975118266376,16
10.8414620871599,-16.5835502242054,7
12.2833840804295,8.80281501461425,8
1.29196518639653,-2.14370379592037,11
-13.4654721488113,1.11784584364717,19
25.1644764851352,-1.98086199296045,8
-10.7316541928642,18.4384660210785,9
-10.4727743160701,10.7491593074083,9
-8.52942491329115,18.2638136332786,12
14.8944503469413,17.3379574490999,14
21.614640449904,-9.1266207451025,17
2.37445794789854,1.56599930215624,11
1.95540442403432,2.01984706885727,2
2.38216699911361,7.91859029183513,12
0.906215953991816,-26.0414817366281,16
15.5148398567303,-4.23603902931143,8
-14.9686555386408,8.16497739282843,18
12.3985559535904,-2.6037268355605,3
14.4046679403247,-20.9075340335775,17
1.27765665094353,4.34355391652421,1
-5.07856477120857,-5.14253594194838,10
-0.151634995406565,7.70025366322452,9
-6.91999769767469,6.62316291217074,11
21.3266556345195,20.1833329651958,16
24.017724315688,-0.395842996721222,8
21.4521083365639,7.94905171860637,17
-5.88688253656762,28.1002293971691,12
-0.875361430091339,-8.98549203177611,20
1.13358784359308,-25.5233044112673,5
-2.08339831545738,6.97414507673914,9
18.5482558496709,-23.1951756240748,5
9.71241182089309,-12.5211773400155,17
-3.71366693780454,-3.4307793415949,5
-7.67594285553993,-4.70336121171381,20
9.9707349423737,-14.767648442779,2
30.3393458424924,-8.42409479111174,8
15.7339222483152,14.9482057780768,16
16.8955093230396,-4.80389769007299,8
17.3533890623895,-12.9582526024693,14
-4.00631376776,3.0019629832944,12
22.7074451946668,-1.27836532716865,17
-7.82812616009689,-7.09358944849217,3
-18.0894805353709,-7.65878877286077,15
-2.11625457216869,-3.81472273337838,5
-13.4095670875451,13.3577087345062,9
-16.541613008551,-9.25376822896059,20
-9.89044548948183,-12.9850855554686,19
-12.7369878612395,7.14504789958588,15
15.1248484938206,12.7384968902961,1
2.0753122576977,-12.1907564871594,10
17.8081687966552,-8.86520358849398,7
6.18762284614258,7.26094974453197,11
1.20078384635138,21.7375354011647,11
8.97209612114042,4.92294548964384,10
17.3630398830945,16.0900682275775,16
1.85423129501048,-14.0382327148026,10
0.458246964441076,0.966184989683444,11
5.97845195973038,-3.37171258844623,15
-3.01606627528063,4.08393176662222,18
-17.8713039956456,2.83369022175315,15
0.532833849760625,-3.62882093522808,9
2.87222929427561,-1.98348744970979,10
15.0654135055069,17.2845912284395,16
-2.26865601693067,-0.556545541151197,11
-0.806833205069845,-29.8344775260544,16
22.8881278081787,3.78194788738025,17
-2.40623539108447,4.41841525426298,11
-2.81254136434655,-1.24005921280299,1
9.13942827682036,-17.606015783209,10
-10.1446064598427,-14.278820614455,20
-13.4844216322746,13.3180356788284,18
0.755617507149693,20.8194090027719,4
16.2880858792415,10.5638232214821,5
-12.6403116070605,-16.5349658887058,7
-0.104398598463893,0.665090637368351,1
4.03596750085241,-24.507591569553,16
2.15473292612305,10.0344455037174,9
4.232086512647,3.25439804825091,1
1.35782013527825,13.2172730530394,13
4.52294836568274,4.54308021616337,1
-27.4214083531827,0.836289308761129,11
-2.48329807352316,-16.5944122123142,1
7.44504387067933,6.30731444324874,16
3.6785958960398,7.83144720646869,13
-16.5595506938872,2.87907662943511,19
-12.9416881673792,-16.9108002122484,7
8.33478006220188,7.87359784284867,14
-5.11695093674066,-7.93417389870966,18
-12.2540805169888,-4.22254051210526,18
24.198226325934,11.2997536126163,8
12.2031076065356,-10.0860423326796,7
6.46476158146347,-9.73192959071742,14
-5.67169396746986,6.2916036978558,11
-7.26343504080672,-4.66709374082887,13
-7.24371490679657,6.46462640572363,9
24.0518360331671,-0.46316555325142,17
-20.4111667697822,8.70195492770625,19
-9.77210868442919,8.9170569160556,13
2.89252092915329,6.98937570839991,12
11.887496646563,2.97528590894796,1
23.9014549584215,-0.290840343996882,17
7.28336311843467,10.3801517328963,3
9.6918514215075,-12.2653357090296,15
3.91334344666774,15.1280249212717,8
-3.67761552743545,-2.13616632149174,19
-3.46993223868701,-2.43092664836049,20
-13.7206902510206,1.00811519282715,19
-8.73895394611882,-14.3476343304823,1
-2.14549106873058,17.6062971977684,9
-4.71584027646726,13.8658875958897,15
2.34369180540167,12.9372452462406,20
-12.7871804039046,-16.7406764224854,5
8.91612120572789,11.4797386003299,8
15.742190734816,-4.44487090853443,9
15.1674130577016,17.2916718753808,16
14.9214331721151,23.5990939647354,14
9.10508655102691,-2.74272061386263,16
14.4124943478253,-20.9028771852808,7
-8.08223398296297,11.9361362786459,9
-9.2947265584562,11.8049194336319,9
16.951720119653,-4.81925001311084,17
2.04218847054378,-4.90432879756224,10
27.4592140237704,-4.53320151997208,8
-17.3350355937305,-10.2789199884787,9
30.5566673853893,-17.4201009421315,2
-9.31467225012647,-13.7349806768296,19
-19.6555749734668,-6.58592522730162,15
-1.10594699034936,4.42013900956281,9
4.75818766294875,2.15096093074559,14
-10.846951841361,-22.6543858456677,5
2.8298240090391,-15.5040913450153,10
-4.60409786271686,17.507876017619,10
5.41172112276643,-19.1505801100485,7
-13.9387987453867,6.88752060855132,18
-10.0781660884214,-16.6434209074983,7
16.7431198065594,15.575033141622,16
8.56957315380155,-3.18071103221681,10
2.26679631951042,3.97848348465023,11
-14.554407186411,5.92072581816365,15
-18.3569557616,-0.234387764769354,4
15.7956174793587,-6.6937646022716,7
0.22067072327255,-11.0908493932859,3
20.1043536457788,0.239763746943277,17
-11.4336390612267,6.28368810133061,11
-13.4285619123448,6.46121183686486,20
-11.2384347045521,8.03236353466592,18
2.14951961704259,-20.8949352887221,7
12.6544323354175,-19.0945780897672,2
-5.25552118082974,-1.9475293607171,19
-5.11423929501619,-2.08153057057557,3
5.96492482636919,-22.0436330463616,6
-6.61784079362417,-9.17867303167137,18
-9.63431905052548,0.47772599107557,11
16.9932580303276,1.92582757215069,12
15.7660617867779,-2.14249467151165,3
22.6664400800108,4.89153441925619,17
-7.67899787740831,-7.4631382616239,19
-4.69939395631846,21.1632364934742,14
19.1763795742692,-8.8633058308922,8
-2.05457215896575,10.091174672174,9
-18.8876949632664,6.69144083655157,20
48.3054777589605,-9.45874487949766,4
6.82233551837322,-17.8088046241464,1
-16.2268868417209,15.4340843409098,13
-2.48616555879218,0.405456275540243,4
10.2001929151884,-6.35487918102245,7
18.845137104178,-24.6809135613754,1
21.1060784164703,19.9979390648567,16
1.83934849820727,9.08686968174142,7
3.12835475119109,-11.6003290571703,20
12.5844488192677,-12.7584156824878,20
16.0600561614665,11.6045520750869,16
-2.79358666347562,18.1738948501163,10
-22.7544840803471,5.19361395941742,13
-12.6639090768904,0.929270112057275,9
22.8198727701296,-0.889904405244644,17
13.1532068738518,-27.992391708845,2
-30.3284719667125,-4.87306178778252,19
-10.241160422481,-3.85497017806097,18
-15.3864619244449,9.92249363645553,11
-9.79879359895815,-13.4061070499991,13
13.666524675581,5.8114094702441,7
15.5826596804324,-9.02993644149444,20
10.7827921417107,6.73616160866751,2
-0.993493326976005,-3.63070197938079,15
-8.64143198314906,-16.989564823316,11
-13.0022416501892,14.5907525997555,14
-3.23211065547082,-6.95617329605209,11
-8.06599298000352,8.76647529692602,4
-2.87865853538615,-5.03873419890407,5
-8.72211098027392,-7.46812674947165,4
-14.555035157579,2.1570150278882,19
2.26941672322594,-6.33206872523344,2
-11.5971013426912,-4.93823661392095,20
-2.11358465340284,5.99179590455049,12
1.93990181421964,-0.394297723980945,11
3.64216498394897,-2.60192239781046,3
2.90952042717718,-2.13746169866829,2
-15.3897058160902,-4.1460263025188,4
20.0929606113688,-45.1047890054928,20
-18.3142837402842,-1.33116529441003,11
23.7968519015467,-0.155271407269428,17
-2.74863222090099,-26.2343093341803,3
-7.38280580059392,-1.64684040918235,11
-11.9130274376477,18.3369025687558,4
-7.28650214229671,23.3542599122352,1
-9.63806935935385,-3.68039712013235,9
-3.02816233701246,0.568548345713855,19
-1.81988448122172,-9.31605368401708,11
-11.9091097587364,-17.3362938790828,5
21.4294753204361,20.0054168979108,16
-16.6303241989039,2.93661031519652,19
14.9789461152507,-12.5653881796619,3
-5.4519073906005,-5.43503487849069,11
-4.57236887506956,-4.02159704422193,5
-14.6565878634905,-2.28974152324904,13
0.382444406455995,6.78363361972601,6
-27.6230256308099,7.33841928621871,4
-3.16691156232476,6.91389896938599,12
-6.18411936970126,5.70701350995644,11
-9.71746911367481,13.9221774228009,10
3.84704462152877,4.81494663898306,7
-7.63734364234089,-0.294459329979349,5
16.7609258110192,20.6906339808383,16
-26.7626266404011,6.28146896744749,9
-9.46676593266122,-5.70115120615389,3
9.20769105478647,-15.4763723489141,15
23.8622052498216,-10.6738184798341,7
-5.12596936375286,11.162519120669,4
-15.0824447823995,9.21876578630635,19
25.3356290845031,13.685374188813,8
-10.0609156608021,-4.1325462890656,10
2.10092912872603,-8.79298184287469,1
-5.22939128106118,2.49702802749161,15
-24.4492421511139,-4.36123389405129,3
-10.4413210973946,12.6227123443759,9
-4.47186367061413,12.3361066589175,9
-5.75309385146052,0.584892820547526,11
13.7277226338112,-7.94217517758888,7
20.2311614003216,-5.89693080498194,7
4.81466606948016,-0.142340991444281,14
-6.48387726492997,10.8338787707882,9
13.3822845270992,19.8758186877397,16
-5.88743651727303,28.0945265423618,6
-6.52688971579571,12.5703050490227,9
8.55181967459354,-18.9817827019254,10
6.05944343678674,-22.6018023208658,1
-13.4932379488231,-1.71983090712071,18
-11.2838811678312,7.57242446085107,14
-2.49244672007992,-1.06675007432143,5
3.79421897765832,-15.656126076745,15
6.33522681542083,2.89496878683942,12
0.177651883953015,-20.5031522356287,12
-4.06514582265646,-5.42614603228801,5
12.1263426384112,9.64882633971596,1
-0.0535111742519843,-15.821058402065,3
-2.91125927514101,-0.102764026084673,11
-10.4643474037693,-1.71760405832464,15
0.595927489017827,2.80010417253866,10
1.00236137102754,-30.4000215976166,16
-14.0823645061193,25.7052459788048,19
30.3916806745152,-20.1716002918682,2
-0.575992936575161,-5.95598963495859,10
-0.594663721082153,9.60317215826356,12
21.2615260060029,2.49281230829687,17
-4.81972987013599,14.8529697354785,6
-22.4861375585231,4.69057213064461,13
7.48059687312729,-7.16718189091866,7
-1.70324664656727,-1.4268303763479,11
-14.1708492086883,-6.36473833629871,11
22.2080691737938,19.9106799159909,15
-0.760956358374831,-8.00022898301685,19
-13.1904604928067,-18.0089653638329,7
13.9211138498538,-22.9808483915446,17
19.3890373622125,14.6764582849257,16
14.0375684079164,-5.86552650019312,7
12.0506092509709,-2.40827014007116,2
2.02549566351541,15.5420125170482,11
-24.9450589568404,-2.66584612152742,1
4.31372053769906,2.96794738719342,14
19.9726745019103,-23.0171575533124,17
-10.2624032319003,-14.4201481631049,14
-27.3131722850797,-4.53418768100562,15
14.23185773886,2.78883580441214,11
-12.531730883087,15.3164920373893,4
-1.15715492469643,19.6394050291416,6
1.66116032478967,11.0303186954119,6
-0.447118327520208,18.7570859980221,6
3.46989557176781,18.9481730702606,6
-1.24255486779725,19.1392033379442,6
-0.889641700924282,19.2550952360747,6
-0.568875066740829,18.153979835414,6
-0.38338597228476,18.8868758549694,6
1.71772806872028,11.1697257325416,6
-0.330499295415352,18.6312797040868,6
0.836429199151793,17.0563448906835,18
-14.506204155446,11.3284819349178,19
-1.22499937649763,-0.00806401422227276,14
-2.29137401299276,-6.40655149637191,5
2.77222514980809,1.67883629418532,2
36.3944025325887,-37.8766029061488,9
3.97773893155351,-9.04894240044804,11
20.8086729846165,-0.853072726876418,7
17.9902639963603,-8.99399767112186,7
-12.7162412689141,-16.9850980428931,5
-8.70501555468337,3.20678760218086,3
-23.6641363298141,0.143298674909668,13
8.949745611166,-11.0608528281844,2
-3.02500022303774,-7.20372207776248,5
-7.60337892761786,-0.188333108228239,13
-11.02755575201,-5.24977960872895,11
-20.7423394818243,11.1745001288347,4
17.3533952788148,-4.79416673660989,8
-0.494219282151981,13.8919902217878,4
-0.260151176567825,10.9811714764715,9
3.69815001061159,-10.9505290414863,20
6.41070627799392,-3.32777380251418,18
1.0707638816992,2.56261318558562,10
12.5275438434312,-12.481758103608,18
11.7224593992185,-2.79686466812643,13
16.37537442898,7.99215492119052,14
-29.9819113182443,-4.58090223636752,3
5.05259435616805,-3.19362027557725,7
-16.4261570220505,-8.05616693535359,19
-6.16457917832015,-1.98270941970849,12
0.138788404872031,29.9717165782226,11
12.6314939118372,17.8638088347739,14
25.3678472202726,13.7422953556002,8
-1.52782584791529,-7.69746808611213,19
-6.91639998304503,-13.7837419847088,19
-9.74083869089945,-13.8215730117665,15
9.46417292398741,9.50582006790789,1
-3.89981719745334,-17.7777301827846,2
9.02604463405824,5.14409562863833,20
-8.42545437727846,-7.18829639887097,11
-12.4220831992666,-9.99565044719841,19
-3.0851649904805,1.5845550261062,11
-19.6332962073675,-11.0980144583165,15
-12.5416728943951,-2.96813995497826,18
-12.878253249786,-16.823178153207,7
4.30640100310653,-7.55280310191495,12
-5.44131989220285,3.86121139067357,13
0.41200174504757,-4.39443666965351,10
18.0623277837251,-9.0087005187363,7
-13.5086154643597,-15.6786057418411,5
5.52909806539279,-4.03450934934124,3
30.4972804696329,-20.0510713990466,2
-8.7168364302418,-14.4035302105303,19
-3.49959424006951,-14.464965481366,10
24.2873279921182,0.93488396985277,17
6.74887883582142,-6.87178530195422,7
0.16125894321801,-2.58853789491056,18
-13.3427028618942,11.0515801280417,15
-6.14847007826912,-1.08441866765983,10
0.974286330339922,-1.29884749077097,11
-3.0890535896251,-6.8225778325428,5
-2.04233191779048,4.45250872294667,11
16.6601657913611,-10.9223703097889,7
1.01476483151284,-0.187545583483854,1
1.33589121884933,-4.74984596473529,20
-1.56062463895006,0.626941908328547,8
-8.76279916507491,-3.72052395532685,9
-17.7037524086828,6.27210129320048,14
-11.2648674686152,-17.2418330154522,5
8.64445710628009,-26.0391113329739,20
23.8447661587884,2.91813637998533,17
-2.81130400851748,16.521345089465,6
-11.3260471516366,2.78908435784353,10
8.16266403508567,0.761262521775561,19
18.2187686392559,12.9995855808123,16
16.5899376589851,20.6005438394564,16
-2.07974604501746,6.12428944353298,7
-10.9580154345026,-21.3392078668784,5
-1.38839745731353,-9.11570497429673,3
17.9293673924997,-9.05537235286952,7
10.8267425751595,-13.1639372519624,3
-0.701232956296665,-6.12252872350381,5
12.3826368613164,17.2938804214222,16
10.921067096415,4.93052691616603,3
3.91091420871066,-6.21362349689204,3
17.8389158914268,-8.95887333177009,7
-0.608467983134036,5.47382478294623,12
-1.80367201388975,3.28156174973178,15
-5.92829044258751,-3.82721261477495,20
13.5658878888571,-5.32289104142775,7
-13.1412425666528,-2.65513889166946,18
1.60010904808518,-0.336839086573772,19
-19.9808811841979,-2.34430339184636,18
7.65528586528476,4.41188206829526,14
-21.8558641667995,-0.934722390910777,4
12.5282399947833,-14.6286393940358,7
-9.64454854799305,12.5604612301696,9
5.89358929790393,2.29134599512626,8
-24.9683770328027,-2.66626731703486,11
25.6906774780174,13.742774129831,17
-1.23501844422842,5.64830644501471,12
24.9155085640758,10.5815952847572,8
-12.7233810728636,-16.883422541892,5
22.805148189835,5.05957534604154,12
17.3431468634519,6.83585804822026,8
-0.140396188294307,-5.17101401761307,10
-20.5515636254376,18.6986060336027,11
-11.1035347592482,11.0948500501577,12
11.849272011201,2.99310687779528,16
11.9339797270226,-1.95772105705981,17
31.3388147203243,10.1965455373101,12
-17.4596198072217,-9.59143182812578,19
14.0952132751004,2.68175430726075,20
20.0019651334521,-23.1183032790243,2
22.4135334687641,-12.7680000496185,7
19.3635810216278,8.605937472117,20
5.50503243823039,-16.75093577311,20
24.4707518988849,0.0352971476252599,17
22.9777076289349,-1.27191699975462,17
-9.7748921920384,-13.849330731094,19
-8.80662301208444,15.0011982257139,15
21.3973402137707,-10.9492797264102,7
-21.1779594740848,-14.1959384133064,13
-6.81836638261971,-10.448134496561,3
-1.65945169537282,-10.9901189491462,3
2.1752178796263,-7.45664861950072,7
-11.5749288533435,4.11679677222992,18
-11.1040582672611,-2.81596453232421,20
-5.88751630338186,3.94780715258387,5
3.46946923158104,13.3135082377792,10
16.3098335402735,8.19038128992337,10
-23.2586091326625,-9.17716066874228,11
-1.63986659197487,-3.51241684700712,5
-1.9429906591459,-4.0131873691904,5
-7.07553982498894,6.36441956997358,20
20.9480430119601,20.1184203548767,16
-18.8297975398502,-17.6110503769715,14
-10.2536151209809,-6.64826915574825,11
-12.5258906647621,-3.39287948221049,18
1.92869507259714,0.654995302196878,5
3.28903538082151,-22.1317703367365,6
16.2777141003594,21.1699640720088,16
-1.41776302472556,2.80801435737803,11
-7.56539792733035,12.4876633245738,9
31.1079348153803,7.39224519849794,17
6.30561069068004,11.9427570744613,11
-3.97036347434128,-9.21036438578624,17
-5.22792825247317,3.60343535134101,9
-26.0238761514877,3.03099028043685,5
12.079728698661,14.63507038403,8
15.9388549719548,6.62261513509205,8
-4.28698295149959,-2.90887131317556,16
11.5175532418107,-10.0000096549053,7
-20.4112968994892,-3.93308469643771,15
0.74372928246228,-15.1528485747254,11
-3.34017084706247,3.06904282101619,15
30.5482200201154,-8.82813258921139,8
-13.5797200816824,3.62244541026199,19
-9.76552536332923,7.59283586081951,20
14.8582664926223,2.99455339421206,8
-2.09843684387289,0.543901413713701,6
-21.7639318806382,-2.53698612480058,18
16.3016046784428,-9.34152793875526,14
-6.80405727412061,5.21399293725132,3
-7.76375639345664,4.79311922645516,14
15.2621297853157,-12.2937785101977,8
-13.8366893962114,-1.34267272302258,18
4.2281347493818,12.0066067508236,3
19.5007178464845,-44.0304172421504,14
-8.560357936967,-6.06041917561159,20
-19.7914039303409,20.2606797285476,3
7.71446000651835,-27.793206506535,16
-14.1795050325934,2.71307749447779,15
12.5887328009615,-12.6264115255731,20
28.5924765862486,10.6234843700187,8
18.7944756527197,-23.7505079060594,1
1.70323825987146,4.53780830569132,15
11.8112657057107,14.8198507647362,17
14.0444832671629,2.72311882671027,3
2.31118124177875,-0.278458794477235,16
-3.500844708357,-1.47420265471741,13
-5.3750467787507,4.95894793773599,4
3.6089723577199,1.36445565430328,14
-8.05569309292387,1.24521203100609,7
-14.4584712523434,3.09545170842703,14
-26.3729931662732,4.9625479233379,11
-6.91686646249764,10.8178991547333,9
25.3816204490715,13.7093925126836,8
12.2680028754873,12.330028627448,15
9.40433941685759,-3.56232468984471,8
-19.0315961090299,-11.8645993988701,15
-10.8219264260326,13.3702891459917,4
-2.22212327855539,16.1423985582095,6
14.1440584990231,2.75799057410704,5
20.8639979092561,1.70658579814132,8
20.7250316034292,-0.951407112367495,7
31.6159297705125,8.29965980271908,8
-9.69622691348561,-13.7158914484159,5
-17.7867878314294,-6.41899484950573,19
8.35350176956421,-1.26514986462346,19
-10.445525248501,1.16417826928904,20
8.43629316346986,6.28715271646771,11
17.1748610537507,9.37711640942553,10
-2.05557880746953,-8.35664615805107,10
-20.5248570522751,3.69299939973524,15
-1.82818740205499,10.245999080008,9
0.810348283190269,-15.1222830122615,10
10.7401736648251,6.07857613027454,2
-13.2491126426539,-17.1926888085176,7
-1.44923195982089,-6.86300079336835,5
-9.15668810471338,3.61920413625321,11
-11.0890321256698,11.713724230884,19
18.6708354909742,-23.6850589386884,9
17.4291821816481,-8.52256287462295,3
20.7879100259415,-0.909713297047772,17
-22.0523081178576,-12.7386703270218,5
-13.153954039453,11.4328185791721,13
30.3944833629443,-9.00002926366676,8
1.14650083789611,-3.54365436832102,2
-9.11981659402133,21.1117461866011,4
1.32576378557895,3.97409598853241,1
-0.906568497831561,8.13014193738867,12
-10.1579841340113,8.53611668879645,11
-1.47490956433855,1.31206244877242,9
-2.30392786388347,-3.40332318877672,11
16.3098290922077,20.9260354056613,16
-15.6645012423845,8.16113910380419,18
8.20232834897687,-6.76171502495562,7
-3.35933320687482,7.1721970924268,11
-19.146096807432,8.5347540794037,14
9.17736129617112,6.25585381124625,10
17.2299881115695,6.8040564056757,8
-17.2770948840908,-5.67038167956883,19
3.17349971051097,-17.0056483527651,10
2.39359706736018,-9.24237430708748,10
-4.91846238680908,-22.5866179796455,3
15.483092319502,-6.50495159610095,7
-7.45753901937707,18.7125801067227,5
-10.6365360368346,18.0080604295023,4
-5.04408749055069,-23.0375506200684,11
30.5851246220575,-8.92930588524774,8
-4.35896421590133,3.03006322586472,18
18.3717766846506,-8.87309997811738,7
-7.66367681136813,-7.90674338535394,20
14.8764357380942,2.98878956756463,17
21.1638078182867,-0.524638619726076,8
0.151218471931061,2.63364426006253,1
-0.560115345899401,-6.29408413110984,10
14.3023009026765,1.29042615288688,14
15.2259154894505,11.9444874624409,20
24.890691436435,-9.50952307711455,17
-6.03704054129914,22.661208070291,14
2.58454243310045,2.54412520290359,3
-2.60838815175882,2.71494345527413,14
11.9603123300092,13.4472694998333,20
0.739717328066626,-0.473067434596526,19
11.9342797066354,-15.3080584673599,2
0.811630003422869,-1.97289265136079,1
-10.236400704298,20.6191626398667,18
3.61479454375016,-12.1046566417085,10
-0.88957535448235,14.0224383591064,13
-6.0284114659007,0.513986641227851,9
-12.7156955059094,-17.671997379471,7
-0.817813946658234,-4.78216675786821,19
22.1512204631854,-8.56936473642988,8
-17.0123804734872,5.77408300383457,19
4.93771532505777,-0.148434533731294,14
-10.9681021009991,-12.4157969437077,19
-12.8232062978997,-17.0947015695656,5
20.5265520162875,-16.9693180999534,7
-8.69713264939061,-14.3104665818131,20
-2.00199477420624,6.27337343462732,10
-3.96004635354209,-3.98338756243675,10
24.6382358878895,-12.3243796457551,11
-11.6131294033676,25.5646561857676,8
-1.03164727117224,-6.00562671778845,5
-2.51163336202707,-6.19638047747955,5
14.1269342702125,2.76211354558871,20
30.6122613652521,-20.7659148940536,2
-7.04901627804885,13.9096511079357,9
7.00975447154252,-7.30601853159975,14
14.7039944738,2.95811323898896,7
14.5400271756117,2.9049325602296,7
-9.75223471405978,-1.45102128272986,15
-14.0837872890658,-1.33602273321713,18
-3.74303284028035,11.2376693993055,9
-4.32524310039247,-2.19258781867025,20
7.71618623795699,-12.2277536583453,2
23.2926005222348,-3.29824090031439,17
-11.2680729514452,-7.99205723292262,19
-15.4364294035329,7.07035436924757,19
-3.38924156005753,0.562321730646581,16
-7.20998839958788,9.56734009649779,9
12.5638703844795,-18.817902155707,3
-1.58206401024794,-8.30689214635956,3
-7.91328755282213,-9.63783213064093,4
-3.98728005816228,8.67924798500953,15
14.8508594057168,17.5192170777094,16
-4.06524550598508,6.67068050281743,11
-6.54869930919947,19.8262411853863,7
-5.42805113963538,4.0715455038296,15
-15.1938197998825,-5.74957889951714,9
7.7615383456595,-12.2065589627051,15
-16.5732825782495,5.38688605418047,4
-6.40145903444775,4.96572327127617,4
11.028672616523,16.9931520377194,10
27.6570897042899,2.57484722130592,12
-16.5566818645985,-5.10264408656366,20
1.7969676629794,0.728850573046624,16
-12.416387313726,-3.0242581753319,18
-15.9589201488798,4.44397450566277,19
-12.5913867907005,6.20583256252784,12
-7.87478032005341,-9.00974980808274,14
-15.3570042715759,-0.192486911720819,18
-3.28869312192533,-5.58611621885883,5
-3.09989381719814,-6.84315147382199,5
22.0864043487473,-8.52402809645839,12
11.9502037833305,-14.6500288005429,5
25.5312945192365,0.978605514162559,12
8.42262707513532,-1.40007833642078,13
-0.883146679789178,-2.32205775395146,11
-7.81505319035225,-2.4554464461832,12
11.9828315654189,-1.88177681913916,17
25.3721102137635,13.7593793170589,8
-3.61264800910484,-7.28618359135769,13
-2.79393589282619,-7.6611643766071,11
7.56438015199754,4.69647304054775,11
7.26965940554489,2.2887027475251,18
25.8434298724519,-5.01564895025923,17
-0.835691661971947,-3.4322498684683,9
-12.5100497305301,-1.60325946937738,18
21.9023376560508,18.4774124285256,16
-1.78330273183647,-1.98040987442206,9
-15.8791179218605,7.26480955929379,18
6.81828218950709,4.146670848192,2
-13.1734002705611,-3.70938225742486,18
-5.11868578494234,-23.1306045369936,7
-5.98334317521916,4.40654695360914,4
-3.70453755989552,17.8678364809933,6
30.8876148149753,8.02131838920098,8
16.5827904328657,15.7771053649142,16
-11.0180295409231,4.9158137127041,13
-15.012156683673,5.73920505009677,11
-16.7209080208603,-3.77152232746018,19
-5.96928972997123,14.9518407115458,10
14.1150611402395,2.87067301163833,11
19.0586384957075,-25.5240383931562,1
-8.80224043329513,9.80456639147489,20
-13.3654800462608,11.0998101247164,15
-5.04553702100506,-23.0194962095209,11
-17.6097973089581,-14.6864446864456,14
21.7446492433887,-10.7876941605661,7
-0.798617113691394,1.84416672184106,1
-25.4125012079697,-12.2825148521991,19
48.3055069979244,-9.4586812599331,4
-8.11389232650679,12.8647790816795,10
-2.81472897951349,7.93881870963966,11
7.6885930140425,-2.7324412609605,16
-0.0874968650791695,1.86946841859173,3
-13.3378184760689,10.9932609024114,14
23.1800265741403,-6.03741758494829,14
-9.22648328986968,-13.0683359308982,19
-5.99235496531417,6.00762839006956,11
-1.04543088921117,-21.8460651247153,17
2.76070098372079,7.56718975899936,1
-7.60598067162219,18.2637320764912,9
21.4199465291676,-12.7288829110989,12
16.4076581680209,-16.5797932894426,8
-0.339082408714148,14.1162489006683,5
-7.29724828456976,9.08881971814139,14
14.8430059168422,2.90617044382786,17
3.31022485285914,0.350740991770923,11
-15.5128672334459,-11.8229062909439,9
6.40128039235665,4.54934903033382,10
11.5052431400497,-12.4831382191269,14
4.06333235726849,-2.59248309117266,12
14.3790029450388,2.92591253123783,11
10.8078872036167,-10.5768880028775,20
25.5863368241942,0.763982966181204,12
14.8676533660048,3.02758946415461,8
-11.6641853158586,-9.54244409144201,19
-30.919315768596,-3.94370645965339,11
-8.75427800143094,0.706633136037485,2
21.765932599819,-1.17484684071853,17
-10.0073175280118,8.8422846600623,13
-9.21041742938825,-13.6369462240071,15
-0.62452141300488,-15.1067166617846,1
-17.9004447832683,-8.88104674678516,15
-2.99570616642324,0.856539924528227,8
-16.9658389445202,-7.43748139643485,19
-5.46906157620203,19.8002548224545,4
15.976831577863,-9.80436564372925,14
8.42102856921419,-21.5424675769563,17
-12.7794329780384,14.58848810975,13
0.955585149030718,0.279178392402428,3
-5.06882792894576,-4.07706399724938,20
25.5806849294318,13.5102657291119,11
-2.10307952978893,5.03430768772595,12
-4.02324894572262,14.8503719069559,13
21.5578055130961,-1.03967864309978,17
2.75718898881261,1.14906747653251,6
3.37751809195686,-0.0891761653795789,11
0.358822241852006,-11.7192509091711,3
-23.5113694125647,7.52362170289459,20
-0.437993236704009,-3.85895352391687,10
15.2477151388384,-5.03569695588903,5
21.2107724812996,20.0338842936602,16
-7.68881489425413,0.36557920461609,13
-10.1576329102012,-4.06304175303085,3
-6.82013205065703,-15.4573355084312,11
14.8110032800848,2.98111174681996,8
-4.93584516766502,-0.679876799002659,11
-16.3509982435054,0.177738718161467,18
-13.2895124777648,18.6195326222468,4
-24.3546170298445,4.34746458052233,13
-4.97262970820983,-0.69787795141807,13
1.69042864617207,11.0601261965256,11
25.8324227338545,-2.89987697921307,8
0.384808162638921,6.70853876056956,9
21.3150261514846,-0.353332430516765,17
1.13857138631686,-29.3678631182072,16
-23.4368664735804,-0.292187029878632,16
-11.8098797196171,0.835533873556869,18
12.7296627164282,10.6484438427544,4
-4.769803448867,13.7282426818554,14
-5.0825411869882,-23.0559437839409,11
2.31418128227765,5.05887903556034,20
25.3954055149275,-5.39749935897902,17
-20.7262132847376,2.45290968086594,20
23.0500806450862,-3.09963861094471,3
16.3978679832853,0.286269440597138,8
-1.28295265196142,-3.43073929262624,20
9.51285573816968,24.3860738854114,8
17.2241667703775,-1.60804390708568,8
21.454257455954,-10.9616138974703,14
-1.034952043857,4.29351374313607,11
4.57199309049246,-18.7044101962861,17
-3.02956329277329,-0.391518369164772,20
-3.35010037319413,-10.915386999389,11
-8.16261005585038,7.6347541182527,4
-23.9506420057646,5.80755080158179,13
11.7924544360418,-15.4604699243661,2
25.4592109623341,13.8123699473109,17
-4.2415425491793,9.92448712321762,10
25.4119068694781,1.6382578185066,17
7.09945458356432,-4.41333859307852,10
8.45635503851719,-2.23314625605855,2
18.7120843994641,-2.28689240935015,8
-7.51319188807836,15.155037697042,9
-4.61986705172204,7.63392238998112,10
-3.12624369988866,13.3250606816468,17
-29.3743812582627,7.64882771470352,3
2.72851177233996,-8.66766785486757,18
-9.66114777958205,9.1192522825084,9
-0.524575483361022,-1.49356575877586,20
-3.60377168963371,1.46413970188511,16
17.5096261192329,-4.07237142134869,8
2.91329062954611,7.31270020058961,12
1.36840753802329,7.65364950628156,18
30.8062559064348,8.00720148848753,8
-10.7508761411685,-9.01020831292735,1
-30.3613419440595,-4.80181889819369,11
-0.307217888901758,-8.5043382346895,19
-14.9880774109842,11.6525808697214,19
0.422898402354851,-2.20738000122464,11
-2.22379985905877,-14.0907215670313,10
-4.75945275353343,4.22485857590152,11
13.994210066516,13.2364271766105,1
4.18302859249878,1.59710074266913,7
-9.60390899959777,30.079138912885,20
1.08752004030778,-30.9035484457636,12
6.530981076041,-17.0168809213559,9
-6.98920971566213,5.48797173509918,3
-22.7150912838431,-0.591020160874034,20
-29.5383325941165,-5.94774996989256,18
-1.35028109909327,5.34926069882491,11
-3.20114623111178,-0.462860584713178,10
30.4841993982557,-8.61939155276113,17
-5.00734019655186,-22.931336882103,11
-10.8391536355254,-14.6670172224751,7
-12.6367938683824,-17.3344528304317,5
3.12443241911303,-16.9661859625944,4
-7.62701774131317,-11.4977440725698,18
-3.44446904899565,-2.4180784996221,20
24.0378076072889,4.96634819187124,17
13.9353651453213,-8.14954927820112,7
16.6501266488411,19.5066490122946,16
-0.544108649010532,0.466944911411724,19
-29.2795292014277,-5.06846483055405,19
14.0583687614175,6.59577225728943,16
11.9125432980924,14.6806230438646,12
15.7818712482431,-6.55754038123312,7
-4.92704972572354,-22.7661426215114,11
5.98598083881205,19.9309406297716,6
-0.572578426044718,18.0486067626317,6
1.79116945537217,18.9277720306965,6
-0.437406504950762,19.7805268400473,6
5.550815400707,18.9467731984132,6
6.06409280152276,19.8163855132737,6
0.0263057027892791,18.3106731621822,6
-0.00472346242396295,18.5987139375335,6
4.95594409722128,19.6825058277944,6
5.299381222272,20.5865626418086,6
1.80383006614054,19.0220663466219,6
-0.520900834924645,17.9066737764123,6
1.12825662202495,16.0750885467301,6
1.68650972554369,11.1352920778445,6
-0.766397826915148,18.4680490776279,6
-19.6228567795275,-6.0513387302483,19
4.91149014454964,-1.10182540321982,19
-19.1318213041907,15.676668769966,18
-13.3310028787361,-17.3014170903931,7
36.3945274644063,-37.8756461227018,9
2.25293540306227,1.10980570020521,11
11.2503976935424,11.3302463894859,19
21.9797680616306,18.5642254647845,16
2.71693783219937,-15.784751888149,10
0.59100200817227,2.10691538170826,1
-22.003717047705,3.92040807095193,13
28.377540527015,-1.49538003195588,7
-0.188519019288588,12.5475632356165,11
11.1601828927535,-5.72289974297444,7
-8.89671147361699,24.6962724293519,11
17.2670797230142,-4.94872055969571,2
-6.45168983340311,1.2776218254908,5
0.393021852681735,30.421702174013,16
8.94218782644965,-6.22982224599863,7
-8.76990024276418,-1.0586327235823,15
19.9519427517687,0.991589509018437,17
-30.121111244162,-5.46426052948638,15
3.8006048371508,-13.4248311275371,2
4.95897758862823,-3.22061114776424,7
3.81154527341789,2.42858761277902,10
-5.18680944934923,2.43413848766873,10
14.1666463925228,11.441226486993,9
-9.91187144443479,2.79657646259968,11
-6.14219798182353,-0.983458969664826,10
2.50731872032318,-16.2532523584909,9
32.1699729955275,-4.86808509320572,17
-19.1997658389945,-10.0498845668994,19
-9.21521623070494,-13.9405480369498,11
23.6411664604235,-10.8768840077985,7
15.1767132056892,-19.4232265021767,16
-20.1354455048915,-8.31411565183912,19
-16.9546861308507,5.44698357465732,19
9.3301281406512,-3.12473303807498,7
2.80097728996953,-15.9064108927898,1
21.3381808508475,20.0219120282787,16
7.0729556965385,13.4398350104201,16
-3.50810209319688,-1.46921545221647,11
-7.872560737468,21.8348902075158,4
-8.54374678089027,-0.176586198671148,15
-18.6783839029323,13.7845212074281,11
-6.88785786628393,16.224881362574,14
0.818864590225398,-1.34748500176835,7
-0.131532045918041,4.14880414091105,11
-5.89725025838462,-4.84024998501538,20
3.4966818594167,-4.17094675767925,2
6.12703209399527,4.54141499734927,10
22.7051385422792,19.4352058424868,16
-0.14676772988685,-18.0662562732299,1
23.0793833172529,5.32151563238404,17
18.7475527358705,-8.84149520731099,1
-15.903333546139,13.3617263621741,13
-2.92715779627813,-4.1608295212928,5
17.7999800209469,-6.13245033719438,7
48.2910736502102,3.48195527263121,4
7.94743393026962,-9.39972848909989,16
0.197777804804643,4.81158819156574,2
-2.64185790159726,13.9801627094655,11
-3.11356375379032,-10.6006776258823,11
18.8114586344863,-2.30680988437593,8
-0.416137557171776,11.1969497980648,20
-0.0229368984669264,-1.72732546837833,11
11.9717581680846,14.701041441353,12
-6.63390705703486,16.6993564454804,18
6.09405428454477,-3.51014278806955,11
3.76531198433768,4.09545237497691,2
-5.5196665164787,11.7927127296205,9
-21.7088212691001,1.43200318238384,13
-8.13878441105652,10.1237011594932,9
16.1497857312017,-9.10572010174632,17
0.409911995346657,-8.14731897806683,3
2.33743602496377,-5.37094423346035,5
-3.34096995015008,5.52371537172343,15
-4.15996041817069,-2.95525288841623,11
-12.3809386060449,-17.8540941804862,5
-16.9989848163508,-5.73194197677186,1
-13.6352235225786,10.4148054989774,18
30.871617395103,-2.00920253430565,12
-9.72854715077295,12.2452925064018,10
-14.7595807893023,-6.49501405416767,2
-10.3904835910697,2.22121690190869,3
23.2509964203721,6.08775514662698,17
5.07440011349022,6.02674302001892,12
-3.71226959951692,3.82338140181772,11
17.5523129133461,-4.86137591921605,11
24.4597370508757,-9.33246569011079,7
24.1477450880052,-2.48627312439063,8
15.4091379336277,-4.17988073028799,8
15.8462728543042,-6.43841455236224,8
-8.83034099594258,-14.1629223295714,20
-5.37709400743102,-9.35839388342598,20
22.9554695815454,4.86956204523246,17
10.793303536111,-10.5900253792924,7
-30.1675318319697,-4.95756493251655,11
-4.71998247253094,1.11570151447802,3
0.263892786928404,30.6268985616621,1
20.8027611933242,-4.15016826249901,8
14.4137772621932,-20.9180717320198,17
-0.503988058872293,-11.4332777228792,3
-15.7858141796615,6.59233203225093,20
-14.0889431253055,25.7134573039633,11
6.12152324556439,12.9064556286288,18
10.564025370837,-14.8497342777747,2
-11.1312851222119,-1.77876572772114,11
-3.4903022948281,5.76045323846615,3
-0.127882197565074,2.37007955384358,5
-24.974070186297,-2.61762491378673,20
-8.89374175587327,-3.01711733019576,9
-28.0063573957434,8.42619129156656,4
-0.688679666146153,7.78056972032689,14
-6.06884169387973,0.280646566799606,18
4.08656993113802,4.09275507095095,2
-23.0163249996381,-1.24928469815463,18
-24.1149096955731,-5.5751245275704,20
-7.73133116704821,-14.4973435270644,20
-2.06752527163682,1.07467985653549,17
17.4819194428794,-10.8309439489993,7
11.3033954701291,-5.82698525831808,7
4.13067427363011,21.4215480757159,14
-3.22766326474282,9.88718712857448,9
8.4747246949676,-10.3599116121058,13
18.2197489900091,2.57336503730572,14
2.0004189317783,-0.479098889857277,3
2.09683040821329,-0.312161588823174,14
7.13901642618678,-0.332892808691624,14
10.2939763493666,12.3299193897907,13
-10.822501838433,16.7594424928486,4
-7.1310756542146,0.0367183668432384,13
-0.128301735535081,3.55375105405234,4
15.1766462570408,17.669691818682,16
0.289299654001006,30.4647569665559,19
-1.13975649092168,-22.382041319485,17
30.39975304759,-19.9728525635904,2
-28.9211030445363,6.97375290175923,13
20.9022113855035,20.7366219720518,16
-0.641401890098348,-1.40996294615502,4
2.49887802573974,-8.92420952999664,1
25.5081755678029,1.99713950431183,17
-3.16740855032455,7.74490658915331,4
-4.41133702876288,-3.54663145789528,20
12.5308787374013,-18.8901524785409,2
28.824177391684,14.2406860479844,8
-9.19249854623525,11.1133608683048,9
1.89593901232714,6.0226032527633,17
0.289243775284668,30.4051502963097,10
-21.476401270279,-3.02113043623677,18
7.50158673518167,5.04350980740106,11
12.9320197296356,-8.17935635326158,7
-20.0062374482477,10.0310507693121,13
10.6788919178292,-10.623367481037,7
0.742532721412749,13.2769667632065,19
0.553007069173459,-3.5170066740308,19
2.208140250163,12.4008859137214,6
-15.7162316148846,2.11078357558935,19
-0.850381150165562,5.65934418974029,6
-19.9077666802996,10.2625162039327,19
21.9728896529687,6.01353667083695,17
2.72089413015006,1.19792311704998,6
8.4050224970498,-10.3131652045276,2
-0.148370495183424,13.8399593889746,10
-2.35796832454911,-4.10296829972406,5
7.23060139228454,-27.39033445425,14
-14.3564052633524,-6.26932255353029,3
18.8601541333565,-2.20753390429691,14
1.86448791285427,-0.65723887992382,2
-11.6918293237506,12.3395871387425,4
-9.33006087138789,9.81335672071912,2
-4.47193960068162,-1.97382449883197,11
18.6032233218963,-6.0369088649461,7
-8.16151222518974,10.3107765476335,9
13.3143785616651,14.6119206685008,11
-11.525315318588,-3.81773609171186,18
7.30199390139325,-3.66732432193956,8
25.5179009202437,13.763239003219,8
11.3297975307196,4.60492798915145,19
26.5399667804169,1.57757803599542,17
12.1013622895018,7.40728075849022,7
19.1430969234595,-10.0191919160476,17
-26.5625725109032,-5.94053575460124,15
25.4835287547872,2.10295196586929,17
12.1988678852126,7.02470625283156,8
-15.2534113784131,-10.761482222756,19
18.9852825766875,-23.6397700039092,1
16.9516841451374,-10.8023261499002,7
1.5857585581725,3.34947894011746,14
-29.0579691497746,7.11079721937294,10
4.71407719811756,7.78000373021288,10
-8.20725243375309,-7.04330838264124,11
0.070087907419435,-2.86739297541746,1
-2.99493311327913,2.1844222789108,7
-1.81206565179839,3.89310153919317,11
18.0270878360797,2.06397220710217,3
7.25516021403813,2.28091197042757,10
-1.44623539446587,5.07749238017353,12
-22.4101513572853,17.0546495628472,19
-4.37166162453893,8.9200697870709,11
-5.20274029168772,-10.5569013934639,19
-7.37386845419268,-3.82887200425011,15
8.1649717898196,-15.3843403884722,9
12.8263095438718,-18.1142846700059,3
-9.75510155343734,13.5398596175834,11
2.29149207994319,-21.1662711753128,18
13.4750274165798,-27.8744093192948,16
-8.43801258941116,2.7840119507272,3
-1.66518887254382,-4.37378743888049,5
-19.7430394480823,-11.3018228477742,19
2.75442639332869,12.1942380748576,9
2.08248270466031,-20.9647710072971,17
15.9673927780465,19.2769388627739,16
-1.50579718114984,9.75412013329514,12
8.30173768943455,24.6645080623652,7
2.14953266065674,-0.552973208064178,2
-21.7236383348979,10.1458669850474,11
-22.6990483525734,-0.488050546516364,20
11.3167307151864,-8.67530192849236,7
26.0746062219931,13.4588408445122,8
10.2878000189123,-8.53843194163411,7
22.1917316708449,-7.1739674048784,7
16.4007881418476,8.63459389787251,8
1.97243923808649,7.26724012467539,6
12.5876830323891,7.73570607874511,14
-16.4418179388502,0.629616591535309,19
-19.1498818601382,-0.980182104856248,19
12.4910417788409,7.70169946957365,11
-7.98413231431576,10.465126356542,9
-16.202614216987,-2.48864683858403,11
8.00590402069233,-9.09378153563587,5
14.4911756517986,2.75843103118467,8
-10.947238202945,8.00066477407701,19
-2.86268791425987,-7.47533371481031,5
-0.225008192756952,11.0067290249604,9
23.5791311146888,-8.11380467159134,17
0.820392750115481,-29.0243908380329,16
-26.8586000576615,0.789194486286015,19
-7.39795304685039,6.2024331216763,13
-11.8473920846551,12.8215496359708,4
-2.41176777585151,-8.30110754776027,7
-5.76854561665296,2.88411561583097,6
9.0167210900216,-5.82472635474084,7
9.22953490709359,-10.9658876673621,14
11.243138114828,5.04629385500834,20
12.2851380471353,7.57600010144209,10
12.5009199574795,-18.9375641214133,11
-4.27250069997529,26.4742221589185,3
3.48285756970318,-5.99868916171161,8
17.3578931552274,-14.6985790157412,8
15.6142824455463,-7.09529933841572,7
3.44476978547266,-5.17836607842312,6
-2.26911482041412,-0.534644855228558,2
16.0159579923631,-9.77672940125882,7
5.79924141782709,-3.45497407241329,11
-14.1120352724775,-22.2198784743812,1
-19.1408961337497,0.614237734304093,11
-11.0875789663653,-5.83970702701477,11
-21.9295897487598,-12.5175229166537,20
-29.8430520583041,-4.9113920107559,18
-7.72787718728603,3.01440097245258,18
23.3205668108038,6.34066105869744,17
-4.00530559462423,-28.0556638255673,5
-3.13226036126868,-6.87431487609483,1
-19.5663858417662,-8.54879287783074,19
-16.0678434380289,-3.43068711397118,3
14.8769700199896,22.764504107419,11
-11.3281833109331,1.38892658168945,11
0.784444393617225,14.4935057981469,18
27.009669331516,0.0378074916912139,8
21.665023599536,-1.04465645135224,17
10.3667262334799,6.61031181082607,2
-6.16139958221831,2.65993534834461,14
4.66829686076968,-24.8738550470986,6
-7.24087902197645,-4.48632711213704,20
25.4735547753413,13.8176617287433,12
9.72255239128797,3.96606892737802,10
11.6487292954078,4.58784478064191,6
12.8424740258447,-17.9964763220049,3
-13.8917326632136,9.27752962848407,11
-8.09018039119658,4.30082876534103,4
-0.150604502790414,4.40273755179303,1
-14.5247938013255,4.78664355615913,19
-18.4555806590375,-12.8248185597882,11
-12.5170432015256,6.05982935295395,11
-16.7025919348227,5.04141217539459,4
2.63320690498556,-14.6611272409023,3
-10.2484763285079,-16.2976783886486,14
0.0131511963737482,-11.3452847273453,3
15.4847119728074,16.9077868761408,16
-0.695081548760388,3.29168461188923,20
0.386183335113441,-30.5520910029741,6
-8.70197537018665,-22.6387839870434,3
7.7795722713726,13.3239424487287,18
-17.3550047213321,6.72129133610487,19
-4.04577907338517,-28.0255674394754,3
-4.26051202192282,5.97475739927493,11
6.80854776113324,9.46320385183687,11
16.2981828474208,10.6546165315028,16
-19.6868460372868,4.69443406093172,19
-9.9405792007826,6.79983504400901,19
-0.09329152117773,14.4414246479474,4
23.3492682494819,6.2735173289398,17
-8.25682019449566,7.79943676177672,18
-10.4897516619411,18.9904426368876,4
-1.77683019095003,1.90139871432654,11
-3.50981237049169,-4.62934154986646,5
-12.4424830808552,-2.30922830771849,18
-7.85718626976891,21.2687034736664,4
-4.8441126303526,-5.64154668411728,15
-15.25559751957,17.2411128817937,4
19.6379372609809,-10.6153323920824,7
7.4855932326686,-5.19783119410596,5
-9.75330909902048,15.7438674042957,11
-1.474023526735,-7.02924593241692,5
-5.38454041082584,-2.09121335399793,20
8.29986918794692,24.6663983283442,3
1.67674556507146,-10.3647620154667,3
19.1634118921456,-8.58206831001298,17
24.7464025648454,3.59647662539649,12
-2.94090179333484,15.162350651868,11
-3.55098368516949,0.511562768191518,19
19.3906465587426,-10.0505738054908,7
13.2501678039537,13.9280727209847,20
19.0604905745062,-25.5594885229116,1
19.2050937854233,-3.12922086333882,8
-16.5060776534077,24.1120590900279,19
-1.76811289872297,-8.27871543280099,10
48.3055318272243,-9.45858262474294,4
24.4212777700065,5.26119915425255,10
-4.42134566144132,9.26823249065338,11
16.8775834846131,-4.64577612754531,8
-7.3857572594322,11.2889256735156,9
-6.77004163225222,9.33210795317579,9
10.7534198969733,-13.1923042595754,11
19.8189916847533,2.03642166663739,17
25.296482242479,-3.27264276638756,17
-5.43419285098875,2.2895091846987,17
23.3462562629833,6.32675948578453,17
16.4972419238853,0.253325522570412,17
0.755215385837198,7.84427551163772,3
-6.92570214885938,2.08077361534942,11
-18.1019463941309,-11.5019805584186,19
-20.2183196805438,-8.13216453976073,10
30.6475414447181,-20.7842974638147,2
-19.3254026484815,-17.0428295144291,14
6.42133453007821,9.24090696097818,20
-18.7318248134761,3.76818491187507,18
19.2348630593892,14.5914426478201,10
-7.61623606737445,-2.99357611480547,15
0.382408823212841,30.4691194978131,11
-7.90571845719431,5.23847254223464,3
-0.916763026494711,-6.73850673528524,5
-9.88423079682919,-22.4324052710864,11
3.31197298421322,-1.07888465267001,15
3.89565463360729,-5.38638539929106,5
8.44586963044917,-21.5620203983656,17
11.1224354808589,-14.3326378181051,17
-3.83802924667275,-10.9520936256267,11
-19.6146323912206,-0.153012168157371,11
18.8841229441792,2.45629556212146,17
-9.81833430764689,6.74229996732616,18
1.93522058554193,-3.27187115401238,18
10.5312697347204,6.37076094397741,1
0.906507878368721,11.5425360142742,4
23.2328339504645,6.20808813688209,17
0.240993541899663,30.7264614895824,1
3.38370270574099,-1.78463865545834,7
-6.36021635351869,11.4996766347105,9
3.25050348510262,-22.0806345554263,9
-0.950200471601533,3.24798184832912,1
15.9922043031717,2.00749882847334,12
-14.7386849067288,3.98680561948212,19
2.33323452423133,-5.35258966768427,14
-25.5706715295002,3.88188519514511,13
12.6829184018909,-19.0547615509767,11
-19.3525775898001,15.4789598455928,11
3.23366266364203,-5.5424046891004,1
-3.68377249050269,-4.06751492008668,13
11.6774092808515,7.13719896776319,7
-23.716702475274,0.970589531239676,13
-2.95311757739231,-1.6333345023774,11
-8.63379815286108,1.39950274733145,13
-2.2203312251234,-17.2854729128817,1
23.3645125601618,6.30671619231996,17
-2.9714159157565,26.3062454239088,13
-15.2679608343032,15.8088556717265,4
30.259482239991,-8.55763464295611,20
-11.8919145789487,19.172594275338,4
17.8887019633803,-23.9415238962715,1
-7.25560467569079,17.3853202160118,4
-18.065752851152,21.5296265959149,18
7.49877354061812,-20.9077853594438,9
-7.44688320040874,-0.117673299311837,13
-14.4457045297428,-0.204294436952168,15
25.3926796271617,2.03790379769445,17
3.66694639877258,-6.20404012623602,1
-7.89003156304225,10.9639348787716,14
-5.07291834644893,10.2628224549168,9
0.00770486575589361,2.55917543095758,19
-18.9244610259002,-11.7548154614777,9
-13.7489556933497,-27.3573219277822,8
-6.19498437531964,11.1660943668857,10
-10.3011910659381,-1.86422480223002,18
23.5336976700455,0.709949333635416,17
16.7077169933054,-21.7804065158964,7
-4.7930948263413,9.13147853527442,11
-0.157098244095264,11.8452340993827,9
-18.2772474829993,-8.36889302107483,19
-13.9957233100368,-0.13374139464754,18
12.786886841309,12.9766390861133,9
23.6420795648722,0.789188404936119,17
24.4265469565621,10.0910489487693,8
-9.72350088014555,-13.1817911424497,4
-17.8067026636792,14.479953423961,11
-2.36373813797792,8.85549489100955,3
4.68146479323751,-15.9971602070672,10
0.916659519293716,2.95022970230935,1
17.3971203697986,6.83771626131002,17
-29.047459970519,-5.21458523255945,18
-6.99352039600583,22.2483295730755,4
1.74687781871944,7.12396018947661,15
-22.2019873256336,-12.3842912984134,5
6.91087684851252,0.928046770686544,11
-3.87463514357638,-28.1174577712186,15
3.83401642285935,4.35977194326553,2
10.1682598718111,3.76504348949771,12
31.0784909478088,7.75854515854328,8
0.384353284294645,16.6118553374547,12
4.41179541437169,-18.5535646003502,17
30.5597496467778,7.77394146252116,17
-6.62585719991912,-8.51889267108857,6
-17.060123242805,-1.00184277077345,19
2.41561010230135,14.0028755260668,13
12.647751373435,-19.0373801449662,1
-3.25075882268005,-6.01528282128751,10
8.93963288136936,13.3408758106335,18
10.1660926857342,-8.59842893513595,11
-6.02648646368107,-12.5497613517589,19
-5.64301291959497,7.14747788724112,9
-2.48575396332069,-3.20762831251949,5
10.2991102377295,16.3696795603707,6
23.5143944299491,5.69897383267771,16
-16.3340625910933,-5.18233622826046,11
12.6426430382517,-18.9834723951441,3
-8.50597925230058,-12.4046125386636,11
-11.8712686984767,15.0976326627136,11
9.81729325397843,7.84317559968049,14
-5.19436216441448,5.03120382789705,11
20.086377639572,3.11039536496375,17
10.4593287987808,-2.93518981487159,7
-2.73137159847991,-2.54531171499639,5
11.1288470010645,7.64075090724788,18
19.1049735321237,-13.2344585098154,7
8.10674820262875,21.596715749359,3
23.3220109670993,6.41094176782799,17
-4.21484824872644,1.82270653888191,11
16.1827288458613,1.97196619923892,17
-17.1804339008079,8.48216651195944,18
-0.0523078579000547,19.3474481076854,6
5.67877270500528,19.9605887565589,6
1.68285955338572,11.0554551652624,6
1.18300699662656,-30.5025582488194,10
-0.422467126513763,18.7935083447978,6
0.992881038500886,8.14607500284432,6
0.886263734738022,9.60707680324601,6
-1.19318330859408,19.3292816244171,6
5.89256560342895,19.3303219263706,6
-0.437608597782225,17.7421263526314,6
-0.713428108825778,18.3307888113676,6
5.71008342142146,18.9328811585103,6
1.88341181563576,10.5621759493591,6
4.51377338414302,-24.4342094783893,12
-18.3420820064576,9.55884548267901,11
-0.414137245798135,-18.6094765749406,1
1.66411921980353,1.79107558230822,4
23.8819164713361,-9.31065739283846,7
31.6831793410169,8.75618892159367,8
36.3944600908426,-37.8760950475799,9
12.6672646504063,-19.043144447299,19
-19.7637423759479,-11.7230132504404,5
-5.18701861077938,-12.6160988932987,13
2.23782654500443,-19.689986997888,1
14.8638426562086,-1.13198105905114,2
-15.8556135049709,6.98765611899822,11
-4.87973980684523,-8.8770789466272,15
-6.38079803160146,-4.03078530930784,20
-17.0532785896318,-13.1912971411982,11
-8.85181382596755,-5.90538005040861,11
-1.70175354283889,-3.8981523601177,5
-10.8056292219923,-1.88350446607545,18
-3.97372145279075,1.44959169306766,18
-1.72926152099015,1.21448779522476,11
2.73973754737522,6.51773824205483,11
15.9428014743532,-3.16809573244439,7
25.0399334324904,12.8113067967097,17
0.322918301434068,30.4301938015076,16
-18.250900678921,-10.5236910646923,9
0.782429300991997,4.03949660656139,11
13.085545713778,4.74509460519481,7
-1.08495717352929,-28.6540782599441,2
18.9353934871328,-5.6803721344267,20
11.2345803475546,-14.3586713638094,15
-9.09054394716489,-10.338147699703,13
4.43872797068961,4.92930057045571,9
17.731105338379,-9.10028378371112,9
6.39101975861918,1.51423937954836,5
-5.1957541712337,-14.5695260347571,14
12.6812637181986,7.25504912563494,8
-6.77768390336751,6.43123203814652,15
22.1216018614802,4.26257287290125,17
-5.76023226753656,3.68239615182926,4
-0.157561213081333,5.88937583201678,11
-9.32263848954276,-22.7548728427734,2
-1.30911745305244,-3.79965321199243,5
-5.16480373691815,-19.7114489413125,1
-1.14290489138811,7.58305597372419,12
23.1762483885814,-4.91953955869045,14
11.2690607576548,4.9410669807426,2
11.5242669900561,4.62434721523388,6
9.15333161844737,-25.2919318438642,3
4.69164509002517,-15.9869685479711,14
14.5015879684351,-0.834954860616118,2
-4.62134013785103,-5.45337513022632,20
-18.571247966034,-6.44379006746675,19
-2.64192970679102,5.26967900491319,13
-14.000773258792,5.65343623531902,15
11.8763056749107,-7.99721843900318,2
18.6894695252205,-2.20558585952915,8
10.5731209016876,4.88764074953012,19
4.69572934691968,-15.991216029747,14
-7.28872649635883,1.2025170023058,11
3.346305353337,-14.6572929072579,10
7.63708041147193,-8.88974965379463,5
9.76746317508968,-7.93158709041393,10
11.1569240136284,-14.3593266091401,10
-6.74824493803567,9.11785203146888,10
-17.8737580554675,14.4067615985419,11
30.164927670873,-3.1922672652411,12
3.97925491161608,-24.172367148579,16
-5.65196491545442,22.5013064804991,4
-7.37087498343502,-0.679585736322391,13
-6.9772276789806,-5.81432148355381,12
3.30405790180501,-22.1623065904052,3
-24.4932112357494,-4.36060865151947,3
-5.97001410611096,-5.3606717078232,20
17.2465720741422,-10.8246652883919,7
25.5902341366847,0.676419190769938,2
-26.5308431402307,4.49237049661846,20
0.33289497315969,30.4536470170395,16
-11.8792189313565,-6.07228014883025,9
5.23687626173876,0.313775420704275,15
0.968925483399175,-2.77198345394584,6
16.8756606350664,9.65988886892093,16
6.23947225812879,3.84524585697488,16
-11.8973104312959,1.98685033429777,15
0.315154708639207,30.3991759160468,10
-9.48001024026324,13.0984313107818,9
-0.982711167292667,13.016904467015,3
-5.84799335037431,23.2839869498259,14
30.4082706801528,7.97676465464233,8
0.589352175444838,10.6310615485913,19
4.00250788249819,-3.52926696194422,10
-8.03763591187615,5.96271505207579,3
30.173310011246,7.3068201485305,17
15.356470759178,-12.2693723271739,12
13.0245836388628,10.2480738179517,7
-0.237864713104874,7.74797944871659,9
-30.2041641056232,-5.59767837523906,15
-10.3730868515709,-1.95336513890252,18
30.6936787909383,8.52813416459412,8
-9.3972684799459,-10.4433072471516,15
31.0307030690146,-19.3983247673635,2
12.0116987826058,7.12833170502109,10
-16.3496076340795,10.2082351706998,19
-7.28713186984832,-0.461562581245782,5
2.92932080388314,-6.61164961689651,14
30.5248286046369,-20.8903758882157,2
18.7434867518352,7.16049411210879,16
6.69342560982087,1.16286848743113,11
2.01618273619911,-7.02126098537568,2
-2.35389667504926,6.20389643332071,13
10.925089028004,-9.00625347945315,4
-7.67023774064883,-5.72474979280125,11
-0.95834738936458,12.9455039367468,4
18.4111592727352,10.6721093148789,16
-13.3323225787073,-5.83185414552446,15
31.100421962497,8.6113901879565,8
16.8415377038777,17.5064098309925,16
-1.56334671206248,14.8698808241977,15
-3.31642994959103,-2.40463815436862,20
8.03239204405603,16.4331467056657,8
3.99604137671174,4.38378179978132,7
-6.09309918072567,-3.50839184123431,20
21.5260654238142,17.032107290703,16
0.720642619908986,5.34636083963089,12
11.9280677001833,14.6023186974321,11
0.0983610160513227,-29.4385050609439,2
-0.270020789415812,-28.8375132933448,2
-1.8931757068111,-6.68669638794331,5
-3.59913804567322,14.349731615532,9
8.03018721030662,-16.4662583897652,16
0.984034762555784,-30.4052649392704,6
18.8371445822208,-14.4123454650801,3
-12.7444355125895,9.12593544862442,19
14.6905185714022,-0.917145379845752,2
8.66957968328056,-7.87457645056764,7
6.31552413157944,3.14290728098719,7
-1.98356553349197,-2.13163335368125,11
-6.05467060700938,7.11424788271791,4
-0.0578768652090832,2.65796287995592,9
14.8283584621696,7.61636725642333,17
-8.18703519892926,-4.04977335881179,18
16.6249543775854,20.7288887742687,16
1.6155451475053,-30.0997436940115,6
-20.9619260483618,-5.7398475728084,4
32.0577548342427,8.45028743364392,8
-2.33364666673641,2.31281149635442,13
14.1724059423839,2.73742656936185,7
-9.22528080096482,-10.4018332905317,5
-13.3113040315051,9.62666248550684,10
-5.82950737322676,-12.5064901119143,9
-15.4314512780313,1.26747546557445,18
30.7814259963516,6.95322282926171,17
25.3244606133164,9.42952752142508,1
29.7918104671989,11.4246219300222,3
-3.34981403375369,0.600647956923406,11
2.41030758808313,-6.4258422690213,2
-9.40779273301846,5.9265469983246,3
-8.59789006975637,4.57300042168939,4
9.52032003850234,24.3952617082276,5
4.87218258545822,-2.56773670842376,14
-25.7660851118893,17.0760965377727,19
3.80135400145174,-13.2830618902886,1
-21.0651698825669,-3.82099630811453,4
-26.1917928155263,7.4111935220003,9
-8.17989557185623,10.8507574527471,9
6.91687228195658,7.76207407064481,10
24.4421024710458,1.05275037078467,7
0.347325936583734,30.4606648936808,10
0.153800194467585,-29.9223207994874,6
-8.20904418161652,-6.93034673715672,12
23.5984087266652,-7.42225669498855,17
0.723910131713073,-29.9744908091086,5
23.9124905727057,3.76696271445308,17
13.8383361926928,4.85814069307704,7
-7.92748660389144,9.9550634922188,18
30.5280289443785,7.87859675616405,8
19.5731869529892,-1.42056398081917,8
19.8017335652564,8.04357573231021,14
-12.1212913937434,-10.2359034795265,19
-5.84218119461939,1.87305701347385,4
-28.5729097748978,-5.77808302450353,11
7.72784117085031,-27.3814705381122,6
6.06050215329903,-4.1879110726885,15
6.9634869122368,-7.49583045285103,10
0.216431198636765,-30.0016393077271,15
-23.7731629616206,11.2292807859808,19
-24.5806225149976,6.38940171516005,20
-23.4489342279288,-7.09833742066939,15
8.83652613494952,4.48524997620826,10
-1.56989688760554,-0.00217956464558464,19
-1.45604381669774,1.35299307627368,11
-16.3823995919972,-2.45628123457471,18
16.4449310773501,15.8002929179685,16
-2.13990766467266,-0.672322026648722,3
-6.69540978885578,-7.16008658560558,11
9.17830036561281,9.63173386292024,20
-0.417304914573338,-4.91801345726873,10
-1.39171972282823,9.1121505418706,9
-3.26217023667761,-2.70303133911872,15
-30.0940314524629,-4.89634050022487,11
3.09322881629754,-0.911267293488622,10
29.7358347795969,8.45920485786301,17
-5.16095470715429,-19.7250490582257,10
-16.4611986930123,-9.04404534642212,19
30.4408333169198,-21.0787851986857,2
10.6798394891945,2.09129954242955,7
7.3452375715818,-4.61253630270229,14
30.5916133615905,7.92436847914114,8
-0.859745823934904,8.8576585113448,12
-19.5516004165773,-9.21260511062892,19
30.4052734376939,7.94064020791731,8
-0.661781373995387,9.43497546891198,12
-2.6896311912175,5.01487594052327,11
-7.7274027070894,2.8264770887465,11
-7.75116510181624,-0.299724233367755,13
11.649228550808,7.50824886107879,7
17.8594217727352,-6.24251538714911,7
31.3139592689583,8.34144037763504,12
0.70231777618991,12.4541263503619,11
-18.3614053386567,6.1937081880143,5
-7.55285421014244,-20.9724203849797,10
0.339306853793235,-5.48167882097954,11
-9.06550394386253,-10.3546248140731,5
13.7540288182378,10.2563498316252,7
6.4071927280218,-10.3658361874238,5
18.1790604878818,-1.58752293577681,8
-3.70925918445299,25.3486515478653,13
-21.6922553695168,18.4432772915045,3
30.1549264869876,8.22772028213926,8
-0.128639243030215,-16.1930219008909,10
-12.3860615915828,19.5532010242709,19
3.00544467669421,-2.2256295582606,15
-9.88775478962294,-3.65225213587829,10
-16.6116864855898,10.3627064717521,5
18.7048698655035,-4.67894910174084,17
-2.07319273284911,-11.8545905887246,14
0.317702652175604,30.3992587152513,10
7.2247263393329,-4.3143794215898,11
-10.5333741589168,3.78983965936641,11
29.8121855756439,8.44944666627597,8
-11.8408267355851,9.82146859838035,19
12.6141373073187,-19.0026978956371,2
-16.4510623179957,10.4883229125583,15
9.33878985972351,-4.45251249476449,5
30.3760179632541,-20.2004929855176,2
6.05323999831129,13.2827875291198,3
-10.0379472925859,10.9411986416684,9
30.7744411793058,8.10905121083374,8
3.07869131104794,4.2369591789672,14
31.9800004370281,7.61684379571298,8
30.6627749397551,7.91030150868066,8
30.9752733009576,7.96832165188623,8
0.322738923427674,30.4504735135269,11
30.6598719527587,7.93128679356791,8
-29.429708363341,-5.96300773890954,18
-16.9268723294874,18.7683514954229,11
0.31605360517544,30.4095578736196,10
-6.96321512716497,22.0513825037557,4
16.17934950709,1.96714038933966,17
-2.19323731411431,-5.17347254721674,5
6.46731124913441,4.97092214033133,10
-6.68283097065695,-4.79205360471126,20
-2.51328346583741,5.51481044119704,18
9.45208530353131,1.26475383120165,1
-7.88130959863493,-8.73404657472206,11
-7.72777961920369,-5.88595409842384,11
0.577085907586102,5.43203821846208,9
15.8889863025159,-3.56108292198629,7
-2.49766567265806,4.05147514341493,12
-15.4510265436394,4.39378945046783,18
-0.49822582611776,1.8800375704495,11
0.292936835778499,30.3691642291988,10
-19.9901694250841,13.0942919378506,19
-27.1449351086565,0.857218760377912,11
-3.77555162109416,-5.57988853104217,5
-9.43224961827249,-5.58143185258379,19
1.93185502667658,-8.59323276567781,14
1.74883683831926,-30.82589773109,6
-6.91070313170683,22.1504224622412,14
10.690899961497,-5.2176813316299,16
14.1065572531706,-3.38040789554723,2
-4.25857779838817,3.83285227332554,6
-13.3142699577581,8.46868552775719,19
-12.9421215200155,6.63636045908709,19
-24.1691492790946,8.68186724069611,11
7.91989731583681,-13.4127623764789,1
0.0312180146261562,-29.8149647050577,6
-0.592058735100286,-14.5807827819094,10
7.17339187794276,-7.41907182482882,3
-1.67899755131656,-6.42998511841188,5
-14.3844797106737,8.51087398620085,11
-6.17817518830316,-11.9675526270321,2
4.62026507590714,-23.3456106124517,2
-0.173825932906592,-8.62202702795821,14
-10.2793050165367,2.34737599626282,18
5.83372324690831,4.58700892820563,15
15.3051253290738,-0.378170588148659,3
30.0554067599154,12.7726594826956,8
-9.73835328986983,-5.98912149283309,11
19.3772322746396,-5.53344388233128,7
-1.01800004954712,-1.08451883169368,18
30.2726720297432,7.82795435503552,17
-2.12725845515547,2.63288900294382,9
6.55800138472618,6.91512558093218,11
30.3847721200558,-20.0990927748278,2
6.16451746044409,-0.921443164562181,3
22.3289130969499,19.2953874717647,16
30.4400986920853,7.86460388763723,17
17.279216109063,14.3086640078039,16
-18.5240492763994,-10.6075653481769,9
-17.264403085555,-5.65335279451557,8
-15.6901581030342,0.449256586714414,19
48.3055069979244,-9.45868125993311,4
-0.368490322454048,1.52612710886607,13
19.0581321957142,-25.5549597436679,1
-25.9854035017699,-10.0665637895368,11
31.2224588996396,-1.9246700745068,12
-0.456047366258847,2.95419336438221,1
0.852606978241667,29.971970140361,7
-6.42053848588527,-7.01097737070215,11
-1.46805873343839,24.6013533882725,14
-19.4425989907907,3.03582882728127,20
-0.11607347656933,6.1521934733635,19
-12.3227971311075,-3.03436836398352,18
-3.41148038798962,5.83379285929725,12
-8.4886620331932,13.9278068720679,14
-1.85790298926688,-5.60821839583071,5
15.4483575527197,-5.1908653477226,11
18.9676855360726,3.81237700763668,17
30.0738287735887,-3.19858790140873,8
19.3070995940698,-17.2686925695774,7
-29.3778360840286,0.803424440930888,1
9.6532849986051,-11.2910084626039,3
-14.8373348133143,-6.51514941973016,9
-7.78179425610145,1.43958735745409,10
-7.58849784077092,-21.0097992545728,10
-6.80141815457086,9.90296335502805,9
-16.2966490749261,0.699123994323065,19
-10.9028266090472,13.662211561472,4
17.2544176429523,-2.63869334887292,7
0.284259650578854,30.4020602229116,10
-5.94985142209264,-26.7719608872073,10
3.71526228663384,-18.062659713645,3
25.5160166019497,-8.88008353553123,8
-7.11395718730975,4.67089742731115,19
21.0053941028718,-0.34341375397845,10
0.3364495486619,30.3910209555456,16
-18.0003126757973,-11.5390252017015,14
30.57506406401,6.76216625400291,17
27.3323157009352,6.73596742977109,8
3.55910370248978,-0.154215869765723,10
-19.370557272908,-12.1319844683829,11
-0.797161692442047,-11.7841125739464,3
-2.7978345380652,4.33331666259084,16
19.5394605623263,-11.4214791728741,3
2.96894024289292,-10.0823327258161,9
-17.4067704177855,-3.10263749165106,18
-9.24638033906157,-10.3710718936095,5
-0.849194749691561,16.4834865764124,14
-16.4762290635299,14.6389312370749,11
-2.89064622909615,6.26657068049778,11
-2.52127629106659,4.01986613676216,12
22.2905114667717,1.27724738343912,17
3.66542268512397,-0.428310330867268,13
-16.6773721497051,7.26773041879425,15
6.88488670419813,13.3887145204582,11
0.378097505227564,30.4401125160811,8
-24.8613192250926,-1.32383042510903,11
-8.23130137537263,8.3130908367773,12
-11.3797091777093,1.45725467204654,11
-10.6908585580594,2.07996506275919,11
1.20328803436186,5.00661305325887,18
-5.78136409467492,-4.06370479658122,20
-7.38651479138002,-0.805498552447438,10
4.42914654736374,-24.31773322668,12
-4.85486315111809,15.3434597540484,11
-6.85442576158525,22.2438906500316,4
20.0928758958535,-45.1045010115748,20
30.8746333841814,-19.8438591164002,2
-0.252863362373986,11.6624767667749,4
-8.10761279287926,-19.2802612683433,18
-13.1325060530006,-6.50992266713084,19
-8.10695108793528,20.3533016257185,4
-9.24957232220851,1.75073762104663,15
-2.45890588059214,-0.0638922119710384,11
16.702017297951,20.3870986183084,16
-23.5465647302504,4.92646496667156,13
27.4438199432042,4.85612097146441,17
-0.087879086980309,11.772986196429,19
9.60459370843327,-0.69504494841694,7
-26.6790584782434,9.27495360573955,20
-6.53702498600723,8.22571895950596,6
9.5384463646581,9.54595204477488,8
30.8959101918278,7.45231356489806,8
7.07380521835064,-4.58704314323583,8
-21.4495533817728,-5.76027560514202,18
2.77140070725194,3.40386372546594,1
11.6262566412401,14.2671251825291,8
4.69822005386038,28.234607969026,7
18.6591711065023,18.240135824222,16
22.2528332114198,-8.53853877501291,7
5.13320899390202,2.47399424219288,16
26.2548045991938,-8.18340680826038,17
-20.1716725588853,14.1644284385485,19
11.3109117163185,-8.51511344104277,3
-10.7143839883624,13.541379420671,9
-2.83728711112726,-13.6361513269133,3
-17.0447769287968,4.95365629785002,20
12.3156831944017,-11.1922036110075,14
-13.3478610777876,18.5478707716844,14
-6.19086945458543,22.3511488506626,14
-1.26244716909286,-11.2395857782356,3
13.3818098550672,-7.1149797554214,7
-10.3135090877639,-16.3245981865022,11
-16.7947035999714,10.2018252918384,15
-5.51250221647819,-2.23094493117678,20
18.0768700083128,-6.70853018157147,7
24.3812741380861,-10.2295908218278,7
9.41096203456207,-0.630257441644299,14
-19.4360562453802,5.71648663235191,9
-4.75920274273259,-0.895486277749146,10
-1.50347155010381,-1.13356854675019,10
17.6611190687322,-6.1152327536813,11
-7.04774423548417,5.28034908938124,20
1.83697061252846,-1.51868562626237,14
19.0298997743503,-2.99369743875683,17
4.51436224358318,10.0843212727762,11
-26.4778219147976,-6.85174107976127,11
-0.713006108011982,-18.6829418049676,1
-14.1538828462018,10.0275603458921,19
9.95099252743647,26.3558891122503,16
-2.50461971043444,-2.75589796370657,20
0.320594466299923,30.4003461462919,11
3.43314965221907,8.08421633759481,12
-5.27184214490162,-5.98581972087831,20
-9.66377258288416,5.95196092459526,15
20.0098234551954,7.6760899195461,20
15.632901676285,15.1322602551578,3
-4.29597572279268,-2.33149952572614,1
-1.49524026398856,-1.13951648362849,18
7.36292951058897,-14.5346450642216,1
0.734662153243452,17.8796957622105,6
-9.32431319292286,-10.3708777375639,15
-13.9215221612975,5.75267008762023,18
6.4467472628031,-2.51537494483118,15
24.8991336842091,2.2154415513027,14
-22.1467630954542,-12.8213121963169,5
-13.7167620302596,-21.5582846684908,1
17.990777057089,21.10794129492,17
-0.673442417406727,9.6346829917573,12
0.400379005779106,30.480068112352,4
-1.65813724622812,18.4349716221823,15
30.5579379478422,8.44828265425628,7
3.10840220140971,-23.7400003219815,11
1.17934815429987,-14.2178339754843,10
-4.59929237107457,4.14814065526758,11
-13.8230820240533,-1.80612574398031,18
19.5214467025061,-23.0751209808989,1
-7.54731446482726,13.5934986353591,4
-22.6286472196162,-13.0356457471231,15
-4.01393610983448,1.95631600450638,11
3.58263675292871,-17.3256443994353,3
2.73878427987689,18.9489505877552,6
3.82407681723981,16.0657783618234,6
0.0880215986715297,19.924663208014,6
0.598415803272901,11.5601362640426,6
3.98493360502199,16.07241215972,6
1.65076628012842,16.4157483768915,6
6.16127457836773,20.0744977319448,6
6.09141436684948,19.7988891766126,6
0.862026513949472,19.2211681674429,6
1.59484839633905,16.1104993261365,6
5.63134080322949,18.8385875674916,6
-1.33687517144694,19.2703914516506,6
-0.495837027050526,17.9075662126579,6
2.92067891476887,18.8830899453075,6
2.92563645691715,4.41376671731246,6
1.90743798813148,-1.87678772056918,15
6.89030041301802,13.3412694578338,12
5.60388344213807,-18.584930163049,1
6.43750513626197,-16.850250233122,10
-12.2551251618372,-3.24669670644672,18
-18.3365650767267,1.89922876062017,15
14.476280371965,17.4820218561863,16
36.3951424188919,-37.8757582009583,9
-16.4497500196522,10.4626248495477,15
-22.6972142081685,6.55124912652343,13
-11.0563219879429,7.88898453222879,10
-2.40825470558154,18.0806369163171,13
-11.0188803455258,-3.03835534882892,18
-7.37481023801675,9.93760542799051,6
1.75832940678733,3.18178842387632,1
-5.82136429079352,-8.75828592368507,11
-8.82654395497524,-6.65780580764836,11
7.37944298407134,-14.4925875936056,3
24.9370069420765,2.09934292704858,14
24.5028054361853,2.54420037169379,17
30.5137700977564,-8.9547195620657,8
12.5345181414301,-16.6276551456472,14
27.1623415551628,4.12220544093048,17
-16.5196568673515,10.4042429915845,15
-10.7402388554014,-3.29140789548502,18
18.5402121659646,-23.1276917529308,2
-7.62398459716556,11.706406991933,10
27.0899580613725,8.09653964756948,8
-5.90628594631007,-7.58266372721664,20
-13.2829055143062,-5.41495404816766,11
11.8401279192695,-2.29762642256091,10
23.99073138572,4.08475942717673,17
9.9518508961345,-0.462109028905525,13
13.9862450354384,19.6033804548729,12
-2.36494183580007,1.93979784776193,10
24.6460776636501,2.50667565581346,17
-16.4681674249993,-8.89471064169068,11
5.07689214263593,3.20583803316915,14
2.01959824197821,-15.2679984305282,10
-15.7009188295026,2.49415984835347,19
8.10652788756341,-4.1147307867958,7
7.74255254171322,-17.4932684808406,1
-4.41810470942875,2.59370620557698,13
-0.241287663602699,-10.4716140195084,3
9.61982592888556,1.26601814002467,10
-31.8293980774792,3.26683039362968,11
-4.50578765420194,2.09323265589992,11
30.6530011018439,-9.11525775246459,15
21.0760004010489,20.0381432790417,16
1.42905428692507,-1.44569108516664,17
-18.5562953437136,3.60977851134402,7
8.33648775877379,-4.34537623638156,7
-1.50289093461828,6.83508713457778,12
15.0102520566336,22.7696478857621,16
16.4905109220407,19.0936309020449,16
25.9482213983074,-4.90490824256945,17
11.8363025895173,-2.30752563675973,18
25.7065781145463,1.24725869779227,12
-18.0464864875065,-11.5836567130243,14
-15.5831557849459,-17.6972710821574,10
-10.8402183561323,-7.3552413519865,4
24.0240899021765,-10.3511290598681,7
-22.8289056598146,4.1920874631718,13
48.2910735287117,3.4819552722576,4
-1.47261645690353,-16.7417938515262,1
4.82633350037587,-20.9426800004616,15
-9.74854448044278,20.3643283319744,4
10.3277520710198,-4.59323474887719,7
30.2793514791637,-8.1831291472488,12
-0.812658569032492,0.427463638398199,14
-4.87335035626998,-8.62189896619968,20
-15.7543378854641,-2.25966800645373,18
20.0448534042795,-3.93702902956855,8
13.6831424765073,15.0383621010379,8
-7.80086119093755,-10.3867653701289,11
24.1808671357607,2.52691552310585,17
-10.5636629922683,1.35224898274983,18
-15.256383897266,0.952412270183595,19
16.6021383102395,4.46820024403312,17
-2.73027985106648,14.0789511020845,5
6.53155485853297,16.9206205199717,1
5.36592084517364,-0.00260084543143018,16
1.09673970311711,-30.4680898252877,6
0.244482896352719,30.2521276377694,3
9.53722115103693,24.3902525189534,17
-8.59666813756685,9.70428070805791,14
-23.2049734943999,11.0869964787524,12
18.629897945221,-6.15880326718821,7
-16.5558774696631,10.3571272463589,15
4.03433517335143,3.26905406567337,18
10.5880875564854,-1.38202553240052,13
-24.9247801796982,-8.13887792826245,11
-17.5503902971171,-4.09372770554497,18
-4.35774686692763,-3.5793440717609,20
-13.2000107496226,-17.2768253322743,5
1.29862108090691,10.5871237459832,11
-24.9577905233104,-2.69520435798381,4
16.4177349546682,-0.757942603197798,13
17.3850419599222,-14.7202203322388,17
17.4863248631459,15.9637785469864,16
5.85300882588959,-3.61579853168827,10
21.2068774653267,3.99895340177188,17
30.6093453630235,6.95096586785812,8
2.03459813059808,-14.8408455408338,10
-0.403264673111033,1.73217411435826,10
-25.524654888147,0.641767641518552,11
-1.68552702131948,20.391333612111,5
1.89902855547107,-15.1919684982669,10
25.658944421503,0.545673654244942,17
-18.2207237672542,-5.10116545035559,19
11.3500304623383,-16.4187631384185,7
0.727463285373475,-1.36522851134322,11
6.83854970282628,3.29990138948268,11
3.56759665445003,-0.170534175613363,2
-4.18682693742401,-14.7007576289488,19
12.2640469129087,-10.0817458555399,7
14.9065216343465,-12.413575641319,3
-20.8746617115809,-5.61077481720416,4
2.58879077284016,2.91239790068273,14
1.33767552886249,-13.8658615217731,10
-18.8996238959469,6.89582971576134,13
21.5641122557276,-10.8411399440016,7
-5.76526078788997,5.31740662654119,15
-1.45866763787028,-6.76529307208853,5
-9.44617854243488,-5.72438712832948,11
4.5667162681391,-0.766979782959351,20
26.2357748713924,1.91716581742433,17
-1.33828319889057,-3.21066717848886,11
-15.3141045833198,-12.295652016815,18
15.3448656109991,-0.387775588744314,1
16.1549571349915,1.99205317581228,17
7.91905140814566,-6.99365024325031,7
32.0254349323342,-0.199639506905208,4
-11.6217723222601,-0.122372447625686,18
-4.17548476051618,-5.80982482634069,2
-2.38312719522968,-3.71198736420585,5
-15.1840276197825,8.99588373039101,1
-2.05055507533547,10.8601622206183,9
-1.47506154317425,0.609090585674944,7
-13.5974955094045,-1.65266615699377,18
23.4542713475503,5.8324750136632,17
0.723754767672213,-13.8921287031779,10
23.5363226301248,-0.493528738363363,17
-1.13124317334495,7.4415013794626,12
-0.0805064203260809,1.83997646452042,18
-16.0435959545398,1.11087201723772,13
0.405015925724231,6.44778116125216,19
-3.63686478452369,7.09389352580903,14
0.468380812815194,-2.09923402460726,13
-9.55594646830052,-4.27720475480558,18
12.9773005479501,21.2968117793374,16
-6.8780415374223,-8.45964031654667,1
-25.3589100939177,6.97839476202954,20
-22.0222047789355,-3.70636441054705,4
-7.0118044078025,-12.7779911846663,3
17.2744262689619,14.241569184324,16
-0.783601780250125,-17.9239640724487,1
9.33645462124038,-19.092862031129,1
-8.71505943828409,3.02886509866401,11
-8.16246955459484,28.1595924206275,5
18.1383652541514,7.92449458787886,8
-14.3969750046018,-0.247279532648106,11
0.303122983642936,-11.0941155007969,3
-25.7693658184445,17.0798804146824,20
6.18511199783226,12.7117964230992,15
-6.09963413885756,9.24773890593807,5
-6.61330461289683,15.5235326855714,9
1.50371617553321,-7.0643904021976,9
-1.54279766727978,-4.46715390537715,12
-13.0708123910249,-1.31855028794051,18
0.0609716323336366,-12.5004798560581,3
17.5858046585819,-4.87108230495334,17
17.3431043394261,-1.6540811075989,8
30.4245547639441,-20.1723204646023,2
3.80572016179415,-17.6537794302928,1
1.55636806767206,15.8765326964282,9
18.9791195943373,-24.2720286705419,1
25.1114447487993,7.90512279411923,8
16.7392666588999,15.8601175576014,16
-9.6201739883079,-21.6049086525855,5
24.8023032411081,2.74690999040145,8
14.4394025269159,-4.0615382325665,17
16.7326559738022,16.0496277068569,16
16.5065232923912,18.713720367717,16
-6.22096979176124,18.3182594044056,4
12.2184830602323,3.98785221457407,8
28.4146792299696,-1.58712941160725,2
11.5711763875744,2.01225076458374,7
-30.1827086004998,-5.01321893827112,11
13.9610826681593,19.4326538781169,16
-1.77474551674017,-26.3371699284596,11
-15.4118963075231,1.2374126485275,19
26.1020254747294,-3.9999692390657,17
-1.98566177483099,2.5471860363156,2
5.52611607015393,-6.48303302002162,16
8.99203471093975,4.9237091070812,10
0.132662023405733,2.98241414101715,12
5.14928062468075,8.38797454328362,20
10.1366359254027,-9.80820539124732,14
21.1058817473783,20.0751736442315,16
-10.0945483125855,8.62181708679834,13
-14.6519385128547,7.52992769910006,12
20.1423838190829,20.3308769400655,16
-2.02471325465717,-6.20190369122454,5
-7.41802433599306,-9.73395071736554,13
-10.8983824079831,-4.1664693872384,18
-0.774752519262473,10.4287520002996,11
-14.3372401305599,14.363108659351,5
0.628481747849258,-5.05424818463414,10
10.3675163460614,-4.6656754560429,10
17.8879852051658,15.2306741759516,16
-1.15204886722777,16.8913418562455,6
20.9753118962388,-2.32514459402992,7
-25.5275708710752,0.641778980494396,19
0.318860013480147,30.3764720772048,7
-17.1161137827734,3.07084214414149,19
-8.44529724362736,-1.98840530894205,11
-4.68142860239163,8.94006730125029,11
9.9737192082444,-0.793683804026357,20
-2.9654941898806,2.16293760267515,3
14.7079719802928,4.30366728970449,16
-24.4492189123637,5.06413501064105,13
-16.7582356195403,10.5599221572918,15
-28.8090252772251,18.2226999772435,19
9.43992576564849,-8.83809876149039,18
11.0814776094231,-1.01581473796919,3
19.8392485795653,20.2242936937533,19
-10.987598890563,11.5753799087495,19
-3.15217098958634,-10.5720370857965,14
-16.9722905599048,-2.56555126816358,11
-1.46781821747287,6.3243201267661,12
15.0390119333485,-19.3115276348948,16
16.438239876918,18.730664649702,16
-10.1502086262269,-3.86582445795462,18
-0.792915512054461,24.4348416609544,5
25.3530326256635,2.15446743753927,17
-0.34159832495535,-9.99091852799905,8
-12.6322422603317,-3.3022899207154,11
25.6889814075722,-0.5456999959161,12
-5.37480989517952,13.6674220746255,4
30.5617586810089,-8.98711849685265,8
9.50285535701391,-4.62268634943959,3
-2.47987641703092,2.42585617086767,9
1.31019001945508,-30.6506710784871,13
-6.32309528627127,11.2323685944709,9
9.8432867234483,25.6177030070985,1
18.966100018039,-11.1595510503506,7
-2.7159482194416,-4.43265928412294,5
7.47599756721792,4.85025195205021,11
5.56531665839169,-2.06495860172425,8
-8.01615219169707,-4.05130753839124,18
-18.3813563392323,7.69743571851032,19
-7.25712675476172,11.5023016691508,9
-4.05088770358568,5.07171722122833,19
-6.03907629666996,9.94459784732583,9
-6.53601148383768,0.902177659735876,10
5.23874928450245,3.10102937493338,13
19.0874226290846,-8.68657919944881,8
-12.1145388014852,11.9447601814569,15
11.9947719950686,0.220927012343004,8
21.5930291281668,19.9656797500679,16
9.85488026664794,-12.5491691283556,17
21.3666530666584,20.0414631962405,16
6.73477330313218,12.4515768686948,2
30.9974689885826,-19.5694978209879,2
-20.8462310200113,-13.5294628374988,5
21.2865422066891,10.5248690660808,3
-16.5116277479022,-9.41624330313507,11
-20.2917900402263,-11.7497697079277,5
21.4569449433724,20.0927625289658,16
-18.0730754505744,-18.9206874021171,10
21.9891514609064,19.8462411090165,16
-0.737338974327996,6.24091290363753,5
21.8470249903042,19.9389529293089,16
21.3500424573152,20.1141516876027,16
21.9000723223855,20.2695803913778,16
22.0886379869316,19.7698390943249,16
-12.9390745554389,3.37170972345675,15
0.843119628467795,-9.47284381065622,3
-9.15530334152192,-6.06104644703013,11
23.3711604805708,6.19610637975858,17
-8.00234917314759,-0.274153716178806,13
-16.6003901849044,5.08111868622331,19
4.52911828704563,-21.2837763852047,5
6.49755774008198,6.68009996229803,20
-31.8368624430319,3.29329556234512,11
-9.20742292441733,-1.97299560168566,11
-9.76345430219481,4.93186888881776,11
-16.0069209742164,12.4973031674554,10
-10.2281142404883,3.55706326523518,11
-17.0710604138773,12.8328798005797,13
20.6316459976503,20.3862963384525,16
8.02629148571883,5.90712040240832,11
-0.749231945704968,-13.5789240470748,18
-0.835377001543317,4.32709125177874,12
-6.5478727855407,20.212711653357,4
-10.145064568984,-0.171448016752251,15
0.888903230943879,-0.512492812830073,4
-3.71952074305608,-9.19702122019495,11
-17.276099054776,17.4279790526003,15
2.13903382689483,-14.8721752387489,10
28.5495758034072,-5.21742356837695,11
-6.66989066463175,2.43209376810964,11
-6.47136247123897,-0.233446537430032,11
-13.3434727059208,6.76569755067286,12
-5.4274490489486,-0.16414514877807,8
-5.71782776872405,19.2272269901109,20
-8.91764183429806,7.0155729011954,13
4.13884667472732,-13.094275737129,1
17.1562509572062,-9.42754759168243,7
5.81866577068288,2.31401005583117,12
-10.5329408177473,1.65250168137124,15
-21.2854381055576,-4.39491472217445,3
17.2956626419028,16.0296325540694,16
19.292243186217,-8.63716455331915,8
-11.376592681422,6.44700919598752,19
1.99569517405623,-3.76986067556871,1
-3.98777300480249,5.95837614808776,20
29.7795478266547,-3.21257204045943,8
-16.3653023050094,-12.5249010230789,5
-10.2172560197265,16.4151263467259,14
-7.63960754663503,-5.75514509590781,13
17.9154176304053,15.7312456738026,16
0.125605839874064,0.491339454746539,2
-5.73505707330762,-1.48220238021198,10
24.3548409996818,-9.18632374161926,7
-0.885792832452697,-1.32708237997292,11
-14.632606785389,18.0004947074996,13
-7.14123697278618,10.6069156111149,5
-18.123148958932,18.2921823798269,11
26.8169259467534,9.97770675553547,10
16.3514818552342,16.0194431149867,16
21.4518593899104,4.34554995118383,16
-4.87430530422236,14.8962390017105,11
19.0552657840992,-25.4898425782622,1
-8.5456367099179,-8.29581777107734,11
7.70797736663969,-27.8193320880242,16
22.1642120150579,18.9571318608041,16
14.0611300364058,2.77111506391935,5
5.28796389301238,7.27820576357045,20
17.4847926152549,16.0869052161143,16
-5.6850884444503,-8.03653663291426,20
18.9171368688323,18.9545799289744,16
0.623584268638876,21.9060628805948,11
-13.4295246834592,19.9400085988127,20
8.54146235117646,-19.016418530072,2
-10.4392509228051,13.5094736401648,9
48.3055069979244,-9.45868125993311,4
17.8943822588427,-6.91531865586874,7
-14.234090875703,-4.74121179423002,13
-10.2711865652029,-12.8518178803885,10
24.8006571523278,-7.58372077289832,16
-11.759494949924,-2.45928372055939,18
9.80206555384528,-11.9110315221635,1
0.326751680673308,30.1694444716629,1
-5.90905107845037,-6.73580040364444,19
1.70227455903796,13.0896270658797,8
18.1821545820348,14.9525798703726,16
16.5383657940319,-8.77973348744703,7
-17.5289669142016,-6.58760837095874,18
20.5608528271798,11.0589340982182,12
9.13441199531045,15.3687645203398,4
1.64935957380006,4.27150045616494,1
-5.84186887700547,0.93715385890422,3
-0.752899078395515,-9.12560874491502,11
2.73418370572861,27.2229282727713,2
23.2805226682613,4.26623538621956,17
27.2301485692967,-20.7806114575568,2
-3.46230602304051,-24.4775329922016,17
-3.61790761446798,8.1127556942072,15
-2.00132965259676,10.2198441915009,9
-17.1273501747878,3.04998211965068,19
6.37361334818531,17.1437891213384,4
-5.77235186237687,-7.6046373339903,20
13.7243167629554,15.630220705083,16
-13.0086421835754,0.436733783149382,18
9.60585123756441,-7.53176000212837,7
-26.7644715448042,13.6167471944592,9
9.31448450303613,6.81760097360494,12
-6.16946669410253,-2.09168060282236,20
-14.7230665624051,-2.58360810861869,11
-6.47908952277662,-1.28406519209608,10
16.311080492306,10.9870637995686,16
2.71863411899258,-2.01008471146842,7
22.5570926129095,3.86250787224877,17
6.50006140998306,19.8808046091894,11
-9.18731073257358,-2.8080948087658,1
-3.03973991854813,8.88136916900359,11
0.988410799606339,-30.1322102560707,2
-8.14195681434587,21.1562723232782,4
8.67437097494869,15.5063881930479,11
2.24427461122967,-2.87032730350738,9
11.5314939637158,6.69179573766502,7
16.489049455967,-8.76502807057476,7
-11.0249231171187,4.53629538958746,13
-8.45892389627071,22.0567566475878,15
30.507734025547,-8.99590659821604,5
-17.0277173317684,7.01005871312932,20
-25.688224485245,4.16261533542373,13
-2.92010446705836,4.57489792970002,15
20.0931914194672,-45.1043518637162,20
-8.71063130549346,-1.24656689804322,15
12.1113679076806,1.23457297363105,17
20.9274000597725,-12.2824056418429,7
-0.634328412122095,2.52230605676486,15
2.86543229895746,4.72163820109178,14
15.8899282212594,-2.25334565152108,17
-26.8072505502277,4.09539825395747,5
-24.6574619132798,9.64552119685497,15
24.2404262037111,2.70971760723067,8
-7.72412619777029,-8.82541894037706,19
-8.82222354711966,6.67593021026273,19
-12.6052583751394,-15.7992837122744,7
-8.65507851496889,18.0304165781839,4
0.32818545884765,30.376272609093,11
18.1753513252863,16.6223272811903,16
-0.424796254225157,-3.60098360908317,10
24.0482772189958,-9.13305298031002,7
5.65850650577506,6.97583420799021,16
25.6455560954348,5.18720100130826,17
-8.38820898086071,10.8879746984594,14
9.69312567134534,23.1281298404622,12
7.50397860282845,-1.55838241268973,7
18.3261991739407,-6.82476765869057,14
11.9992413075849,14.5661307918897,12
4.61603725229672,-18.6162492303928,17
-17.2012686394449,17.8275792245101,4
-6.80575354222036,-10.3970473817758,15
18.8065429301181,-9.38514889472967,14
10.2724582633505,-9.30155023009516,7
-8.18157864276285,9.8774590065095,18
24.0005080566006,-10.5778417276704,5
19.7465220318368,-7.13852824608348,7
-2.06232468009598,-16.1173049197894,3
-28.120160628514,-6.73406484571964,11
-1.92311873982786,-16.5364709975112,1
-10.6307526907975,-24.0234542447693,19
-0.90352127105786,-1.02969044293572,6
-3.69708093688716,3.23837372499417,10
-15.3069006033835,2.90605919466338,19
15.4879358492359,-6.59223547567142,7
5.43611043887117,9.48018933900775,11
2.08840066079399,12.6806768066195,1
23.0998804900713,-11.4305049574952,7
-0.298822452728869,0.138169329545388,1
-3.10320742439236,13.2428515504565,11
-12.4922093082953,-16.9438147382372,7
18.9595327279667,-13.9706024070464,7
3.83781562358366,8.00395310358516,12
7.38627137747503,-14.5542345600588,16
-18.5774252757235,1.99790847983888,15
-24.161391831711,9.1424482366975,19
19.6146906068968,11.0397499508431,8
-0.575080058818972,-1.01702861736306,11
-6.06081464714119,2.40215454033924,11
2.6464691897427,-9.38210161137376,6
0.871055384498036,-11.2988502002815,3
1.76232928049683,-2.15645832063112,11
4.08604339541742,-7.06313979686851,9
12.9752263580844,-7.11300945751103,2
-19.7318707316274,1.86443208968657,14
-4.96892964631175,-6.82752508430203,3
-26.9659780559198,-4.05171886579424,11
0.32629335694441,30.3334268494131,11
-6.85687526597808,10.7366799744297,13
2.17554111824531,-13.2227036612405,10
1.90943357454509,16.2361254362408,6
5.94719894047897,20.0004028271988,6
1.46946590609692,17.9041956431858,6
1.85988615351933,16.7417536894794,6
1.59240304590786,19.1347417906736,6
-9.72625182683697,-22.308252255248,6
-0.933634211215201,19.418453433712,6
0.521617961846619,7.29434251402937,6
0.787375586646231,7.61585089549755,6
-0.31441963307316,18.6645160627359,6
-1.21096980407827,19.863769928451,6
-0.388632955849344,18.8319974201163,6
3.22154385112965,14.845882198791,6
-0.621074180250904,18.3084218251102,6
4.78771033375444,19.1358690681774,6
0.882666595377682,7.9301146000681,6
5.85048542109772,20.1629243689955,6
-15.1091569017991,1.99331904624317,19
5.52169251982887,7.75145535150198,9
-0.86865471382521,-1.02336596277374,11
3.36165323097049,5.7407314243586,19
36.3945274644063,-37.8756461227017,9
12.8825764094583,-18.0343487712804,7
12.419176528255,0.506918413869962,3
13.1043911641172,-27.9717374034526,17
-25.9322095097662,4.47772398840039,13
25.5665258069958,1.36280418973902,12
3.75619464796625,4.63156691978941,14
-1.35281899746716,-0.440384021315228,6
-7.579817546345,9.22581410219652,14
0.244165512317864,-14.7455594943949,10
17.1686032595383,15.9257119162991,16
4.25415457305628,2.27443869099108,14
9.27865762213069,18.5462605486031,7
13.5731350577298,-9.75478553448942,2
-30.1364774951246,-5.03600661950133,11
15.0935869572311,-6.01858040389943,7
-6.07743242134346,4.92382381966338,18
-2.16506149353111,-9.46053063324533,11
-18.4292741215587,-11.2379321134776,19
-0.630064252298817,-0.859527098315654,2
24.2019964455989,4.91650689452392,17
16.3856232933688,12.7234691962988,8
-0.685117250476105,17.4372210983394,6
0.272201702618175,-5.43827753902005,18
13.8606331436108,15.3917666867353,18
23.6718345341489,-10.2352921413385,7
-0.656354239532628,-18.7262163044556,1
20.5388385220081,11.099057158582,12
12.1375362431513,-15.0247653134181,7
-10.7100327288925,6.21457690283696,11
3.53084338781153,-22.3239550356322,16
1.20053922884662,-21.374426974708,1
-0.752946558221764,-2.42845230332592,8
-5.22248241148117,10.1884460154501,10
-2.6472862748279,20.4466967698677,3
1.39099397660955,11.7590730000577,15
-5.26063735103361,3.20471115132436,11
-9.07178662574091,3.07856786321938,1
-6.57160842590277,14.6129789317832,14
16.4185588271323,-8.79976645106931,7
21.3951599466242,12.5102577767313,20
0.228446842934,-14.7625652381602,10
3.54406097217298,-2.69264118148794,5
-14.3979267791732,-4.46751106245079,11
24.0576336522147,-9.95309466959703,7
20.7428994779615,2.70834077400272,17
-6.8113937705985,-3.69993983369746,20
7.87461892767798,-1.7888761683107,15
-5.49008186174987,-0.662342756037267,2
23.8431417404354,-10.995698439712,8
6.32171530596929,-17.2988321437197,20
-8.06803876401598,-0.393564078659083,13
-4.93484379753435,-2.59815561163737,19
-16.3142497245846,11.1999835600644,18
10.730781563895,-10.2689097144118,7
-1.32444056590774,-5.0498485932482,20
-0.0179028486219158,-3.29489614399855,10
0.315632666743088,11.038238045434,9
-7.0248177050183,-3.37749510600333,20
-14.9120395774348,15.9723011687501,19
3.86227050624327,4.76872524017736,19
-28.5475418781435,3.92318160011456,5
-11.7037944083905,1.16463240028446,18
-24.9813117881117,-2.66703119756969,18
-3.89450550892923,3.72342182658881,14
23.319531278649,4.07550286779372,17
-1.48296631233799,5.56300525093661,12
-3.61132917728509,-10.0868920494598,18
0.294443604183155,30.340551171648,20
-28.3420935014967,1.0225757912969,11
16.0221971520273,12.6458995790555,8
20.7347660086181,2.71077300507628,12
-6.76385552670622,-3.09211034132671,20
-11.5772146653019,-6.55731458759994,5
17.0064389763509,12.5683551844611,3
-3.88211020745267,-10.2242877749163,11
16.5151151365334,12.7043209677221,17
-0.708652959946662,1.7726237695127,1
17.3662984442099,12.3781866758496,10
-10.8254681364309,-3.35996371993084,3
13.3834242686442,-10.4403538750043,7
-3.65937424294394,4.14261913730124,14
-19.5769164268339,-7.75400179118918,19
31.5359640844707,-18.1960486680616,2
30.4822794216301,-20.2741681059405,2
-5.66412789921073,2.55185123237296,11
6.39664610273632,-15.427873710769,7
15.62283782231,0.868616017867492,14
24.2350757698762,4.87065763644615,17
0.168430019566316,-14.6524454368733,10
17.4755987935205,12.3017899674076,10
-5.03450276466669,-6.81800673556812,10
19.0851312181784,11.0477059780499,3
1.78575955696615,-11.9771773092991,1
12.3626192721724,-9.94005178313761,7
-0.186402297735967,5.24609631006855,9
-14.1214227677361,11.1196471505715,15
-3.70925552648588,0.317843236388328,19
23.661110676864,-10.6047706352442,7
15.677816433493,11.1263552497597,3
2.82974025209632,9.44384119028228,16
-3.14334434125165,10.0565715677659,18
4.80644795625295,7.53672202871853,14
2.57390927656831,8.79916584825506,18
0.87063735755286,7.2916019798256,4
-11.977260570436,0.739948877101815,18
1.78344103812786,3.69293215444951,13
-8.72773816608112,-1.63746653508452,13
-0.158065134425644,-0.504835598524282,6
19.7753786336602,3.45768182045719,17
2.13116238111198,-16.8666438401166,10
8.58624064531183,-6.23329624386198,7
16.9842885170966,12.5866799947362,7
-16.477141604806,20.2277996424054,13
-17.9199304885202,0.497898082459564,6
-3.195009886878,23.6038719285161,2
23.3445532198312,2.10151967926683,10
-16.3831985307194,16.6930625494517,14
30.1319980530448,-20.1693370131807,2
17.0569338422751,12.812660509812,18
3.94716661264146,-26.0473887045687,6
-9.60390899917858,30.0791419117756,20
9.63395909140937,-15.0696833280868,5
14.3969594094066,13.2189359030979,16
-21.0312064242298,-3.0613570011627,2
-20.1313384250709,1.10989574447268,4
13.1997629777346,11.7156043299267,10
-11.4477256715971,-15.1402744937818,7
-21.9362044176261,-3.44296058370491,3
4.11374259428001,0.693857315050056,14
-14.9614439391949,10.6174231620048,19
16.6249748970255,12.7289767659936,16
-5.58707151041278,5.01314535331415,11
-1.31218377637846,-2.68432155478004,11
-16.5023244027879,20.2529756216932,9
-16.3003667947805,14.6177924883345,13
-3.1508975561917,-4.14715889248253,5
24.2806363985772,1.12037055574199,8
-10.48875949938,-10.6317660346268,6
18.1769063582326,1.21778059242862,17
23.4120204162416,-11.0428680374206,7
3.60813189810216,-17.3070284062463,3
-16.6816427612931,18.7413731792473,13
22.0655959842873,19.768738117086,16
-18.4356345147664,22.768940409093,15
12.3221292149619,-7.5922409465578,7
13.7045102157185,12.3212869600991,8
-9.85714564350868,2.45616269063837,3
-6.70752573822731,11.8160974771598,9
-6.92843857660054,-4.80150774047908,11
-16.7220331008222,20.0949966415559,18
7.7050397864466,10.1313208234272,3
-8.53943696086406,11.0029153694372,4
-3.44962175270164,6.24499903683806,11
-10.8178620579483,13.4317522181369,1
12.3155802038616,-2.6634619475603,3
26.3692847350758,10.0085729918209,8
-18.6118004905536,14.7590701124602,11
0.266694017520043,-14.6551373761062,10
-7.09577644886886,11.4856592155347,9
-18.3405454605833,5.18994655263957,11
2.12986997083736,-16.8780646884049,10
17.7094077908565,9.24096210876361,16
-11.6139872137553,0.750311564772996,18
21.0246364467754,-5.43201913360935,7
24.1914758891979,11.3839700732408,12
23.7615903672699,-10.7303104116762,7
-0.312147976737672,4.9922306084946,9
-11.1185930944605,13.0111371825437,9
19.7425825710172,-17.6646875219547,7
-10.9022519277485,-0.90228560623768,10
-1.07382013068944,0.70826202765972,19
16.9423489252224,12.9027685978794,10
-16.6451926484982,20.2316448752567,13
-21.2982968294902,17.301005251146,14
26.2570919899468,-9.30717061598543,14
1.82445999937066,-12.291112089151,10
-16.6372037836971,20.1927643802458,4
8.54274667031697,-3.19503355332276,7
0.80955416416946,5.51003339644318,7
0.694061199090492,-1.98461442938912,16
17.3139535902685,12.4453456821609,17
-4.45220918295646,9.44804972814464,4
7.60292327541413,4.7265496212517,11
2.20786783261193,-1.85701933972596,7
-14.7622466340372,0.689879929636585,19
-16.880798438031,22.0853048225728,13
-0.248226819375747,-2.63969535319205,12
8.59446842691985,-3.17625274042015,3
-5.98052159306996,2.15531112505378,10
8.06975066125207,5.20992483652391,20
24.0149796221233,-11.3245611724731,5
-8.26218633731769,-3.97924407521215,18
-10.3915952522054,2.77768356951561,11
-14.4299913762935,0.951884392127087,19
-1.88777442945422,-16.4964781819159,3
-6.48503054726513,9.01917369865516,10
-1.19274386206454,25.2582722054683,12
-17.0664855448407,-0.244962722312868,18
-12.7888111359172,-7.60079266657641,19
-22.3320695409367,11.8742573788083,4
-12.6348104875108,-3.35135653393564,3
6.41125617638371,-17.337135975061,3
7.90533806552785,10.0863311580292,15
19.6162145443715,-7.04676887628677,7
-14.3683619754311,-21.5718560377404,10
18.66733735283,5.1115392197711,16
1.334002370512,-7.13815659707897,19
-5.80963741699776,-10.2436019838515,18
16.1178861620684,10.4084599528201,14
-3.0508893718666,7.09740724601176,9
-11.3138442792841,-8.05499720544223,18
-10.9140540238845,13.5791288935814,19
17.3575117457363,12.4041777345891,17
-19.5712667874809,-4.10660157157083,19
-2.95776993121656,4.05820324616009,13
23.8469645383933,-11.1277708555602,7
-18.4954496855546,14.0264677004553,11
0.771716161120809,-20.8952448449572,15
3.31738714112919,0.351076727950438,14
-13.4442302410309,7.98055542551458,19
2.5660592426765,11.8921174923307,13
24.5133340845973,-7.8628732058414,17
-18.7432124800936,-12.4851486702693,19
-3.58735083734188,1.95871988585682,10
-3.52272309875784,-8.79372470668526,20
-14.6628397196518,-4.09867364726191,20
-17.060115870964,2.05588670346101,4
-9.53869641114715,-5.78303691865845,3
-1.78668613179492,-9.5517408166079,20
-8.2376320838044,5.28164102153341,4
-6.92295201097517,8.00914524065588,11
-8.67981969440493,-12.6425822645053,18
-12.334417060443,-3.3289614094761,4
-17.8782339804673,-2.12762979556419,2
-3.09019543760389,-3.23167090202289,20
-15.7291577143342,-1.49150056248539,18
-11.4821888123664,19.682154972204,5
-11.1072625175407,-5.10233238205869,18
-16.1117529442637,4.86292455177155,15
-18.831702054356,-12.5922798985211,10
0.292391189807017,30.331373620558,11
-6.18131456263562,-0.136457599371092,3
-0.110619252038478,-8.92071892758747,12
0.456815302334465,-7.15583319804643,19
-28.3246426987339,1.05005020633649,11
-0.691288668346064,9.39186071998664,12
12.3429001269828,-2.69310258467343,3
14.2166333461995,12.7615673589275,8
10.246201736732,4.75520207391177,11
-3.51578792218983,-19.6159443612742,6
-5.99258950474044,-13.3121556541939,7
-6.81225449327686,0.883033424433184,18
-13.599640203635,19.6822193958121,4
6.71804246022123,5.41157623589576,11
0.85952752968087,-1.77798658784949,7
-1.45738130484081,1.30626529962116,12
15.1805466038885,-12.4193708034716,1
-2.32210246607048,-11.6252697996301,2
-10.7301942897427,13.5404345668475,14
21.9204070274107,-14.5881671228387,7
16.0831426757868,12.6674515075899,8
28.8959306477717,4.45689421400891,12
-18.7690379113236,3.71605174090212,20
-3.53860628809868,2.51016925585279,18
12.6401180089405,1.76896931774514,3
1.32749253362457,-23.5607306350124,16
17.2928420674327,12.4757585839706,17
-8.53895396864697,0.0964601397751209,19
-7.81941633569337,9.9622089434038,9
-16.6027939815367,-10.0971698439857,19
-3.96502531717481,-2.99477776272664,19
-8.19149788117058,12.0489620810899,16
13.9729841074213,13.1418883575161,10
14.8659761413322,-6.10862184733324,17
-9.44535323998547,9.64853540746035,9
24.2387954182507,4.73346326191858,17
-5.14120161242208,-8.13185343801071,1
16.7829968454967,12.8744387570519,15
-4.9680123711473,4.28761538600747,19
13.7922284438815,2.37484324711031,3
18.8847869662257,-7.00678241707148,7
6.52486515236526,1.48623782153202,5
24.1903179909194,-1.05765136107243,17
-1.03209563118865,-14.3878251374675,10
1.40260045966893,-21.3181337272707,7
-16.6553483106779,20.173382454988,14
-15.6216390404874,6.97154885689084,19
13.6129115376631,21.0386334413297,10
10.5862241582598,-14.6712847213745,7
9.42727779349269,-5.11648512262869,5
-17.2722897482893,14.5662697334305,11
1.62082441052168,-3.09498548464795,11
-3.581769515148,4.85944656022036,15
-2.14134283428517,0.91284970336477,11
-13.3466623659634,9.9806445975805,4
-9.83473761622628,1.39427925983542,3
-5.24905427515958,-2.70046970521952,20
-0.904684643224767,12.9298296711139,11
-1.70962287079227,-11.0252703366859,3
18.2830494595583,16.3139235825855,16
-6.63508361365126,9.14183455802083,10
-3.87536283593262,-1.31454849779871,13
2.367184804059,-7.6587694607746,3
-2.19378380755058,-17.6233516686978,1
-4.68166049863947,-0.901738693957151,13
-6.82367505210055,-10.5112508353892,19
20.2529329030632,-17.3245771591757,17
2.72023461672567,-9.72771786321814,10
-24.4399057655049,9.39727729985896,18
-11.2200995703286,8.54850000639555,13
-16.6482054265373,1.49817724048833,11
-12.9082563892109,7.04007334287166,20
-15.2739202030588,9.48124451264557,13
-9.72472480733289,-1.27272243794392,18
-3.68459205688871,3.99501030976762,10
8.61900142612692,-25.0873747484375,1
3.89717527754209,-26.0465557087011,15
6.42478483499933,-4.64980268319889,3
-5.91474552745143,2.63190908158656,15
3.23823713915605,-15.065194075772,10
-16.0429071918994,4.80855591192421,10
11.8952384010965,-6.66385333383979,7
-12.5724406721403,-10.615194554648,19
13.9279129258798,2.61845472327657,11
-6.45892243706204,8.23928194137752,18
-9.55252080628547,2.73367266080321,11
-14.8546378680107,12.5261712559545,20
-2.49385277694569,0.557431156553657,12
1.78703164046899,1.29712084396199,2
-5.41750507379776,-2.11428117471376,5
-4.86658487944736,0.294192488633513,10
2.42432142649666,-20.5312759273998,16
0.911363051991922,1.39734092593673,15
-4.67996115150856,11.0004079641895,11
-3.88374574665403,23.8086526688681,20
-6.35780840017648,-11.2246866141882,11
1.08350714443393,0.399567855145194,11
-9.39204911398891,3.04305779657389,11
6.13702821271875,4.62042638907674,4
21.9794330954224,-10.9978708749906,14
-19.2075710603622,-12.2918600745893,15
5.97732626563039,-15.7032658430934,2
-0.970311791591033,-3.09789363061769,10
21.6341129970798,-2.00278330501937,17
-6.28389517925606,-7.36117366951297,18
-7.71142505989165,9.66169211920408,9
30.3404156638362,-8.53014654822948,17
19.0568045442694,-25.5228849732255,1
-2.06089488231023,-2.62040713400922,10
-8.11152133553761,20.2702730139489,4
26.3050736961896,10.0644777438168,8
0.217268532322144,9.00154117877852,12
-4.94496471102047,5.43411524004988,4
-16.9639077393176,-4.11448776102863,19
11.0006368481723,7.86665755788978,11
23.8263325663025,2.8331604707068,17
19.9403814074655,-17.5758844121228,2
7.10012035088428,-4.61606066868766,10
-1.51322051782012,2.52595299431161,4
-18.649230090748,3.88453055505246,11
-8.5527311791436,3.64324511437126,11
25.5406947152575,-9.23904906188149,20
3.98185259510479,-26.049093622132,6
-9.53539449374104,-11.4852494758671,11
-14.0699221316641,25.7055756263018,19
19.6109471648965,-21.8759067058577,7
-5.2995134783884,-5.25777691420405,5
-4.19725839355397,-14.7476602465015,19
1.94513758458134,-12.7994082613797,10
24.5672850769933,2.55238303535084,17
27.0396091656585,6.38258233181971,10
-4.42360373577828,-0.597213712614187,3
-14.3120017318339,1.32764113285192,15
0.735211496640875,0.171695103063487,1
-30.3224171159349,-5.21180228609296,11
-16.4236652430685,1.6406368027563,19
0.584680101359944,2.12687747629953,1
-0.922618971341585,12.7233012731074,9
14.7835241668048,-12.5247509118765,7
-7.74971784767996,1.82834802339805,13
-4.81387836813964,18.3708275608308,4
1.80992440853458,-1.27365569843387,11
-0.729665144371117,-4.0483055389622,5
-3.33015790343223,2.39045317969437,11
-3.21664233402455,-9.26081981483592,9
5.10282900241979,-19.4778427984637,11
-2.22272367986554,-14.6576036409832,20
-17.7763564128448,1.55275232017126,15
-9.68535946202447,-23.077088559739,12
-2.42153954164293,-17.3602294038756,10
-5.08431530956636,-12.8439551843612,9
-14.8199128210118,19.7323295835338,12
3.58855373577956,11.8442539877327,13
-7.70841629513079,5.85851015614482,11
-5.4902248482167,-23.551241860291,3
9.37386431821943,-5.1682687263827,7
6.05794872895655,-6.73483508729964,4
-19.8034152690819,-10.3567477276644,4
-1.14764259165041,-3.17547217765313,3
-5.12753294990595,-3.26737806539681,20
29.8710634024551,-21.1099524532076,2
21.9553778903876,19.6458355601924,16
3.08888009274503,-5.65010917702699,2
0.251314735702898,-3.39254297107809,11
48.3054903358692,-9.45865253902751,4
-24.6940663612826,3.7132441955523,13
5.95791498598717,-22.0695935945078,1
-16.4631785591866,13.8759795274145,11
-2.53531801182602,7.52834159832805,10
-2.42857499358123,-17.4142432681369,1
-2.18902198223729,-17.4237515135705,1
23.7056459181222,2.94758420852414,17
-18.9620436041908,-4.16693779826835,15
-13.2530836093894,-5.74327269683321,14
-1.87136929606712,-6.08435715905991,5
-5.13923328901709,-13.4173090052893,11
-7.38870079726544,8.08437355752294,11
16.6958145086852,12.8637872601349,16
-10.1144572562395,20.9256952075913,4
7.87524655796577,-13.3956893133965,1
-17.4679789700153,-5.20127604276265,20
1.17687658790629,-21.2482405792134,2
-2.33849433810722,4.83145835362267,18
-27.5719170539481,12.6139352273072,11
-5.79247130872137,-9.43284136989077,11
10.048584754826,4.74599785167637,11
-1.7862467054838,8.47102561121176,9
6.0612479758677,13.3100714970375,11
-5.64254174478202,5.70056884057595,18
-6.75909606030356,12.1203664806488,9
-18.0525588356638,-18.8453118634792,3
-4.47093997740952,-7.34662167741606,19
-1.45744652645957,1.2598753203233,19
-6.80926962563037,-5.49366898187535,20
6.97350207637462,-3.41946758853602,4
8.46268468916786,-13.2835635656748,2
-1.97221297456676,3.77549666379,11
-1.92538809399122,16.0503438799228,17
8.95623997039628,13.2843281497964,18
31.0973760879899,-19.2262585564343,2
-22.6992215762011,4.56060942402341,13
-3.58373040342549,-13.6208699701047,10
6.40764582703004,-7.89443716165724,3
16.7456216218797,12.9143142417214,16
3.09513120000362,-1.04751601767452,17
-0.959495763645793,-8.15097015387359,20
17.3662197502197,12.4362876936259,10
-29.967067057783,-5.06346734283141,11
12.5536459959366,4.95937677200169,7
-15.5181463685853,2.87388679649893,19
15.5169681873739,-6.74263657555448,17
-0.0480797864590309,-11.5645258442461,3
-0.902235659432649,-18.3772982491981,1
-5.36426438341051,6.90636409566391,18
-2.38306870248143,-2.11786258812862,1
-4.19736331278821,2.79551597162511,11
-0.959866537242775,19.4625547687041,6
6.00701657331566,19.782779827486,6
1.84421679410024,16.747911501984,6
-3.04861418160664,4.66015817600249,18
-9.65639520680253,8.00684361962565,5
2.03797465622204,-1.93596719549341,2
16.7029005126839,12.7978471411469,16
-0.00995609863167321,-7.27113818944991,1
-7.29171562537026,9.77773889627617,18
4.69259775801859,28.233500441998,14
-8.95704630983968,3.73986399350684,1
30.9436368292689,-19.6305115921292,2
-30.1019520943372,-4.98739787916926,18
-7.58899629011167,3.70584282572957,3
-3.35222085360555,-0.47705426602702,10
-0.363466744129677,7.54435629293365,11
-20.1885817573772,-4.04599848786889,20
-2.92090093449098,16.3099587090044,7
7.37212729455928,-14.5557804406049,10
19.9816678577211,1.95502873833017,17
-0.740893049284148,-2.91263434232985,14
-2.23351396834385,-6.38165933157202,5
-5.78959480910243,-0.828020199843342,11
-16.7381119914624,20.4925429325848,14
-1.61680340837031,-12.5166948107269,3
21.2430249149906,-4.70088747806244,17
0.156792716137894,-20.444356971136,10
8.82759156877101,-13.4844952954578,1
-30.0438003984575,-5.0767994098138,20
17.4082097605633,12.3605209411077,10
4.52884689178184,9.20085350584486,14
-4.70416285239752,-3.22445058705055,15
14.2257523483668,2.98670143854123,17
-0.675753355240418,19.6619827587954,6
1.84026219886966,16.0925025300299,6
2.27875281491274,19.5992041213712,6
1.74615959859748,18.973755786911,6
1.82710714612455,18.4788995681031,6
-0.847900035053479,19.7520238596876,6
2.6955872762883,16.6210475472736,6
-1.26074074835859,19.3654394886678,6
1.75250387441147,19.0239060016208,6
-0.525381234556752,17.975007078006,6
6.13319462077437,19.8650336570057,6
1.59089587962082,14.0058643520202,1
-0.0621718473692185,13.5348514349495,19
9.25764757460329,19.4889548813302,5
30.3396625563033,-20.1027512220791,2
-4.60843073739732,1.88058086526969,4
36.3944600908426,-37.8760950475799,9
18.3358030637081,19.0985597723819,7
8.12258140339928,-8.01632922238883,9
6.41856146178887,-12.6177375422762,10
-22.6132428131158,6.84605767128903,13
27.6733228696106,8.4387129584686,8
-22.825690426015,4.27004722541383,13
-1.53236306072514,-12.5931874996098,3
-12.9951713681957,2.1638009899708,19
-5.84204593410588,-8.64219941902686,19
-7.90552853332021,19.0170428026489,4
-4.76583484467779,8.17840294046428,9
9.0126760774598,-8.71797022365173,7
23.9871201797367,-3.6274519241179,8
5.34042865568651,-4.96364055402784,15
16.9085057678659,12.9498462707127,16
-12.8421140904426,3.35540383775876,11
-3.57018569374837,-1.4914338857658,1
-10.4929792981862,-2.0189896818707,18
23.7386800528425,-10.1276474160514,7
-16.8584418155015,-6.86215123849295,19
14.7943443592223,23.9648434608614,14
-14.0729776861276,-13.1535461301405,19
-10.9438428669791,4.0957606903148,3
21.9573708009402,4.55410605765253,17
10.4280628947949,-9.88659842877539,14
15.8891489210501,-2.98011781190051,7
-1.31161399954063,0.0611625005848697,16
6.67340432312324,-5.23418335329476,18
-21.3228068812945,-14.3338588495331,19
9.29675336836858,-8.68117577888962,7
14.7971323587338,-15.1912113800034,3
-9.66659060221964,3.31275206247921,11
-31.8294866595811,3.26688775740418,11
4.79798793641401,11.8924719481706,1
-18.7553895128272,-1.79466203350687,12
-9.35036704421659,-5.93209917214849,15
30.6610706342155,-20.9163909612824,2
21.8349970030833,-4.95607929568852,7
-7.61378298985005,-0.0664554823051232,13
-28.7374155742954,-3.4987719608273,11
-1.16761798584538,-3.55747558095794,2
-14.357758388194,13.7173526098379,13
48.2908315208794,3.48202760227939,4
18.401600532489,-3.22535338320522,8
-1.75995720695771,1.46153005785553,11
-2.39811129106873,11.0339517478537,9
13.5795591545573,2.13701415977624,10
10.0502089097581,-0.348729264604693,2
-3.74181514351554,-0.582877897717227,11
-26.0275463969227,4.73605983825949,18
-11.2121810902415,19.1216381515498,4
19.264463006046,-22.6671622860476,7
-1.17220864657357,-0.737662425974011,11
-2.63792187410016,-4.94332232358722,11
0.328360145945754,-20.5237608073244,19
-6.09149403777834,-5.04674239060007,18
-11.4692256467097,-0.415401437541668,18
-4.22236281070859,-3.40496795684307,20
6.78821204805896,1.50992522469174,5
-12.5608179750047,9.17167285754655,18
-9.33717479211207,-5.8351552641514,10
13.7759394207821,-7.85013918308119,7
-1.83826619965929,-2.76736857781587,6
-2.23700024961788,0.565210754611656,1
14.7123499307163,-15.116471662993,10
-2.0428122954598,-11.7035225615027,3
6.90511938249228,-13.5304218755397,1
-1.47604038850027,0.618006348625523,8
14.1577293063646,3.11950215319425,9
-8.25041667938583,-0.917748736307284,10
-6.21992908709554,8.24168861092167,9
-13.5217487340863,-13.65828125231,19
19.3919934477295,19.9508694306026,15
-6.19890231226245,10.3033544749091,9
6.79985205260091,-13.413338836499,11
22.061381195463,17.9682821388026,17
-18.3659289348778,-10.703647191972,9
25.5445278308127,0.782060390908568,12
15.4753669095517,-4.46580053629481,8
-30.0930322948102,-4.75752448291629,18
4.33891504612853,-18.0906621351433,7
-3.24826714862931,-15.669128190253,3
0.0579388789032394,-17.7770096144211,1
-19.3471880319693,-1.9257616221743,3
-15.6056714134576,-4.79224528738606,11
22.7833212822546,-7.49112484440956,17
0.461622634107042,10.8444002047824,9
8.03297220782899,21.4341340589974,3
-14.6641436234441,-0.285967075136899,11
-5.97588777218244,1.59707023771384,20
15.6704676250407,-7.7307647101258,7
22.0152907376564,2.8130761564603,17
9.28683085029037,15.2062541959433,1
-11.7838874065603,24.3350399117908,18
2.42248667593779,-0.38408819294651,18
-16.5782611286607,-1.11751125068755,18
-3.41193745678659,-5.56110490554377,5
-20.4389815848136,11.030309506217,19
-14.0095577625129,-10.2511732875546,11
-11.7461724077168,9.71202941475488,5
12.600313594136,-18.9825183047211,5
-4.28042674024765,4.81300055685499,15
24.8480260534635,-11.9192441464953,3
26.5421688817436,2.34403275613763,12
24.8459428563545,-8.11336663929819,14
-21.6006759889409,-3.43101271929494,4
-0.387512834420138,-18.2605235935434,7
-2.82437314344779,2.09742826587244,20
-3.58992225560186,-6.02956181417061,11
-11.4645426927182,-2.45972484954366,4
1.85896207337993,-0.659193022601942,18
19.4923882503108,-13.2382660395331,7
-7.014926822065,-5.010238281458,13
-4.40648357930856,-2.95191819872225,20
19.1550149940523,-21.8829093088176,7
5.6159119501799,3.90912835506702,20
19.4645189699405,-4.24697604705258,8
-5.01736431017627,6.79648725197427,11
-1.78158719603373,-16.7557374830232,1
7.91604833709586,-7.95325551605651,7
-17.3543080034349,13.2858795600688,13
-4.67453293357229,7.79627315003831,11
-17.943194824398,-7.42882074251749,14
-9.97778345797177,15.8197964180763,4
-0.564173041772235,-5.15438926997993,11
-12.6934789176937,4.5096082149651,19
13.7920181785714,12.5743255076069,8
-10.2510317375293,16.8837983493891,5
1.34939119832611,14.4042704353242,11
17.1589439052907,-4.65420241027862,11
13.543161766273,-14.4464924130811,14
1.75903343025207,-10.3093818146872,10
5.57127367424276,-8.01937041189594,7
-6.50860910619591,-9.25296158437063,1
4.6157893474876,-2.21863682713486,9
-8.04993621552881,-7.24027073633962,15
-16.6472512833825,10.4286871951718,15
12.1129063806097,-3.50379748145501,5
13.1712979599018,3.1136284871145,1
-4.39383831181193,15.4283744716467,8
-29.2123142541776,10.7425235815851,11
-1.54154037453572,-12.5804080485614,3
-1.05659003338164,12.1204579543515,11
-8.21246688323696,12.1338487961937,9
1.91763278983094,9.27660322400305,11
23.4086263652343,-6.11108669886641,17
-1.94261491355599,0.00567117759596807,4
14.1139391471028,-3.80366595856174,7
-18.1479499755676,1.72319996807303,15
-16.5013442618185,-9.06930459419178,3
-0.372873108550333,-18.6407327219665,19
-11.4393841409435,-12.8718540926046,19
-0.0481265409376801,1.8415338540093,3
17.5669543084282,-3.37000206165068,17
15.9836606411215,2.00871677904138,5
4.69154115714996,28.23440953586,14
-0.0361352907670833,8.22627488341366,9
-24.3924141621274,-10.2828621348747,19
-3.09949518993052,-1.5140115756215,16
4.96867281218177,1.61472591385851,18
-13.0493436651125,-6.16512932823865,3
-11.0786087558973,-18.223870901563,5
-4.72850682849061,0.0717490491309249,5
-5.0869074880012,-18.3459528236068,4
-2.49425252687493,8.39343410445333,11
10.8682214053045,-9.07309795753547,4
-4.43190415064798,-5.77154488313929,10
22.5454219216853,5.14331161252874,17
-5.69466204767987,1.09719062712749,9
3.16864097615224,9.22529363014606,19
16.115499743382,1.92492332571275,7
23.7043458671285,-10.7423751469475,7
-2.7632854523148,3.13776988414575,9
-0.733000233417406,8.69087453817258,12
-18.1235141205152,1.3900297930745,15
24.6643712730786,-11.4021037545015,14
0.39593885268624,6.63987728339307,6
-1.20242972907048,-7.4996431667975,19
-7.21801355650734,-2.7190898493667,11
-2.18920399201942,14.6399206663213,6
-10.9261739454997,-2.6058851526671,18
-9.78066063427216,-7.81098135902241,20
4.82588245945988,1.30470271167967,5
16.2755276789594,11.023740607355,16
-7.87789965078743,-8.81866913314905,11
-9.92390196142784,8.94971397812581,13
2.51043803830431,-0.549977560981121,10
6.08083151665936,-24.738371069866,6
-4.95576026102334,14.6259994434581,6
0.18918471620563,-8.31751916356714,3
25.3820867242542,-3.8223163133979,12
-11.803054765885,-21.180670048844,9
-4.84337653566467,9.84153552955265,2
-10.4980022117507,20.0008289555523,4
-11.0104495752905,-7.03316345312702,20
1.36391975810191,-12.086221164739,5
5.78371465587553,2.16572027673016,8
3.82966109740617,0.403707370211106,11
12.2103579700151,3.76296852027264,8
12.5640098214217,-18.9735546558977,20
-12.3557953327344,0.618698779332825,18
-28.9212058200333,6.97376821368333,13
-1.26007124058497,-3.37526809592622,5
-2.86637422809428,-11.926047909456,10
-8.3809931291615,-18.683074124891,10
8.29599594528028,1.82864107227108,11
-1.64347457869941,-1.04909330619259,9
-4.99562852643224,11.6305496822639,4
21.4128734861452,12.5222999045698,5
25.7495008572484,-6.86416062080174,18
18.4459772362792,0.330480782351,18
-3.49065978787663,3.18711972406745,11
1.92236929717773,10.1159868757099,9
-8.86909361238997,11.2350389818787,18
-24.1843342656811,0.681405529444667,20
-13.4780535705962,-15.0050279427533,20
-11.4360995978235,-12.8878168511274,15
-9.87544732264787,11.6600720197053,13
-13.4702446486165,-17.345741978171,7
-1.65386635528731,-1.23388766363902,9
-19.8256464564756,-10.1312793421402,6
6.94898895030815,3.71784977675557,14
10.4566102652059,19.8117743598462,16
-20.1081314301704,15.6252634695692,4
-2.33649216450722,7.3828911143333,17
2.77601808218361,-1.17775047285722,10
30.7210583707904,-20.8821339003803,2
9.24957855863728,15.2453295472348,19
31.2175974429351,-19.3020116600875,2
13.9402277846408,6.54657152615419,8
-16.4138238429394,5.41965637096902,5
25.8459494196119,-9.56853228110809,17
6.6525544069448,-14.3960601439342,10
23.9462032458576,-11.3928906577265,5
-6.41874418852028,1.24480766037903,20
-10.0391082777474,-16.4905398885309,2
19.9536559729911,13.591106861622,16
18.3813768798019,18.7997465572249,16
-5.03453392620804,0.405163168550478,11
2.97396515788285,20.2121709177276,13
-9.91393672528489,-8.81537060461401,15
7.41745388767917,8.11504957474773,6
-5.2281826840581,2.90257970043458,4
12.6429077902288,-18.9654867598656,7
1.78174071147616,2.78560676782757,1
1.04011947079622,-5.51463540698324,10
-1.63489486700972,1.19110346136353,10
13.7677725797702,16.6567127895198,16
2.79534814399553,-4.66412529551171,11
-12.4477550271951,1.07165918923812,19
-15.9755763412303,7.73386314783745,20
-10.9525714729597,6.53136202955879,11
-9.42818352121402,-0.151271554693949,15
-18.2978326311081,11.7002161969614,20
-13.9425604433372,6.96935078905509,18
-7.312096883401,3.92214325234323,13
-5.96520596416117,4.87367333646724,11
-3.78662332308371,-0.0741010491479598,11
6.80424784874507,-16.4810676523898,10
19.0901658380122,-23.3682823105217,7
21.2823160464087,-6.3121275801545,17
-2.2377335069899,13.4250268076914,9
-4.70922572151668,4.1973468174208,4
-25.1977616559492,-12.3698873608289,5
-3.4521733903099,-24.3677478778928,1
-1.4173048843936,16.5742014326265,6
14.0687285226087,2.76864001191463,19
10.9633361389395,-0.988513644897813,7
-16.6751347083075,-3.22593503482054,18
-0.923917666136643,-27.971264102571,16
18.0512936735928,-0.421614472526936,5
21.0909211390104,-7.03108160196248,17
2.65620265165989,-0.338949519557064,18
5.13417871782167,14.2204866357617,11
-12.5876408517438,10.5535778865097,18
1.02288626721679,1.89163690177641,2
7.05245654724239,10.7755491396303,3
29.689970148169,19.3960651621117,5
17.3454299834023,-1.62053148999149,8
19.058961828805,-25.5177581656002,1
-8.87506152597365,10.6378400223639,9
27.2542994056333,1.76960431035639,12
-17.9468080469717,12.4409348015218,11
-10.8019666588125,-4.56685541632879,20
-13.553692823807,-1.61665594472451,18
-22.5865854073879,-2.21939287788318,4
-10.0927575126688,13.2734466155288,9
-14.2716305856308,8.39593464775118,20
2.58444910166125,-18.1248819186774,1
-3.98631753287521,9.27417793863565,9
-4.2331949720298,6.84986613758551,11
11.9411498021587,-9.24488116106552,2
-7.88944352193271,4.94710664126666,4
-6.53804567654462,-0.0865626632776538,13
-5.86183773619856,9.87077332950422,10
9.94787419486883,0.130624091224859,16
-0.200053378638804,-0.107822969788033,9
48.3055317981383,-9.45868123663487,4
26.3591617465717,-10.5945212253935,19
14.6052324332041,6.43462360971388,8
4.51818365171779,-3.10192929524703,20
-10.2115463007182,12.5395021953334,9
24.2162802719441,11.3903282375462,8
25.8356639477913,-10.0035490625742,17
25.8313082505862,0.617756896554585,12
30.5218771562792,-20.0669905526652,2
-2.66902869680075,-0.881303895087999,18
23.5898459160053,4.1517233284698,17
12.6588487851294,1.80105688634161,8
-17.8309251516981,-7.14134814301171,15
-10.0422274400089,8.40471851997688,15
-6.9320536571443,-6.70950899763844,11
0.734289395913667,3.51581299345332,11
-2.22261953866991,19.3786651197699,6
-12.0307514071537,-0.00437878495703054,18
8.19919379100303,8.28999326799903,14
9.2234834279492,-10.871169518159,14
-9.92977421067869,20.054864054903,4
0.375899321988982,8.12149298305326,4
0.478710284065902,-1.34511167591696,11
6.94725049245281,-17.5120991310361,13
-16.3719482985974,0.883791037428802,19
7.80900911588099,-9.05708796910747,10
8.87204976334436,-28.0660298972889,14
1.54226337629546,-21.2913063025065,2
8.57903264081188,7.13513262706217,13
-4.39673062411395,2.87751334939296,11
-3.26586172199419,8.22737382163074,6
-6.45135792850072,3.96373304841373,15
-4.14853557110956,2.96253013134131,11
20.0931914194672,-45.1043518637162,20
-17.3433297022581,-9.63631225190842,11
-0.196117396354744,11.7945644847045,9
-1.64315228056396,4.03227270307234,11
20.9678649167296,0.255297175585894,17
12.5572040047192,22.5290434102747,14
-15.2761181942507,0.898998138077537,19
5.59406813752338,9.61025038173893,11
-1.80750185196867,-9.56074890978642,13
-4.91966405985307,-2.21477043531777,20
7.85514632521235,-16.5949565701324,10
3.94636888694522,-9.73223594680878,16
21.5666219825626,-10.703106754596,5
-12.8076508920552,17.8193756089587,4
-17.4431563120398,-1.0517755541493,4
-5.22842690094354,-1.97496176948053,5
22.9960187340766,-0.559729630078538,16
-4.53496784212375,-3.68831561323683,20
-15.7419897456457,13.6405250457133,11
-3.95520006792443,-3.45600041435515,18
-10.1889946941678,13.3654846934657,9
-8.32483114806985,2.71931098794069,3
-19.2595974604927,-11.6827388040913,19
-0.811311160324466,-2.90762721681521,5
1.27771544026036,-3.8178455820266,11
9.21203369555649,15.1643801155217,11
-12.6433797906557,20.1864927101602,4
-12.9204824661656,-10.4495156656723,19
13.7872302756996,12.4172625285164,8
-10.855363467237,-14.6219362881539,7
-9.7243243613218,18.4336825854529,4
13.5046328684453,4.14218770344222,11
13.518672711607,-8.6973366451497,7
-5.87942516564607,28.1042628830022,6
8.41623201531692,2.8282375267728,11
13.8805008017753,2.39416911077979,15
-4.04816509324833,-1.29457605017848,6
-15.445652843542,1.52577923524547,20
17.3118923425926,-14.4799442032231,8
-7.56048593053753,14.8888129179757,9
-12.3249054287068,10.0136203249442,19
-8.68261977739201,-6.1510565611789,11
-8.780008518365,13.4343694882611,9
16.9446496213211,12.9113453733064,11
23.9947211494613,-4.54592514882179,17
-10.8471903592281,-14.5856284266549,7
-8.34775979401764,9.87204288262854,19
-5.75211494419012,-3.20882745574603,20
-29.6284789643111,-5.191070252524,18
-13.738029692163,-7.874520190919,19
18.7389442883005,23.4684162609248,16
-17.3908077602549,-9.68704812390257,19
-13.4110563376225,18.0900475201881,11
-5.14473267271385,-2.48770404473406,20
1.15871279635903,1.85808049967082,18
11.3316472283844,-16.4184257398055,3
-15.2443405526148,15.1542884721724,11
-0.581606471649881,-5.33504240909177,10
13.8522980853453,2.44664949385355,11
-15.2429719380655,3.6935068060828,19
2.8290322635081,7.41087857463846,20
0.777170972283315,2.23358764431434,1
-0.403286017382853,17.6693699568087,6
11.5325365692161,7.98755546432492,6
-1.52995929417304,1.317069499584,15
2.24493818814376,10.4874979376587,20
13.4838668187451,-27.9071404802648,2
-13.6495709512155,5.44632264650978,4
-0.693496713844717,-7.10862560302048,5
3.9173920694745,13.8596340312978,11
-11.1109032796717,-1.11739938447056,10
-3.78388246349784,-2.82912068830578,19
-4.06475785054844,-14.592860683996,10
-12.4944557455205,10.2637317867717,20
1.92022415713032,-4.49197478074157,10
-5.92238288283417,-10.5344865380869,11
-10.2959282104042,12.0770555673566,15
6.44871229748855,-0.0198254511763339,10
9.06043022543598,9.7105000952122,3
17.235311527128,-3.19139506723713,18
19.2246611873446,6.74061278970236,8
-3.18304231435916,-1.6234580319623,11
5.63256469402327,-8.02761704825566,5
-11.053994511608,6.2504458737354,11
-2.06892567167324,12.4865880383623,11
16.2919297471972,1.04260879274033,17
-18.4968504232279,-11.4249885483386,14
5.42321299160357,19.3248099112491,12
-1.19055444077879,19.4101069435767,6
0.0482462606734095,17.6806232719296,6
1.86570824792045,16.2145412068956,6
2.56145138851039,20.4440845309413,6
-0.281622880847286,18.6320431934619,6
6.07876786604474,19.836434793684,6
-0.0746252907403469,18.6824463863705,6
-0.0492891562961841,4.60490857152521,6
1.74566388353945,11.1392994287257,6
2.7660780007874,18.19869887064,6
-1.72818788149045,1.08889466590024,6
-23.8249104141283,17.2749502980863,19
-0.0145016639857724,-1.4514750876638,1
36.3944025325886,-37.8766029061486,9
-9.50459195769018,5.30985099227721,11
-3.39761308519514,-4.03547333162215,13
6.40194644225372,-6.70545289624552,6
-7.64915972500594,21.8859227512496,4
1.46661333751625,9.89235957138529,13
2.83949983239396,-6.80951301688993,5
-19.7595786260114,5.46134972191991,4
7.9089756157099,-1.88903561852026,1
-8.19344719853683,10.1815753799324,9
-12.5608412699683,-15.7058431673002,5
-1.02864945291134,-12.9064278333354,3
-0.644691461509588,-2.13800467024557,5
15.3002706956877,17.3404063063312,16
11.5697525260634,11.9511609236924,16
-0.551364225294613,17.0986573295307,11
-30.0735666256126,-4.91712643176346,20
4.15855800881559,7.42723599462154,12
-8.09123662926157,10.6766758384465,9
12.6464974517185,-19.0445353293416,14
17.9999983589763,17.6507668780509,16
7.04546037297143,9.40940859511803,10
-17.8026812551616,-11.5196904624751,14
-21.9733728228675,-8.65600351556268,19
-5.81215200407397,-5.2849579608419,20
-14.9664075408752,3.27332646295911,19
-11.7831387592458,-4.9220117306694,5
-0.736273151734192,7.01947412873705,4
3.4999201125925,-8.46696262753426,5
-9.79649047251281,9.13134103621701,13
-10.0642830544981,3.33986422035962,11
-24.6079088517466,9.62237052144263,11
-12.8377787650991,-10.5177120333839,4
-0.617391313923671,3.2002307590551,4
-10.4930380625543,-1.84976175318173,15
-4.67410118827569,-11.5660768310188,15
-19.6157100469729,7.60295946270463,2
-1.74979395755514,-6.01742665503218,5
-4.11725601186246,-9.20045995227185,20
-11.8730828954929,-4.5681190327445,18
-15.0549109334908,1.08315374593111,19
13.59136780043,-0.735108888107049,2
-1.46668118125591,7.51255922587759,12
14.210047920726,5.13960662927705,7
11.0307644517295,-16.5745656455294,10
12.5446387716515,22.5746058504506,14
-25.7654653964643,17.0775156926016,11
13.1606732069806,-28.0127804585403,2
-0.621732113277658,2.28426441682779,11
-28.8954605508338,-3.7628090296936,11
16.0554108128336,6.70149591524345,3
-2.24991666312244,-6.80318984288494,3
-15.8108821895579,2.65666088373574,19
0.676972667456208,8.2455806123255,12
29.839865763935,12.1340564654584,8
-6.84836889037867,2.26698677154504,11
1.88958617361044,2.00981599874006,11
16.9701147380521,12.9259705510416,9
-6.93085114651354,11.4515731120438,9
-1.70911710937824,-17.0835799896703,1
-1.44025902327941,-0.482871053676897,19
-4.99023971671969,-6.93359049435558,3
9.45779333781189,-4.26148010765791,3
-13.4490558130697,-17.3044710294032,7
1.89981696627155,-10.4398719547896,6
19.8447761921199,-12.961248606965,14
25.7739813751821,-0.474696865909912,12
19.3353027382426,4.37800911123609,12
-1.83968705558147,-4.7729842951825,5
-15.7602970930042,-3.32259706158733,3
20.9726817492049,7.11865872894575,17
23.7813555467708,2.85311830792461,17
10.6387460097234,4.0348271902246,4
10.5662564917809,5.70802452500182,19
-5.94711883003274,5.75755483526865,15
21.9936638061697,18.6265808069655,16
-11.2945634876693,-14.6825466411775,7
-17.7592029407677,4.90588799131202,19
-8.79451250999944,-9.27707911436614,4
6.947893026726,-16.4649725199038,3
2.14452137985601,-0.74586442314279,4
-1.68400901552477,-0.247112285297569,11
-19.5761901339434,11.4660803849863,11
2.76593377264901,10.980034389713,9
15.3175695918936,-5.39746167189252,3
7.37581325441839,16.3122471243689,12
0.305800973953102,-2.92591565012131,11
-1.86495239013415,12.7496847228952,11
-5.13416511140449,-5.77630237248367,12
15.8270387765506,5.13024993110903,8
-8.11228032904133,9.20924652151289,4
-6.17077156079205,-12.7811386682847,14
1.25537737091664,4.88658787183681,4
-6.74350366768466,2.48815399527546,20
-21.9666161981707,-3.14608556851418,4
-18.0635246630421,-3.99676275297694,18
-10.5725967250585,-0.959298176456843,18
-6.78417636305602,9.7409447026652,5
1.18884245582397,-11.0886308354583,3
-3.31957678700452,9.0072033850711,2
-2.22582821871384,0.534449763451676,11
-2.19381509283316,-2.85813135912366,9
3.45652219819963,21.8426930826578,6
-8.50864706796744,-15.5816563229568,11
-1.96618756677929,-12.0645273829814,3
-0.149008796152507,-4.13230499726809,5
2.01718566016698,0.552949759377196,7
-4.53978096272726,7.68183178153633,4
19.3709267580313,-22.5550263704833,7
1.62280070760785,-3.58198839725159,18
-0.18639134148199,4.25604464305549,4
-7.58464283943731,21.8332027319942,4
17.9046504788164,16.3015062541095,16
6.74761857848286,-4.90672011368784,11
-11.4595405584524,-0.0134695581847873,18
-26.0866065778931,6.29224077652845,11
21.1059758380803,-5.32044897029215,17
10.7168685409253,-5.32052082449221,7
-0.55426677052731,-3.36382460939409,11
-15.6129238836607,14.2356386989556,11
8.20771561459018,-13.44779027344,2
-16.3703365249283,10.3194943726862,15
11.3555225596238,-7.99361889392723,7
-0.56763317131463,-5.33418386697816,10
-13.1039845485867,16.8004336887586,20
-10.6285861312534,0.16242856853769,11
-6.61961463570453,-13.3712781967651,11
0.332983481999523,1.46167278910687,10
-1.03691013192099,-6.0072285372748,10
0.630593173052181,-11.6092918141601,14
-7.42245740959287,3.87971431157576,11
-11.0476951531469,4.57274545644947,11
-14.4314142311453,-10.0407515970594,7
-2.80945010131514,-5.77192153430897,5
11.7631113099155,-6.6114484254998,7
13.4666354039558,16.0306914251686,16
-5.89217313790996,28.0955782732149,11
-18.7039205220107,-4.19959859161911,5
-6.71410805527106,10.9232640646092,9
7.36991052773054,22.5247455752028,11
21.9160464499367,0.632015650646557,5
2.95370400973281,-0.735872414317043,14
17.4984758961669,12.2985574260035,12
23.4427148580348,3.19563846940742,17
21.2208803679138,-1.11685641459861,17
25.8712295203684,-4.48934407457125,17
-4.46563536860582,16.0205560856441,16
9.30907051302106,-1.79622727274293,14
11.1638512025486,-16.5501536596041,5
-3.49548654174166,-5.36044534939077,5
-8.10148182421152,-19.1369949022717,7
20.6271980656331,-0.26747204287431,17
7.17813744533369,-16.6181829868923,1
1.87923283917086,-3.58398076092524,2
0.962285278274745,6.35788757735184,14
-12.6922480369137,-21.7538602488316,1
8.86646219982946,5.11738723544903,10
9.06153446422651,5.11991766719943,15
-24.1791408350886,2.31706814027493,13
-12.6475376606191,4.61926988165582,4
-6.83918003930653,-3.00057458785638,13
10.8104562231341,-13.1642055135414,12
-17.5543459299855,11.2844828045408,20
-7.1144172572354,-6.85928213142674,11
-4.86727509149605,11.1576738254381,14
-3.98753237103099,0.760503530530534,11
-2.94230985190874,6.3087265814793,11
-10.1485769309713,-1.96215707528126,18
3.53720055495823,12.2598471673873,19
-3.06022939207252,-1.66460315042452,12
0.496138881960304,6.12258647972089,18
10.1876923216968,3.20026633486888,4
20.434653874122,-0.357014046837886,13
-1.20159405986969,21.4531316996132,15
-0.083557407492906,-1.45404531675553,11
-5.11762142846179,-2.81333555865833,14
-12.2539334821951,18.9339898285841,4
0.638669066079309,-30.4232106355332,16
12.4460839147162,24.9402075133312,16
-0.869094907156565,9.70052296764639,12
17.8261215409835,-5.11687637364111,8
-6.68549807452693,20.3043633948913,9
13.9499765926458,13.2294937820274,19
-5.83796906981773,-3.24465478124496,20
-21.8657985207187,4.60461804402271,13
22.3562326676154,-6.92965623630099,7
13.7790356777516,2.30768900205192,19
-0.00151520937380527,2.23827649613167,11
-15.1605304049822,-1.56268738968358,18
23.2850883220739,3.251715666564,17
-18.4873280463719,1.95142070428293,18
-8.52828188807186,7.82707913741266,18
-6.8136364355625,-3.63422173152094,7
-1.49735614784057,-1.61537072739767,3
18.2948045719165,-5.3137902597219,17
4.90781633394254,-10.4916398597438,1
20.1621809880547,-0.118289159373388,3
-3.50226586807358,-0.0107226216084798,10
-5.76629077871849,7.90008682012472,11
-24.7575619856376,6.27274824605883,13
-8.80688661687322,4.82299732252438,11
14.3299617526314,-2.44788721424034,7
-1.18977663365373,-3.11659250424004,5
30.6521570008385,4.48383560649484,17
-9.0320911123199,9.81396357344999,9
17.1127516856985,18.9686450334051,7
-13.4135817143648,-1.1717377930401,18
-5.07966247997652,10.1062888089978,9
4.69538005504684,28.2314900101386,14
23.2203315234967,3.32692150309971,14
22.1511790662665,5.47871727994056,17
9.88739922133275,-8.71398114586208,7
16.5355096781816,16.4066229025457,16
1.6596102761734,-21.201542725662,3
17.8662071748656,1.51626900727475,17
-18.3819530144472,-3.06648031282094,19
0.704816249687695,6.16617459725592,6
-3.58113063952113,11.4888650090301,15
-7.45069694134789,-11.7692313780161,5
-10.4842189630923,-3.15851082768435,11
-1.46021139274711,3.0126319666699,11
-5.93017311142297,-2.00089852326552,20
-12.6102785046944,0.397258048810754,18
-17.6317924102353,14.1694274945457,18
22.4354685292126,3.29192304105574,17
0.901676408669807,13.657682123644,11
-4.63758727565201,4.1230422459276,11
-7.87659231567558,4.76119307885614,6
-2.83347332488577,6.60204781885378,11
-0.500488324381648,-8.26006328610369,3
-0.831263883057477,-10.5908302397093,3
-0.109807708648425,2.15369603142872,11
-2.39993080010862,-3.18504214990978,20
-10.3462961554869,-16.3930198063075,5
-9.01169487389948,9.54652786157439,4
-4.27074874404301,1.07774666667798,11
-0.792415702659758,-14.962794160551,1
29.478410392999,-20.6854940568837,2
-9.49023681758815,-1.05002376037525,15
15.5043960093129,18.6155161914043,16
-11.0392257557699,9.58740429508211,13
25.7283650266686,-0.657591644551116,1
19.9723248676244,13.5466574488267,7
22.0343693415558,18.8193290087221,16
5.53203566111099,-1.4763968686681,10
1.89618091044229,-0.264649058453301,9
18.0314540671445,2.75149985532404,2
-17.6417141121563,-0.669085928848009,12
-20.3620369021368,8.6689181522846,1
-0.79906706743622,-18.7939995908627,1
-3.55807530565343,14.4037308910412,6
-13.3923033368392,9.59410247393927,19
-12.2705082764655,-3.6491555847985,12
-4.05687945970277,-6.4522509079609,19
-4.66187234111299,-2.58349738241151,20
-11.7732390268537,-0.870347164038693,18
13.0979643593152,-28.026799347449,17
-14.7312404662935,9.0089905711478,19
-16.2522298191336,8.40678993752432,7
-13.4801645456616,5.11467691573005,5
-5.52069114208035,8.42738874835924,14
7.64921460356436,13.2225891916488,11
-2.08756007892618,6.94473853759863,12
-2.14308393309519,-4.14739763485062,5
-25.082234740077,2.75363231660693,20
-8.33890363003023,-1.42418291250795,10
-11.0764933399886,-14.5763175429632,20
-8.87917572104569,-21.6927839834347,5
1.23765169938806,2.4681426320121,18
-3.21902507871558,9.09101662424715,11
-0.113689195522483,10.5240421121917,5
19.0180971383089,-25.4027242671383,1
-14.0888122863894,0.825346840969113,19
24.9007357570904,6.50623072941624,12
-1.65168765965818,0.338794515744075,11
-3.68150047821174,11.4713944045549,9
-2.54929589013869,17.6110517943133,6
18.3267633088269,-5.36703940304967,7
25.4758347291475,-8.91826156305302,17
-1.7594081897094,-16.7182377601602,1
-1.38143027103974,25.7692683818428,4
-3.87300920099474,10.8650281402167,4
-18.2197287193921,19.1462252142999,11
10.3082003881449,-9.85709646210339,5
-4.890323093405,-16.8375225838319,3
-3.67621963643217,0.137078320994652,11
-8.42611667660206,10.1193483019847,9
6.37109670075185,4.55529905284891,10
3.80761355548632,-3.52876372520955,2
17.7965092026004,-5.35470318833499,17
12.5271987020809,22.6405965248634,14
1.92468814148006,0.65798863764234,16
4.56127475404577,-17.5414955514768,5
30.5139391154618,-20.7714812088387,2
-11.016182117857,-14.6494218205242,7
1.60473933740898,4.36931444516907,1
17.5180914687245,-10.5767694555179,8
-16.3346638735765,-8.83656674191148,20
13.8805243126486,2.38117214303307,17
20.5603970652705,7.46654080282071,17
18.8133795400543,-12.2344554119944,7
-18.819840941089,7.96273309845114,19
-27.9162257402386,0.944900198468514,15
7.87646941014568,8.14672479491446,14
-15.7314646516823,8.92865478762573,15
-20.8095393306612,-11.8710712330623,5
2.04700827812154,1.36341205890159,2
0.195979890631856,-19.6851758393094,10
-8.18921088389316,-6.94880124630667,11
1.1924217966703,-6.86590449736865,5
-4.85330213444308,4.69778243950782,14
1.66981884724513,3.22078295784642,9
11.980071451279,-2.30178108107364,10
-27.5579035812922,12.6449908625151,13
-11.6546057725859,23.0133875327667,20
-12.5476720848831,12.7618863532175,13
-7.56707289024776,13.6590218004501,11
-2.03807786761784,-18.2897292554481,19
2.88988361498728,-2.67766676120445,2
-10.9997267042143,16.8942804353051,4
-3.64944125017568,-2.19673250050605,20
11.0511918722084,-2.56127712679046,18
5.57784969505563,-1.21583335962365,5
-0.00871699257478307,-1.16422715525647,16
20.0930168769725,-45.10449435298,20
-11.0938080087348,-14.7163275057433,7
24.3200744470385,-7.11925960366808,14
16.1371134787995,16.9735089439151,16
9.82337512704914,-3.1747362033503,7
26.4637421473879,-9.50852009364569,17
-7.61630945891657,4.56814458829729,19
-7.98676861263019,21.2171222857918,4
30.3480755834644,-8.77756785222448,17
-14.3428066068951,-0.353271525965708,18
-7.43424618154812,-12.6214368197772,3
-13.7157164040193,-27.361730210418,18
8.7831415271344,-25.5069664097276,1
4.4564546893001,13.4710902445653,19
-4.29942987891901,-3.81841738415987,18
-8.1516683337767,11.8665743796657,9
4.51294036591324,-0.828524870091655,2
-18.7437341984106,7.67159106880584,15
28.9257055384616,-1.36833043814825,17
-10.6998631247072,-13.6877777403712,5
48.3055069979244,-9.45868125993311,4
3.90392288604175,0.851023438699028,11
29.9077310863411,12.3327654532509,8
-3.13487407195669,-3.35364856497125,5
-7.86977753026776,-8.89658237581775,8
13.6544351772926,20.5324962289921,16
22.1708699324018,5.53874449210321,17
-3.5913977444674,-4.5307977368437,5
4.49952894260503,-18.6087763211051,1
-27.060477734822,-0.0422968114985613,6
6.62008387148738,-4.70912683947302,15
-0.1861329899824,11.8214014434031,16
-19.4867673313648,5.63363651334831,5
-15.0747342808989,15.8915774385918,11
-7.06493559049701,19.9237277502491,4
25.0190340502055,-0.519081024040377,12
-7.5066411228639,2.06678326309971,3
-18.8481440791362,7.91651662647907,15
-10.1112694182787,7.25312964923796,10
20.7557439670595,-0.700254525568492,17
14.6767281805597,6.55553909808049,8
-6.22880229513253,11.8980256279677,9
11.4509767202863,3.11556078436056,8
-5.98160241729736,8.83969241372676,19
22.8168255513141,19.5400293639275,16
-8.22718360147946,14.2809771393858,9
-1.55843375112673,3.63164236207862,15
-5.77960171584861,3.79986399199026,8
20.4711000350998,11.1440025137978,1
20.7454915931533,-6.46508027822734,7
6.5593652077415,-10.4429525417124,5
16.4521287292819,16.2371210766514,16
21.6313232955847,2.783112446424,13
-29.4679340454227,-5.32283540180217,18
-1.85718799750938,-16.3727088353276,3
-19.2697458936424,6.9486777136785,15
-9.892708659234,-13.6010195081454,19
-1.15534928881708,-2.57660923818166,9
-2.42805181846416,5.39877404337698,5
1.73929764336169,19.1371729098512,6
1.34551792068872,19.4513761902785,6
-3.30803966182485,3.39194124509275,9
23.2344248910064,-5.70233806375718,17
-3.43505925065052,-8.58851367593321,19
-1.33896911944237,7.60219914102751,12
0.0923995447071291,2.6054905428609,19
4.94379918945318,-19.1242195407268,5
-29.892916448786,-6.53867431521464,11
-11.0152221941663,-8.70269597258599,19
24.6732499846717,1.74110498403509,17
4.47903071229934,-17.6791072848598,2
-19.4461492257576,-0.311538465260689,11
-0.126064363798684,-0.536129627285386,3
-2.90501775052243,7.5709805212158,10
-3.91149284881199,0.0650430948159893,11
-16.4129427923446,12.1780265940769,18
0.240639369841755,14.6369497649728,2
30.8768902091046,-7.49188392547303,8
22.0103499034596,0.74447233825851,17
-18.8163222490679,-2.33202594133689,15
-29.8103491012542,-5.36190019351589,5
6.28889838865638,-8.15603573026644,3
14.6730187887185,2.38559253037039,3
10.183100619092,-25.0779427225568,3
-1.63596276220041,-6.53741625972952,5
-1.95777370165965,3.07733540180881,6
1.87804441064112,16.6390183889107,6
3.27138293733808,18.8300695551688,6
1.22564868295563,6.30650637885979,6
1.67051405751153,19.0063855924772,6
3.93675835923082,15.9762393801283,6
1.91604276439822,16.1680971108809,6
1.31934342192735,15.951321681481,6
30.6572675198955,-20.905325645793,2
-0.586760561916931,19.0585095874312,6
0.779362628182413,3.95521324538403,6
-0.830890097714646,19.5710081614558,6
1.48810538941427,17.6677911059295,6
-0.814248759716833,19.3181003861697,6
0.466651486683682,19.1068025927916,6
-14.3119371545714,0.824194798191271,18
-22.2042077339925,1.39011940337626,20
-1.25667004673337,-17.9793867586642,1
-1.54827168225569,3.9838263220125,4
36.3945216049483,-37.8772064293962,9
8.63982763049168,-13.5232377850355,9
22.0997339614271,5.48853981318823,17
-3.85740466486477,-20.3069459408268,19
1.75025007471282,-31.1939579521402,17
-6.02635519542503,6.44090119655708,11
3.57101254460424,11.527794059016,11
25.5951553783809,0.595736692906947,12
19.5364084094602,0.115559511683809,17
30.3493243451592,-8.53244884141932,17
19.9730288809331,1.01113696603721,17
-1.20094521393993,-18.0472846353224,15
25.6475682435212,-9.99178417030278,5
-4.55806867265419,4.82929692866827,16
-28.006373312911,-5.57109821988011,18
2.70204938329713,-14.7901647642448,10
-11.7006889483769,-12.12044837128,18
-8.14675262969887,14.8016952381862,6
16.8253275197051,20.3304053481059,16
-2.58174236020478,-8.74970202525741,7
23.5205045905084,-10.6463901851323,7
-7.76303609784313,-9.02145285250226,19
-6.324722171479,-8.84930291422,11
5.65491927906326,-18.9759359440208,2
-6.25045268411696,-8.35400958978756,19
25.3330579561524,-9.99320419046307,17
19.7463923739824,12.735447985693,17
-15.0476303380718,7.89090526461538,19
-11.279570813073,-14.6265005979482,7
5.98059452386862,10.9609898337932,11
-11.383144984364,-14.9341789873464,7
-11.7426449918372,-0.821423771259694,18
-8.85705555022882,-2.91622219956974,3
11.3645467848667,19.9558468108392,16
-4.88511201167472,2.7697871126123,11
-0.363025430896188,0.172920020418705,11
-6.65286186247491,1.58905905605137,18
-19.7818362468077,1.72203812912697,11
-0.273018476504749,1.75699426259893,11
-10.504387381126,5.63716226354971,11
0.194107452662696,-3.38262516139397,7
-6.35804281320963,3.108796546256,4
16.0969535488426,10.3002028795835,16
7.05065895905732,9.41796743181444,4
20.9107040430982,1.48293434749973,17
48.2908315208794,3.4820276022794,4
-19.506465377393,-21.1517023287532,20
20.9597984773873,0.481723790799107,17
-19.5587023358457,-8.54114875614446,19
9.18517664054438,7.39381347925216,14
16.5755095543237,9.79661594147795,18
-7.49812374745331,7.32511532062332,15
5.00130122918446,-19.0205058690673,17
-2.41864682738296,-0.156128951468171,11
16.3909837726946,18.2739322005126,16
-6.44493281926887,-1.267166434682,13
26.2665135775107,9.82911337360646,8
28.9113416751147,4.43700289396358,12
-14.8577194246309,-8.27620134694395,19
-27.9242429528306,-2.28728404292157,15
25.4659481865868,-9.97155545850189,17
-7.25734799771811,8.3864842888018,14
20.0656279694835,11.0394665767535,8
22.212003519734,0.744746181107425,17
-1.70831847838037,1.04172700290831,11
8.23471415314329,1.89720938992485,16
0.73139820787398,20.8586822624002,6
-16.2899892949002,1.92092664861739,20
6.66873705008928,-13.5891032853742,10
-8.70032286898127,-17.0279109030011,11
1.90754972821479,-0.613853302055718,18
-27.088365588875,0.0716140636631917,19
11.2584385590788,11.3170765431997,19
-3.3770457790892,-12.7223990826435,3
8.72693597639576,-13.6445275696321,15
5.00358979768919,1.84955063607735,8
-1.83663016462125,-9.68108901155248,18
21.3486813796663,20.6399234285862,16
-24.3057980133535,-0.519752579991209,11
11.8929511773208,-0.1264347682731,7
-21.1063338732631,-3.14896017634626,9
11.6836185650391,-0.837409984840155,7
-24.1255418619224,-6.12113069741211,20
-2.12679073523428,-6.02956506123755,5
-27.6699465436588,-2.0306772478224,15
8.49420218341058,-8.11691008700811,7
8.59060492383805,-6.04649408144463,7
25.8599142595246,-9.7492316380757,14
-4.49280802954992,11.4219048866343,20
-5.43500018717811,-2.99099842458014,20
4.49968577348777,-17.5420883640791,5
8.84158122978927,2.44987008667253,10
22.5273194088149,0.376395957363628,17
24.1997462361944,11.3987061583164,8
5.24824784419059,-19.0151349805536,4
3.56657899812807,10.2492634983422,14
-30.2952266760318,-4.4892973580692,14
11.9263758409917,3.50964078666081,3
7.30359317245418,-16.1029741827074,3
11.8983001372174,-8.52071427621109,7
-11.0408331780186,16.5525374137859,19
-4.7414805317918,-11.7175376147595,11
-12.263356944208,5.2065105946499,10
-0.87244446663737,-9.22247385185722,3
-16.4894206490314,-12.6310237019624,19
2.64053351773987,3.52566676997292,14
-0.576476915916957,-5.25687167871442,10
-12.5493906779332,23.1100768988582,4
-4.49713706493206,6.71179565203903,6
-0.402696211570994,5.37730355104105,11
-11.598709534895,-0.225957169588959,18
16.466915062798,17.9162484881788,16
-14.3545681674771,13.6691136531802,4
-7.56920458264034,-5.67289136294074,11
-11.9476928583142,-6.05478205895149,11
-7.29446209674444,-9.52575719498799,14
8.42873486919852,-17.6408817230825,16
19.3022607640155,-2.24918075154105,17
-19.1114076134925,-16.1615504551122,1
-3.89890686743596,1.52843544178145,11
0.868236058711886,9.82668651869249,9
0.226856630585948,15.4567276312122,9
-0.460974980857656,9.94497873894972,12
17.7284489333909,-5.08154567102445,11
13.5962728523461,14.6145215592816,16
-0.0914025949967179,0.74109801518967,12
-19.3200752824483,9.37053865205825,20
4.37947887096146,-17.8128547910779,2
8.28979539606519,10.783458182924,11
22.6489478360616,19.472898130227,16
6.13915584947123,11.9856031225392,14
-0.11653063631982,-11.3399675621373,3
-0.64505705102317,-7.83019008732981,15
9.46022475524575,-4.1013264482843,14
-28.9708293398581,7.06323486104457,9
-7.73259243638015,-14.5340710039456,20
0.686953076622554,0.408634739173271,11
0.531886465584951,-30.1690808442007,16
-2.81262133383701,7.95656639041155,11
-21.1637127068062,-3.32061303749101,3
-20.0223670787077,14.3618204297526,18
-20.1408291474506,14.189721668692,11
5.07274330209335,-18.952360885206,1
30.2169585640162,-8.14900134615147,8
-27.1042093772498,-0.0116289929517659,19
-1.44696736301166,-4.71314871387898,2
3.97353526199541,-26.0652970987644,2
1.6506513185623,-6.26193452566209,3
-14.216009424326,-1.38960344011302,18
-0.0411302276327214,4.13235133003436,4
13.7180096230022,10.2595615252148,7
-12.6071898735097,-7.51626387948297,11
-3.36153205687878,-5.8550435681913,5
-25.7653511965678,17.0766440306533,19
-19.953214161018,11.8317909834944,16
-3.19515170579004,-14.6862120875865,19
22.1162719760353,5.44274407063637,17
7.42017483320178,11.5068188734045,3
21.4046383023765,12.5017002416278,8
-3.42925680509073,-2.4455456635794,20
4.18375077842864,7.76877759093427,12
7.37055442417868,13.2398833459604,11
17.1746223997888,-8.72675210088897,7
-10.8862940485916,-14.6028256358762,7
-12.4650660813065,17.6871281905692,20
3.80546834097377,7.99321835995651,15
-18.321811639916,-10.3025495684387,9
20.9343862942336,18.5297619959755,16
4.33120181285899,-7.0831985707554,15
-7.66078017844602,-3.9957864732482,13
11.081569062639,-1.1065955854966,7
-9.00983195578142,1.80743322357033,15
-0.934416255757404,-16.244434511476,1
-13.440197920671,-12.4337235151299,14
-8.93475989732599,-2.90560959383377,11
-3.59276772244651,-15.6270380701758,11
-11.7514751605698,-1.82879072883624,18
-1.3115027436627,1.21334688462501,16
6.3913904535296,12.7793584439508,1
7.52839501850235,12.7583031275739,11
8.81698889012675,4.73815089750342,10
-5.65431904045679,-1.43958399802732,3
0.779492064742782,0.400224092735223,11
-4.19203567674097,-13.4615275473738,9
-2.75850284827755,10.2108799495572,9
-25.1622428171977,-5.36507686237785,19
7.08113092443393,-2.19202584433117,20
7.90016037583552,-5.04053970771271,7
22.0746337449044,5.51017333251695,17
-1.86401187120573,10.2337904398261,9
-1.327165888606,10.3187596348662,9
-10.6226384214779,-14.4219410181435,7
-4.92211525473589,-6.02912142048371,18
4.61271025658665,-18.6394407982099,4
-16.2531936926963,-2.57053859336752,18
-4.70476243334138,8.97999340291093,9
0.0659758316852802,-12.4676521400636,3
-17.9093964275665,-14.7591146674682,1
22.6557091356859,-6.87894225260288,8
5.62356372692435,1.06704383225854,8
-2.44266964095335,-8.21937756751429,19
-1.46338471845191,-4.61594052946169,5
-19.8790629570169,-0.0644961209465972,11
-24.8690300960854,6.20868070544126,13
30.7530199052462,-20.8217049620548,2
27.4350080828769,-4.6817038081805,17
3.61584942606135,10.6094844724431,3
19.6884167182551,-17.2149480548288,7
-18.3277819063153,-10.2376183333865,9
10.5793503311415,-7.40196810637116,7
18.0049944797696,-11.24794389642,14
4.9887977880945,-10.5686244856241,2
-6.96924625586165,12.4529665758243,9
0.118172752695685,-30.5376367614463,15
21.2048652101366,20.7307295606664,16
-12.8973007551584,3.34466095859611,18
0.00138628433475537,9.41503084397816,12
-20.4340507436502,-0.0438078604265979,11
9.97349483016901,-9.58488724282752,5
-12.6350721193725,5.18283498858357,4
-12.0303869898991,14.0261839084546,4
16.6885205218512,16.6708997866839,16
-9.17051277183873,13.9427771343484,13
19.4613500108994,-21.9501879485432,14
29.787965149332,10.7436023548984,17
10.6353494060217,-1.0819780801908,7
-5.66065754345194,-23.5680468157663,11
-13.1416181051998,-12.334110560338,19
7.2231660842428,11.0821901056537,3
-10.5496460412927,13.0326802682438,9
10.1194370921349,-25.0649528364261,1
31.624051726631,-18.34426309402,2
18.4917542987135,-5.4538740201999,7
15.5535182283102,-4.71372521814387,11
23.9218085956314,-3.47742996109054,8
11.9881504904314,-11.188754520971,5
-23.5542903258432,-4.46584766242936,11
4.65868364902381,-7.88074875440233,2
-6.63695634457938,-0.851478435413085,11
-8.8549680426059,-0.00733959221244558,15
30.8371768860958,-20.5336820695233,2
16.9114554548389,-7.0671995136633,20
-6.33103183584124,2.38839072655791,11
4.4134268027339,13.5203416399092,11
-3.1901118065304,5.15699678783356,20
-2.62372174454224,3.04999411440556,11
-1.30943763025667,6.24911763692535,18
-3.94057937898914,17.0963348263345,13
-10.8778142374989,4.67102638929099,11
-15.5403669375186,3.17032930243206,11
-14.0290473747511,-14.4545312975471,15
-8.40482086590119,-4.5300506200231,7
-0.327325437838798,4.40156645323784,1
-4.52838079235023,-2.09047906407327,20
-13.7436128197212,-17.4236384976922,7
0.0818284476643537,-30.4567720555224,6
11.9316939216412,-0.081757847643629,7
6.65350016743729,14.0105266778788,10
-4.71869101501054,2.40756543493739,1
3.35060807612696,-7.09112396625765,2
21.1520904634083,21.1856317418346,16
19.2111148049046,-3.91949092539839,17
2.65998571146331,-23.0686546083643,19
-6.52640828700353,-4.05575960582987,11
-10.2785860251016,7.20297155225579,19
-10.6073964815888,7.50792594958586,9
-11.6764582630144,6.37460446541441,18
4.63653438894049,-13.0842962929495,1
-3.44978611932771,-6.47431493069362,5
-12.0054382550416,3.6270639866514,19
-9.31820425276569,15.9582802412128,14
-10.478082754489,-14.2554563898767,7
-0.105686165682652,-29.8914895349188,16
-3.17280687597615,11.2340017374375,9
-15.3506001772606,21.2248998345155,11
-16.8735480565025,-8.27077240627623,1
27.1064899528894,10.1585473622721,8
-0.0110325464213622,-29.8847225287323,10
-20.271902566191,-1.47532061359146,13
-2.36160066494823,-2.99761114089858,11
0.919151527721069,-5.80291240294262,10
3.90164338569801,-2.84382016359058,18
-9.47820221087202,4.92122944403325,11
-0.0634282279069797,-6.37174195286996,11
-5.17590305689978,-7.93144268264613,18
25.5294190941088,-6.55991257681269,17
-5.0304934100617,-17.2129547428613,3
17.7040012139953,-8.54440829250654,10
12.0828126558492,-3.34282730232764,7
-8.57855511013125,8.42169216548328,10
3.6231541334589,-0.039891719512573,11
0.111952765273132,-1.63526597320762,11
-6.0712550279662,10.2289398610385,10
18.859088162338,-2.4268138960014,12
-9.04439318356251,10.4575072338449,2
19.0735147386279,-25.6115911356724,1
-13.6110106715433,-4.11376079141804,11
-7.92005587225036,8.10000135823446,9
0.890192054554124,14.7482817671069,11
-7.88899293813819,8.15097361149145,14
-8.189884944805,-2.27131917329495,11
-20.108310975351,14.1828376953682,11
13.8743198208196,-8.42483369110845,7
-5.26075467467568,3.19724974726341,4
-8.17343048657088,23.3096296126086,10
12.2726732634073,-2.71721432866033,20
18.9347252632208,-3.20291267607396,17
-15.4948511023555,11.5451203020754,7
18.5122094684194,-5.32025094674522,17
-7.5894988784435,22.4195660761936,19
4.80356858964396,10.0386684222816,3
15.138061339342,1.11139335277044,17
21.7804345353967,-5.5362263841965,7
19.7189703259432,3.51516893766318,17
22.5801968385995,2.00493284867702,17
16.6559580395466,-4.62283777687988,3
7.69336801512186,-16.3056609995969,1
21.417900484812,17.6046867562154,3
11.4133114984136,10.0815139931741,7
9.1896409992619,0.110832873678492,7
-30.116171583767,-4.78901904339459,3
-18.2961703712011,-6.12548022707175,13
-9.09767623342137,15.0200557481578,15
18.3732056973592,17.0739576467684,7
-14.0660513269971,11.5260576627682,19
5.44343298168486,-8.0950149240448,5
-0.353952799610913,-29.6256840927655,2
-9.61969195116815,2.19076511034642,13
-18.6816522779617,3.93253706765516,11
-9.5210340729758,-0.17410701978016,15
-3.6341357473418,4.24909239787635,11
0.751457161516243,7.07388824086933,10
-19.2406470308613,-7.97727223458836,19
-26.0768462108921,6.06323540473653,19
-4.92863167441385,11.6224557396814,9
-7.70133444379792,-3.39327375550238,18
-4.93061735627796,0.176331964781248,13
-15.900479664982,5.10571322552445,14
-2.40080673783539,-2.14248967049494,19
0.316732479354243,4.81796625091755,7
-5.38853353034956,-24.477389449241,2
-5.38184072517171,-24.4894295874452,2
9.30376905109239,-17.4229754189802,4
1.9618646446251,-20.9404928491078,19
2.03512270058901,-23.0027931670484,18
4.68726961301912,-13.0488924579046,1
-3.46464994430311,5.71897059374026,11
20.5628489900721,7.46543869124456,14
-9.45272461264522,5.95468759514265,3
5.22193757358933,11.6238602793406,14
-19.6285938131115,3.31437395159223,5
2.04920111711343,-5.03993417317425,1
8.27253942299095,14.9961363613626,14
3.85898447597716,21.0898880744852,6
-28.8093843040982,18.2226845785553,19
-8.38038387055396,-3.97455462945303,18
1.86231653891198,-2.99246682504487,11
-14.5028223492216,-14.7161582344283,7
20.0929651679166,-45.1038237761027,20
-17.2874884424749,-5.69331752236732,11
0.160048284030631,2.37290324245159,1
-7.49589570808261,-3.28846554165779,4
9.35042263141808,1.45327819885511,10
-1.57912789123883,-4.38255620102656,5
-10.901807890969,13.3747008636753,4
-6.53152867459105,-1.36499965080259,13
22.5120244002488,-11.5599119485929,2
25.5473831962816,9.18645483411301,8
3.70299683590295,13.2071851637363,20
-20.1224825150748,2.84123810438038,11
30.8662720424547,-20.2946509917319,2
10.9191365175088,7.61913325605905,11
-0.310195534681852,-3.60382616946363,5
-4.3789824311369,-1.03413259828678,2
-14.9055996956235,4.89185426207744,15
-23.1530148484069,-10.8884745110889,19
-7.80494157594782,21.9219024391524,4
-1.58442585466254,0.0223108830807177,19
-6.48555181956439,-9.48082831114198,19
-5.42467037417993,-24.3195154697768,7
-12.4451199630226,-11.551594136695,19
-8.32774986260736,10.7969253943047,9
-6.68153666519898,1.60318394504071,11
48.3055317981383,-9.45868123663487,4
-9.84642984074654,17.0218554452597,9
11.0198054724148,-1.15831719955577,7
-17.4656037301992,-4.85665700139642,13
-12.1579372272508,-6.47205457914739,14
-10.3526974754674,-13.3804672632995,20
6.9577094821845,-4.34781572217935,10
6.08946401243761,-10.1735664853592,5
6.7416173115269,12.2445296782886,3
0.456598871499457,6.06075243231593,14
27.0680851911606,1.13864172097674,17
-29.4739655311875,-5.06237625429284,3
-9.69186897723214,-13.7410464277356,7
14.9768163677513,-9.77516318888725,3
10.1444272693423,-25.8796339173044,20
16.9112705932977,12.9879162546017,20
-4.00840490772889,-4.70081379686243,14
-3.51234329918861,0.354529282887005,11
-16.1262871975265,-12.6034004215822,11
-5.08516664827266,-18.3092706521142,7
30.3578629484737,-20.0679289353796,2
30.6757115172085,-20.954023399575,2
3.06770776192181,17.599881723546,6
3.5776202905522,18.9123769562851,6
20.1422808348115,2.68068409705129,7
-1.92743894798715,7.21485328313048,4
-5.51390635302303,-24.2092171351891,7
-0.467014089079158,10.0369509912563,20
-2.33628947862889,4.3519289065869,13
0.804385329922938,-29.2395907413622,10
-15.5077103888422,13.8278820633486,13
-19.6180030602832,-10.17045648883,13
6.64958990894652,18.0095704580181,5
-7.05055219444584,1.85324665958595,11
6.14886041231879,-2.82815283252846,14
-0.0881658487464978,2.05918605538606,2
29.3201410458484,-8.69170769595471,5
-23.257319717622,9.05392436579968,20
-14.6833735809629,-2.56577182584814,11
3.3556575608885,0.259677298716502,17
8.59958744127718,-11.1017190300615,14
6.75071440343446,7.03217282564495,10
5.12824839430216,-13.1665750797457,13
9.88886598374985,-15.503261607518,14
-10.5426683469503,-14.2865306634904,7
1.36769521297083,-13.4792071415095,10
-27.1409153238403,-5.71059500043784,18
11.7613102951089,-6.7553093426485,7
8.17844556292186,-17.3642599646034,7
1.59518384997038,15.9478759259733,6
0.000227267400368839,19.3566604975392,6
0.674900602751845,7.39830786371707,6
-0.252619182464823,18.6652334839405,6
25.2023662521101,-9.45928203203272,5
1.79284502016414,19.1237342156491,6
3.83230241507772,18.9446646706318,6
1.81020257363664,19.0784429463993,6
3.09190423002649,18.9289112360247,6
1.6898652058594,11.0662952607737,6
1.83578421423138,19.0753325618221,6
2.63920185105503,16.5997968277947,12
0.0650001763278492,18.437643315521,6
6.19390489256322,20.0299751468722,6
3.9683701338589,16.0172606090894,7
6.08449450915468,19.9172827751302,6
5.73338216705778,18.8810660818738,6
0.0294941904212583,19.4191223542333,6
-0.906635495723992,19.6035517218251,6
5.59702309203464,18.9365308998941,6
-0.112666099210049,19.2711907126615,6
1.67143816935669,11.1021131871232,8
1.72930962884294,18.8423822265313,6
1.2057475397332,14.1823420711358,15
-19.9761844590229,-4.23445802318004,15
36.3952527755968,-37.8767569217165,9
-4.36183598151364,1.7168646974981,14
-3.2514650415713,-2.74564040471428,19
2.43272836675057,8.3516712097748,12
-5.76231013873002,-23.8643156070376,7
-5.76580792807904,-23.8123956786127,11
-24.383778963818,3.41600520813371,11
8.97474535093823,-0.625204968565983,7
-0.297654182311598,-8.63611107774345,11
-5.50175467507062,11.1677183680554,5
5.35458953193782,11.038281108108,11
-16.3208119659295,14.8323483507255,11
-15.5307195843557,4.48438180236535,9
-16.3957347456783,-12.6093157550315,19
2.15330255564443,-16.9413228804003,1
21.9667697858505,0.156046179592716,17
-14.0350726839472,0.256922721919081,18
-9.09044210554198,8.9708484915442,13
-0.00160229491432854,2.22098712492081,7
-10.4879824212559,-14.3508727483874,7
3.92209670860792,-9.85711118376687,16
-14.6796154292028,5.81945594138233,9
-20.5653562617319,-11.2075501036929,18
-7.55651912138722,1.2147512571972,15
6.90771624296335,3.16016152690681,16
13.6765292906139,12.3821213720545,8
-4.92542224026764,-10.7260083006742,11
3.66099294280218,-7.12558238963007,19
-13.0013341458637,2.19181891358054,19
-10.468659178986,-12.8472667463533,11
-10.5249671708644,-13.8589613887793,7
23.1308610051887,-11.1280460192125,7
-5.4768321983477,-23.4046075649582,10
-14.7832363061898,3.94794525001389,19
-5.81205808345891,-23.865451162702,2
20.1063293305954,-22.9503771671207,14
-1.34838385079127,-5.46707914937579,5
5.99573731141669,12.6877650621936,11
-1.46185361961575,-18.5392714269265,1
-10.8183086754246,-11.2003238022379,19
-7.65477134808738,-5.75688063967107,11
0.556760984291687,-2.71141055223397,9
-2.4336533084684,-6.58164241993319,13
-7.44279562419832,20.2307363443066,5
-11.0258329800075,-5.88094248581685,19
-20.2752621460425,-1.51933556350428,11
22.3964787606,19.603436206177,17
7.92599362580873,10.1278766978172,11
-5.04370437681764,-18.2715166471362,7
5.94570145179121,12.5179078499099,11
-14.2055176712168,3.22215898897368,19
-18.9456228181464,-5.0463898470319,15
-28.989281877331,7.00218172376836,13
-0.582772047414485,5.29386701670548,12
-10.6480205611741,-14.3947344085329,7
-2.04341001190479,1.59486661422177,11
-12.7109083029113,27.2241059796252,11
-6.19824444234814,3.2959835939237,4
-5.67529640206115,-2.5758103403507,11
18.9174098876103,19.4718858060045,16
7.53611525430016,-22.7529835274303,9
-8.46771431739177,5.85682093155742,13
-0.751495869764782,-27.710299258063,13
23.4036995537445,-5.8354000872943,17
10.7335024088568,10.8334189792898,8
0.469861468639403,-30.4471052060042,16
-2.46931320734184,-5.74708730946209,5
-8.35174634031302,10.6688294318992,9
-2.35403288890382,-0.0434992903036149,4
-6.52744659928346,-2.31559999721682,18
7.3697528335794,-14.5434461673713,2
-5.89377209999308,-23.7897480825245,9
1.91009003065566,-14.1211415267142,10
-0.0606142576469692,-11.3064563987867,3
-21.1838297374034,16.9667895942044,14
-4.04716686071791,4.23295520075059,11
-6.07815856059928,-17.5479995120374,16
6.42597114047891,-17.3258902580157,3
9.40648624698007,-6.30482088772082,7
-9.68852473643071,-0.546838444425116,18
19.4798783455399,-8.55894754232022,17
9.18477458686329,-6.18602124892819,15
8.48207306066358,4.15182391740815,10
-9.78594358626825,-5.02888319723824,10
-17.3380083095587,1.75761168369013,15
0.423408661041001,4.19117663656547,1
-5.32477244722777,0.0790216690328217,11
-9.36331528486362,-1.28215791411579,18
-6.95111769000188,21.1664358021693,4
-4.7854065867518,-2.65968483372307,18
-8.63125041566491,6.41348552469184,11
1.33791267236055,9.6612055176185,7
-6.28809265094772,2.90107109757713,6
-5.63154718793036,-23.6162862324489,6
18.2350065983117,-22.9043806913987,1
2.79953036323978,-9.45539196014222,17
-0.139147180808409,3.6982216827474,2
17.9970631209848,15.0249865015444,16
19.5028144713998,2.81437486956104,17
29.7623868556507,20.4338021925842,13
-8.79009606660093,-23.2738330754391,3
-12.117583918515,13.0778723276375,4
0.0691460716321829,-29.7769137517354,16
0.327635524378936,-3.48698194688081,18
15.4339692439842,18.4004580915356,16
10.6790992432798,-0.0152911629063171,3
-12.3957412802928,14.5875004873663,14
-0.467769922712078,8.61231385923273,2
6.98070494152637,-4.34326619607448,20
5.46480621432502,-16.7406854516452,11
-1.38220321088729,10.3037528862172,9
-19.7557338267412,-6.61712485706149,15
-8.2958842234883,-2.17874734996924,11
18.9113888979359,-3.20235182409223,14
-1.93412307001874,4.85230526109468,12
-14.2546306372889,15.294423306597,11
-11.3599693852629,-2.57447229937201,18
-7.36206721927617,-0.453979316287446,7
0.162158199829222,-21.018798254649,3
-10.9048271242632,10.1556883617064,5
-11.0214721036211,13.1395312665044,2
-15.9043857574795,15.4291815397142,13
-4.02890595086456,-11.2609889731498,11
-25.9960956867935,-1.48355940699244,11
-3.59126140858286,24.1367687381991,11
2.67818273837298,-22.9655591545381,2
2.17059312481317,9.3802406976999,4
-19.2715135986162,9.26968841443463,18
-1.90546430209532,15.2217265102281,19
-12.8154601250285,19.9697907033379,4
-7.2242644538285,5.78712393360517,10
7.63818444190541,-2.82580721566265,14
19.3817660277874,-8.45657539646111,8
3.96715026090182,-2.85578426586526,11
-16.5007436715079,24.1058285605253,4
14.000678169853,5.71946332947805,7
-6.17016701351583,-23.6627113595239,13
12.4453754320653,24.9472868684061,3
-12.465293200067,5.1761944788535,11
22.176874945844,19.6969027282353,16
10.669025528653,0.0182773029795909,3
-11.5876474376729,12.7090386500502,14
12.3605682864866,-0.935373490632225,19
-17.7146277788166,-0.699860756434015,13
-19.067339926349,21.5810358244425,4
-5.96214628145329,-23.7511533637954,10
-0.173506176831798,-0.767672940988978,2
-5.67311357372962,13.1700266911004,9
5.49247374364136,13.4667553744885,11
7.28858257648849,21.9313067530256,7
22.262903850329,-10.1852495142335,14
11.8206831496584,-6.63898831481168,7
-7.56729419495778,14.7681999358122,9
2.25925926652425,-2.84969864182567,2
23.9468807646325,-3.26155289612277,8
12.3916196856551,12.6236589185179,20
23.2948812878177,2.15225133729259,17
-8.44357524354135,2.63804390599488,3
-0.74427514921514,11.3629171382077,9
14.1158040771619,5.53136105877737,7
21.3579118555904,10.7537471909029,8
28.0425308194015,-4.8340553031367,17
-0.211373006857461,6.87781336079008,19
15.768136230793,6.1041455227491,8
-30.1078180013689,-4.80931744706346,15
23.910910876637,-10.2323337149293,7
15.7665365259576,6.29313168026832,7
11.3027900504129,25.0967232232825,16
-15.5524190959907,6.98927040717076,16
-2.21023672085476,5.82598988966953,12
-17.6331140287471,-1.23942213451161,12
19.5122434084255,-22.7903272684342,14
-10.2474764379171,-22.5778270752715,19
5.86962435213764,0.445588436189169,11
1.66718760049748,4.58745599403582,1
-12.6772394759052,15.0583840106897,11
21.0094944006888,3.54238666410547,8
-10.6223332698344,8.37762544858657,11
-8.42103487294327,-2.77364772600662,10
-9.65941749753144,-3.56477399825069,9
-3.53112240336435,0.897573376899961,11
-1.61722126951478,-1.20151901116112,11
-3.8548252419281,-2.25054884907234,20
-7.43977614127324,-2.23841623632587,5
-7.05044136015674,-5.01453926971276,20
-8.4014665429031,16.8231870692438,4
-1.82859094318469,3.2265048726397,4
-15.2035733014775,-0.57666764588726,18
1.51793661113817,-6.71143242963508,20
-19.0784467680252,-3.78271975758015,9
-3.26576994291856,-3.66079304850897,10
29.7624384584151,20.4337750299281,13
-1.32494157184048,-5.34103537609114,5
-16.2182012344396,-1.34798528569731,19
-11.5608633207383,14.9036169377149,16
-19.0352489834642,-12.6690324175494,5
-2.8798697187343,6.57774784390298,5
-10.1395483174458,-10.6934941559731,20
-15.3792952568368,6.98702983556329,18
-4.89500290163349,4.73435190742722,11
17.8361236640587,4.77375587588861,3
-15.9244298887713,-6.97843602644461,19
-18.3316898249961,19.9354813366994,11
1.1531389346788,-2.56784258425089,16
-5.80870830829697,2.1578039461758,10
-4.22255344488635,6.85099070253695,11
-11.2768651865075,5.75611584176902,15
-0.179060859767098,-11.3453458608859,3
-0.466853669958295,9.05463955410485,12
-18.3703751251236,4.89470754163914,10
-8.09557085394276,21.1960961480992,4
-12.2925964776112,7.91821288239813,18
-13.7266758070004,9.00230982685775,19
-5.55759811245395,-23.8159339284577,15
10.8035796276291,10.4565881505414,20
-17.7845237597879,-4.86163556337324,20
21.9698968485195,-2.74935675082024,17
-1.41361475107526,3.02922141704104,18
15.1942465122629,-19.4506135889554,14
-14.1272172958387,-10.7069558122627,10
-2.1458160981355,5.05669100614469,2
11.5881294910483,1.9967226891747,8
-21.3401780929345,-0.345641723314988,1
-9.42113403986973,13.0264504796398,9
-1.15613739226042,10.9231844431777,14
-5.73874150896522,-23.8561101506525,20
3.99405263129567,-3.52394487365088,11
1.18326839599481,0.362277134648628,9
-10.1903646836529,7.27709803566789,18
26.9927811996783,2.41408059506263,17
-15.6981956916435,16.4812329306915,11
7.55199051573707,20.4212836469847,11
6.11221994517738,-3.43637100471697,1
14.7898694081283,-15.1723602059646,5
-5.7441012461907,-0.608448477744302,11
-6.57716854345166,10.8099504331048,9
-11.6354394223176,1.37088871656803,4
0.715388019667639,-30.3896343609346,18
5.61431694368096,-2.06653231127433,17
-12.9603574177733,-8.92606023618691,20
1.55462679770782,1.44194624911757,11
20.9423109247868,-3.56660482268051,10
-5.7969025547852,-23.92578045097,7
0.729969123489855,-13.7447094379264,10
-3.56517957657838,0.84604865721071,1
-5.75302692669372,2.66063403673861,3
0.179337498515538,-7.6695875271092,19
-5.96598002731295,-23.7579211036536,9
26.3521089349144,-9.15555055548442,17
24.8034030346717,-10.369462379334,17
-3.46295193931344,11.3053951396485,9
-9.68349473788702,8.34932978881396,18
12.207829473109,3.74764303845081,8
-10.8954723020177,-14.6901082615075,7
19.9787050130145,-3.42110527732937,10
-6.35819686598813,-23.9543090203586,2
11.7825062767062,-7.01753164892279,7
4.28554868064982,-17.7920615289246,5
8.70751731014362,-4.40350032954534,10
8.97245254138733,-10.9728459732696,8
-4.39384613369145,-2.47352527391078,19
-10.0800338967692,-0.765979520598702,18
25.5009573077517,0.678393428450533,17
-12.357589483148,3.7860312707515,18
11.2797648146593,25.0864574162389,16
-2.21382410020381,14.4745475038858,10
2.95563936588506,-11.9398234521601,10
-11.4988633116365,9.98360591906718,9
-4.09909012799209,-9.28395851568068,2
13.2635569826177,4.62726291492022,7
-1.86288743185147,-24.5128532482948,19
-2.60784214669447,-0.987454279106024,15
-8.87738051077007,13.7662090577761,3
-4.14575855717605,13.9237972762685,3
-2.51587568008874,3.20848334316094,11
4.91504674519041,19.9237586375029,10
15.6158252097667,-1.99496240983014,14
-7.54772727757831,3.11336000600469,19
7.67805449971114,2.91648854894139,11
-5.45208404202494,3.23028156596056,4
-1.2798814372032,-0.165501781348165,1
-3.57035283467021,1.88772998388346,3
-4.64228707293166,-7.50825920378229,2
-4.7803699242355,2.00961956789486,11
-18.8706400243069,-11.7958912020954,11
-1.64340059809526,-0.624945748987602,5
-1.35263205510139,25.7780326820644,1
-12.533785768332,4.99206461169528,13
-1.65270100267219,-13.827845258912,11
3.057864438597,-6.08894335842629,2
-14.4233763571288,11.3456086427209,19
-6.11398579516195,-3.932808567027,20
3.89456381059597,-7.30961779976148,9
0.418443607840597,14.0236802786772,1
-5.72567989455503,-23.92701991642,7
-10.3295436753657,4.70089689920594,11
-22.4451184459612,13.2088998135413,20
-8.69649158017633,-3.55511466297592,3
14.5974533462562,-16.7850762168005,5
-3.56743703384736,-18.3101858706986,1
23.4835586740513,-10.8373952408258,7
29.7706983350122,20.4250810741197,13
-15.4292056110561,1.64032198571447,19
-4.23702475891829,6.51996534749416,19
-13.3609174988564,1.37683334204473,19
24.5887734024961,3.57126225916459,17
8.36113821212703,-5.59169702216251,7
-7.94430258344534,9.71844286786429,9
-12.0138303202392,18.0801884866343,4
-14.8816303157114,6.88676168107204,18
26.3173192345065,1.17621140530723,17
-15.3964249567965,6.11710564141072,19
-11.1156326376627,9.07533461074237,13
-23.0289446646731,-12.0118004222053,19
4.42425201537278,-7.68939614827083,2
-2.00561083443683,14.6456818339493,18
-4.24121578788871,-11.5467954224462,13
20.0929308503543,-45.1041910033862,20
20.6337133969549,-1.0536632584041,7
-5.83594687507458,5.71697684699703,7
4.99934467621078,6.08137494827431,11
20.0022566322275,-3.16135811356575,10
19.7205943641711,10.9662692759159,12
9.50164610403066,1.36475232577513,10
23.9429868310252,5.35962965004447,17
-27.70772736462,6.39928131625141,11
19.4101956541522,-7.64623051310427,7
-18.2634128535608,6.62604174020452,5
30.4633007552867,-8.96224330333943,7
0.352691514174669,-30.7613400818594,18
-7.86501762985986,-0.0322490439928271,13
-10.2257218731193,3.66433701192351,11
-5.67143325406212,13.1955725119139,9
11.4391410002933,-1.00910919525832,7
-3.88711779583492,0.59181434613865,11
-0.644351790225888,-18.7854292016297,1
10.5437459479732,0.565013403180857,7
8.47477792009782,10.8952330975846,11
3.38061661203515,11.6096359619165,11
-4.8409056628083,13.212842708423,2
21.4007195408795,5.80946900864599,16
20.1355553593643,-3.18438337433404,10
0.497605752923698,-0.643665363310422,19
-13.3207917287323,-18.099566996005,7
19.7805002210756,-7.06388252622976,7
7.28897130535561,-7.36812924801746,15
-6.92752325577236,9.4730850508905,9
-0.348331545403499,0.145199280434961,7
15.8878208856747,18.3519314332225,16
-7.59677456273662,12.5342150786981,9
-2.53992923504575,1.82656283653457,15
23.6751791117346,-7.32925813790607,2
-24.9462422521058,-8.15097773448318,5
3.53439940195974,-1.40415890413854,3
-5.76333195464845,-24.006503948007,7
-12.4233328018628,-11.5799228416894,19
12.315214981336,-7.53145042871565,7
8.04605605407301,-10.9763421844898,12
-5.13833415179644,14.4849597576413,14
-1.0314548525057,7.77595243456173,12
24.6665319215364,9.85162151869436,17
12.6367675264381,12.9438905318777,7
23.78400258936,0.413613159733839,8
-29.212224403709,0.807225967602031,19
-28.7351981575367,-4.57894980971762,20
12.3715903683347,-0.102071100360494,3
-12.1015556123835,9.7481839769274,19
-5.38947976517899,8.18673725054211,10
18.3931302728453,7.25250790824296,16
11.855034669118,-6.75823588370632,7
-5.80844904566073,4.05946016144791,20
-10.0927832772721,-7.68219000379931,11
4.21179757832755,10.3514923670935,2
9.22336276038292,-17.6599988311979,2
-3.08311990956023,-0.624943593263819,10
5.378098523021,10.7981854946291,11
-3.65698588636952,0.805090116377493,11
4.80904814900731,18.9662203388642,6
12.3188084936286,4.72664348535313,6
2.74905530239512,13.7781273270004,6
15.3976120157727,-0.557707890799187,17
-4.66021157818583,-0.874919881699417,11
-0.693456998871907,-28.2688536843853,16
-26.9647745982043,4.33698992139683,13
-4.42533660489544,-5.06824413229191,20
20.5097260352092,20.7279952249075,16
-29.6532044502782,-5.97485683869896,18
21.2682747809963,6.33122513173959,12
-5.45891230743746,7.02434395419289,8
-1.98731484211929,22.913999498067,6
20.5199345000145,11.0703083329078,12
-15.0807505287922,-9.18837722990062,19
19.0470578331069,-7.38471035690542,7
-15.5393536560068,12.6622381887743,11
12.7656953015253,-18.2704115069956,7
18.0773357404944,3.36523218407902,14
4.5479669153518,-0.10392084256736,14
-4.65273371415698,-3.5974685704176,10
-4.68960470071852,-0.94779276387623,11
-5.93552180725855,-23.7568051011019,14
-16.6016304311523,0.246249114932915,18
-29.4773524814457,-5.46133383280682,13
-13.9292133031201,10.4147598727144,13
3.8239258423884,-22.4197208134776,2
9.58260345357936,1.32190718153717,10
-9.72939898408527,-13.4874515190601,19
23.3742247842184,-0.451592330305871,17
-9.75527849906548,3.07087745948033,11
-2.94808423098389,2.06983085498605,3
0.352910876454396,-3.17219678328492,10
-10.9291899332995,-14.7424264392949,7
2.94415445745048,18.4522993050494,6
-0.542267455427571,17.9423208656076,6
3.69007206933112,19.0500183176304,6
0.786399633089866,10.9444254812601,6
5.82163402289681,18.54234467498,6
0.424178586215187,6.72418430745355,6
0.825983906615396,19.2041801427638,6
1.83654360612533,19.2309843229058,6
4.83818457148178,18.8458203657215,6
-0.805060395563462,19.3563206055172,6
1.43561325380703,19.4100495676608,6
-22.2463922784398,7.70257743812828,18
7.0012504211154,-3.54401351993039,1
3.90532815210508,16.0665498304413,6
2.60088763696729,16.6700736473551,6
-0.757020561497296,18.2389709349248,6
-0.283286717106986,18.6977102868977,6
1.0662640175645,6.89513268533209,6
6.17796021340455,19.8841767043389,6
-0.159462715380737,17.9128676630822,6
0.0674929106682567,14.098152874305,6
0.126715493866671,14.5471238520396,6
-7.82540701085383,19.2093334349527,17
3.11275452947165,-3.46349173068801,2
13.2022616344705,-5.2049800550626,7
-16.4081272923218,12.9528941855236,11
-13.0807525001535,-5.1634611761832,5
6.1689920654465,4.611847332955,15
36.3944025325887,-37.876602906148,9
-1.08702037764217,22.7636571939253,11
14.1534933766234,-17.1040272253332,15
-16.1965832252508,16.2882487633586,15
19.5553782280514,-22.4521169615485,17
-7.42518546105369,3.23200304126357,5
1.76376232926336,2.24278489020654,2
-6.61738862645922,-4.82020000916537,20
21.74916001678,5.03157825600519,17
-7.32004093018442,2.09721003138591,11
-6.8815895399721,17.8746773966221,4
19.4732426939694,-22.1062668756277,14
-12.0835063602464,-1.31852331629249,18
27.8344370629691,2.30093598301113,8
18.0029597970064,16.2439719094351,16
3.579908301255,1.462740259493,11
-16.7341791127579,-6.69809762760203,10
-4.15668602982121,10.0510021325099,9
5.38132898551481,7.90859811190409,11
-15.6343331704387,8.32513104321858,18
18.6615084574973,-5.59205687411661,7
1.4603146505476,6.52013358897946,1
-8.27376390445202,10.2975682851924,12
-0.280063495417802,16.0482529391829,6
-19.1146637252586,13.0971717139583,18
-7.5766557140477,0.38949257358271,13
-0.791716890935964,-9.36118918312651,3
-11.6884028215922,-7.05654303492224,19
24.5931546587282,4.53261092662855,12
27.3900302013957,3.48856515860513,12
-6.9004899054647,-0.233269048349191,13
14.6740042756169,4.32228901519409,16
-10.1698138441572,7.23583959651073,15
10.7757459624851,-7.89113520216582,7
23.9893415797122,-5.03184019419425,17
-13.6653881593571,-7.51494823160378,19
-9.8260685281833,-7.44747440460242,19
-3.78196105934287,-5.45400974997548,5
24.9673181013201,3.37788493910292,17
18.9757668514756,-7.29880805474046,8
-17.7861016071142,-16.0861167281199,11
-18.3372344959449,-7.60597772872811,19
-6.22572967626606,21.1814838363798,16
0.97794354996658,-12.7712528239543,20
-8.27558760793617,2.51511465522287,3
-0.827420824933915,0.810270893247353,19
-22.1786291501156,-12.8906896299176,5
-2.18483213150826,-1.29797488537453,11
-10.454874158391,5.01202229109262,11
-25.4066076623299,-12.3064842243698,5
-1.95149541166474,-1.77477230748203,3
-7.5383220962327,21.6243322866858,4
10.7798106181685,-13.2083884897564,9
-7.00256525822984,22.0414989061593,4
-12.3663459445266,5.34915732201742,11
18.4285880405621,21.4753713728786,7
-5.0651110800966,-12.7898721546333,4
6.33609264241201,6.55067415758286,14
-0.649293762301076,7.03200117962165,10
29.7482843685433,20.4388894986834,13
-1.4985055609833,-0.144577556345955,11
12.7416126777564,-18.2993752232748,3
3.53425334429683,10.8416525539595,11
5.39717457668988,-6.33891101075517,11
-0.675729572622804,-9.24860199682008,3
-6.15202940507299,6.10191880283452,6
0.219630364617515,11.3908117927127,9
0.338315749570995,0.471761135596034,8
9.21377497923564,15.1630097450414,4
-9.59447456461344,1.37621619478921,13
-1.54801775542138,-3.48272144706584,5
48.2910585821323,3.48208444466118,4
-7.87745718787851,-8.88322030179208,18
-9.24726033297944,-2.55764952504192,18
23.9825109795262,3.7350419230682,17
3.33869872858201,-5.00943400844485,6
-13.8510990839826,-1.33745246346252,18
15.9078240527651,-2.29301352373347,2
12.8835248261026,-2.02505297627155,3
-5.9137686916839,-23.734551650503,1
13.7994171488768,2.31725649867681,4
9.85527648981527,-9.93198454638783,5
-9.64739923374652,2.29407697994806,13
-1.82533722395789,-2.98369383985915,1
-23.9149234142988,12.6892656106181,13
-15.6243045954968,8.73917420834197,19
-6.54804016088135,19.8912627735756,12
16.1034960764517,6.69607156769974,20
5.93744008677105,11.1995674873984,7
0.166686600955965,-14.6446298703906,1
7.74841729304051,-27.7411998537499,6
-14.1514951114789,-1.23630776745388,18
18.5195558264334,-23.9193733296564,10
-0.717074104891688,3.21591538507528,11
1.63476763625203,12.1332948522411,5
-9.84212180896911,4.09410244635617,11
19.9315626571725,-1.58782632675667,10
-6.00799419524611,-3.51196733520051,20
-2.45073221427709,-30.161707041563,12
23.5397796606397,-8.72047600432429,7
-14.793181407058,-17.3226721737177,5
-8.14098023582314,9.55790225249927,4
2.97033355448362,-5.23641772818357,20
-23.1640945769363,9.05604649336299,18
19.6758384917311,-22.0860814753609,7
-2.31035196823698,-6.35951279009518,5
17.7853900337597,-5.71542475584308,14
-12.8755503377276,-0.884034500263901,18
-24.6665260997677,9.64251493244103,13
5.92888047163198,-2.37625961891635,12
1.05057174639906,0.0856886972936173,15
-1.75499589984944,4.70926921058485,11
1.3966116560342,-15.9511211917106,10
-1.10610323775214,5.36665784304012,12
1.88080888385249,-2.23716540544039,5
-18.5609584144451,0.567204327841121,11
19.5656804239184,-22.4185873590448,7
-5.30870059923781,5.7065686880399,14
-22.4728871460697,-12.9685831893581,19
23.2876483841109,-0.366779929110906,17
24.0229807590923,5.08305123702323,17
10.4925221591955,0.588091652339327,17
8.93116352766033,-0.52549952424025,18
26.3556102018396,0.95704700722928,12
7.89702657410602,-1.91749632432001,4
-30.0936488077515,-4.67774236030754,18
-22.2919175623681,-12.9175344511997,5
3.36222597897655,-12.5261669133936,10
4.23347550333517,9.46693642059597,19
-14.1909084849595,15.5031685858798,19
7.66771467276022,0.608509110019154,10
25.0566531630957,0.856809191916998,16
5.05021643095403,-9.13301212534391,1
7.04389061704369,-10.6945393542368,12
-3.93350514576581,1.51990044303128,11
2.00005579396315,-13.3536834129767,3
-10.4074973763841,-0.25255316816773,15
1.69444662565267,13.7080274940859,4
-10.0336239860439,8.61366698576851,7
14.1555598993725,5.52195914294223,4
21.9568425712764,-14.8031236424602,1
2.49083606240864,8.44043458756211,9
-4.84743607526873,-1.62028454620325,11
10.7109538611548,-5.26661875348332,11
-3.06135887858946,-1.56655142388496,19
3.88564947981478,-24.4082010649133,16
2.68866594256459,-1.39917785704145,11
23.6847513048409,-4.48014946860818,8
6.71289983278561,0.579749109382463,18
23.835869529092,5.1933962074684,17
-2.50602752754453,11.1654900985899,9
-0.515040276140843,-5.1836742176803,10
-7.19285575572727,-2.3630564248629,6
-16.6088454702722,16.0638905049101,15
28.2125876918908,-4.66583716703806,17
-11.4581127987653,-3.98190323749129,11
-1.60148533523029,-3.8300314430395,5
-0.126158206829758,-8.76064503013083,17
-5.73751968657588,2.4628227035111,3
5.89200784950074,2.28261087360975,14
23.2954260452765,-10.5088448353573,7
-4.47019696827148,-0.577970544553908,11
17.9392893058021,10.1693236473372,8
-1.27658358576242,2.53271075708272,10
-7.01356868717855,-15.3785894597207,11
8.295476251668,-27.0914155897652,12
23.9484882000539,-4.97012623005191,17
-16.8453974820351,-1.10409730874009,16
1.45246193172477,-11.7990439454815,3
17.1551515140671,-1.36966791709976,8
-19.9303683679535,-3.22288355437907,19
-21.5214596843951,-3.73944473101858,3
19.7109203777594,-1.52899266360087,17
10.7534744046809,9.57260782236006,8
-9.25256864803452,-2.88608716224997,18
3.27491612708135,-23.2852216673979,18
-0.830334433397992,2.15360777346585,11
10.2109354630375,-7.64183003293114,10
-3.14363777846317,9.41737113328679,4
-3.07296788448109,17.1397657551268,8
7.04597132266203,11.0310511591532,9
7.28581222562947,21.851933240001,7
-24.6130954533021,9.61710518809948,11
-0.336999100190701,-11.8493253830189,15
8.49263208185,-26.4756928045443,5
1.41434698137233,-6.70215162345562,11
-8.56714802523291,12.4415836249519,19
-5.85836223561376,2.7281064040656,4
8.41941410532068,-26.8417353687594,20
23.9650075159631,-4.86083371082648,17
23.5210615223778,2.68260984740693,17
25.524507125501,9.23908743439591,8
23.9920391850574,-4.98730368671392,8
1.58022616307317,11.0596032723798,6
7.00453858233675,-3.62709899982571,8
11.8241044221303,0.252906257428801,7
-6.9009902786605,-9.160134193254,19
-0.639480949055362,1.3207093402884,19
5.6305216658833,-5.83676440207608,15
-7.7601341662989,16.2643050211111,14
-7.65450290188374,16.3758593198,14
24.5164041544127,2.36803979100708,20
2.8484825706566,6.39098624291765,12
27.6392741786275,2.31139115147579,12
-10.5411214081891,0.288042142431686,18
28.5613576503354,5.15057412826473,17
23.472252761834,0.38480030300648,10
0.394867388085346,6.66320055394382,17
23.9991275938316,-4.9268958533002,17
1.91668233649404,-11.3572035650285,3
8.47343859537672,-26.4824844660231,6
-29.3255811641348,-3.57769144578486,19
8.84206743493334,-0.550298790119503,18
4.93346453368462,-9.13634492542501,10
-11.2320428716901,8.99326902614847,19
-1.19148082030752,-8.68895905125953,4
23.5231810704512,-10.2788072747645,7
6.13035188072084,7.26161410570523,3
-10.1938870551748,-2.26709886053898,11
-10.0822279000813,3.23930697967801,11
-5.95449829998461,-3.93875889845044,20
-5.57372055038137,-4.93515065564138,20
-15.9670236968372,6.1007936749115,18
-3.95466275656718,-8.23187774342421,20
-1.39718473285986,9.36723729160164,18
-2.20094694497418,2.15852912818288,19
-2.57254726841214,16.9805021846353,19
7.02326307203147,-16.3956423529672,3
-4.10028579256676,-0.284053903170785,20
-11.1185216122594,-23.2341667666935,5
-0.52246499932104,-5.21095415984667,10
-2.78167948968054,-8.93483417739441,19
12.5411699660413,11.3682054613915,16
-4.20232232445108,-3.26298242926181,20
-6.18160397674401,15.3339305275468,14
-0.938178314457915,-5.58358036468089,11
0.0552582858686237,-30.1079201930558,6
17.7563875320158,-8.78903116707344,3
-3.80013300197996,-4.06125240518454,20
-7.09040955541244,-3.15953030816455,19
7.78566116543967,-27.7336396430758,16
30.4663415962028,-8.68564843447171,17
-23.2590914144268,1.59608012596974,13
-7.7608263033179,16.2964573082151,1
-8.25804216056437,20.0061200681218,4
-11.8044967668651,18.022168162411,4
8.80144034155206,-10.2654466660112,3
-12.4444874160897,-16.7906084941294,7
19.7503990844944,-1.45662116824912,8
9.43951845894168,14.7542872159805,11
-11.773542407828,4.4412525935016,13
10.93884847087,6.05302192061335,2
11.8774050843465,-11.2062486874254,2
-6.12335865575287,-4.90753165300053,20
0.472412657833537,10.6935826596301,11
2.47445740566396,6.40244446783172,1
-5.4447783805324,-4.61972449504899,20
2.07608061435569,-0.435514769468488,11
6.57557194549817,-6.82832376517372,7
24.0797392241306,-4.73840787248567,12
19.9630253494672,-1.63022475920242,10
-0.946274469046541,1.85287922036338,11
-3.44144032774516,22.8870915073651,13
0.888451808264887,-15.6716315856123,1
24.2758309096031,-9.13949009352712,7
-8.03095274978428,13.4203579764653,18
-14.6017159573071,-1.47241070138504,18
10.9303005690529,2.75966902738522,3
15.4168302970943,-16.7875811404982,5
-18.0860884025363,-7.5972177967046,15
-10.2055431034026,20.0967313251329,18
-8.03820065886319,12.7476790495871,9
-12.2585612239537,-3.33272831125881,18
11.0620295663702,-1.10326053615361,7
19.3901527433925,-3.22534136659622,10
19.1970259474798,-8.5741241560917,17
-16.5802148223965,14.0198170720383,11
20.8904033293895,1.70307548382647,17
6.89562362078643,7.72786811270499,11
2.322590291414,-23.4666129413786,14
5.4188507158663,-0.858753919719634,2
-8.12728428366645,9.04313358215395,10
-5.54787632224776,10.1042460165344,9
15.8272222173866,-2.74653234779739,7
-9.56123739513718,0.121927104150553,18
8.85943203440742,-0.457471056130345,6
11.2585959117304,6.31747091793516,8
-8.7715744690638,11.7732622817262,9
-14.2892413281664,-17.5133648663995,11
13.6380478991474,-8.13300677184843,7
-7.34174335636993,3.94150735516588,11
23.6045789602768,0.205598118386769,17
-5.22675596837763,13.7140184822925,9
3.20974798381257,-11.852135840577,10
-9.9328864378678,-9.64001738129256,9
11.7561842618545,-4.2929177812893,7
3.47967632084332,8.053957116937,9
-4.33349045196389,-3.79438147326366,13
15.5787584193028,16.2469927992443,16
-25.8899221964799,-6.21624098530553,4
-17.7572617594716,-11.2623020680369,19
20.9985782456387,19.9316495102304,16
-24.5800464936783,9.6106272460112,11
-5.78104657846215,-2.65034072202688,10
0.0471514170269332,1.66039444252106,11
-14.2813085193636,3.82997235983312,19
4.50986217159002,-6.23063896499658,13
-12.5064156162826,10.9100635245028,4
12.0543222953906,-14.9758446154461,5
6.83957966541595,17.4172169414595,15
-9.92161562876499,1.59923963528752,11
-1.69293349728286,-9.50085972851836,10
-11.277483283938,-7.82276108119681,15
3.22219825717225,3.15450217253176,14
-2.29933449417409,2.26458129997726,15
8.84744846366524,-0.452427988215805,2
13.8575189355726,8.06632026004969,11
-4.64526437641271,2.24845702367965,14
6.41156377124961,5.12776393436009,10
29.4028557411742,20.8392419193821,13
-13.3151319896665,18.6612095541732,11
-4.94429286356333,10.3383941472962,19
7.4032392781854,6.55719307010257,14
7.05871107801847,-10.7986088197534,15
11.0910627274542,-5.77205093801677,7
4.99472500782214,7.85051588826594,20
-16.3909364676325,-2.63356241111111,20
7.55845262122297,-14.6110284093513,2
13.2045935527345,20.3513869138038,7
0.398887851052306,3.11093631013753,9
-1.49634643556155,-4.82272805315828,5
5.82660325066051,18.5262393606666,9
19.488042663203,-3.59889897894884,8
17.1917120752231,15.605758792173,16
-7.98801164578162,21.3411703093159,4
-21.3270599874283,12.3063992278161,19
7.03184482027476,10.9738632468011,20
26.9972992652685,3.4929999351334,12
10.0863380044735,27.2659330868604,11
16.0559070718666,9.96912776449776,16
1.85741496830403,-0.46385776880962,18
-8.29815402054873,7.96340586564021,4
1.16487714307941,2.32495822819087,11
0.448775336521415,-25.9877117817028,17
-5.46165542487423,5.23857253294398,11
6.97025689058347,-0.278268325410558,11
0.0152565088131121,-11.3684707394938,3
1.18742454003135,10.4009293798792,14
-7.81493672785636,-9.06990121443306,19
-4.72780205659799,0.20195265828727,12
24.4625443727585,-9.50148837066377,7
-16.5587723074864,-12.6562017837801,17
22.3310162914299,-4.99318334253705,14
-21.3634249336199,7.67607759259239,18
-6.51787313372567,19.0964780016567,20
-17.0487267204887,-0.269509372095684,18
-20.3385545454549,0.577254082280166,11
-14.0640549152958,2.45094666645828,19
5.02488940112985,12.0394963639123,11
1.77944607155683,-2.18648727586137,1
8.22074162148746,-0.23072745166247,17
-7.11352544875718,5.47818188945632,20
21.4162339583471,-13.85933417059,17
-11.2879207601299,-17.8826676278633,5
26.3061692269521,10.0702637667678,8
-12.7242577947266,-0.621070246734784,18
3.75807371836853,-13.3542346895615,3
7.84804704774087,-27.8068241381592,3
6.07691164773182,20.3218325073733,2
-0.154089921443333,2.30980311895464,11
26.6053270939372,0.783258939502507,12
2.18615191080498,-12.5191283651674,10
7.67547443900735,28.0505001633111,3
19.9930525550005,20.0090456522732,16
-4.25559771420188,-4.70272702174001,5
14.109529931901,2.42554367181586,3
-16.2621712286363,-6.528877953214,13
8.80778858777472,-0.527420138906203,11
19.9556142487763,19.9451625135521,16
22.7594641947546,-0.884772851392868,8
21.9445225930714,-1.46324298926547,17
-15.225056633553,15.4260434977268,11
9.30837113568659,9.51378631650185,8
17.1367303070225,-5.6180856111453,7
-6.41031012100921,-7.34039283486519,3
-1.81006495533322,-20.5453958678825,10
-7.95059950586184,10.3016763461852,14
27.1051772607867,4.3788162190369,17
8.8404513868157,-27.103929704906,17
22.4665510053503,3.66402921832636,17
4.97220870165873,1.26528515872742,4
13.9249878317986,-4.46238809254392,12
10.675336343064,-0.0165653639754224,2
-7.99381048308117,-1.41803415967851,14
17.6881230991435,16.0096427487228,16
21.6690107947345,20.3632267172251,16
-10.0940282224753,-10.5869308925702,20
22.228751874572,20.3994777332328,16
14.9158655475067,20.8269364390551,16
-30.1887596652688,-4.18190113339933,11
29.2021103942776,20.9721157740462,18
21.080508814444,20.7732312055462,16
21.9303470455063,19.8621790583153,16
23.3856804290349,4.01333353125201,17
25.2846361975235,14.2935329089765,20
-20.0949923845667,-7.0300139791381,19
17.9529471587486,15.0004458761437,16
22.7061292576442,19.4494380119356,17
-0.428398188598855,-4.24488961183691,5
-8.38125617770788,7.68512168225912,18
7.27258118441044,-23.248483047919,14
-9.30718761209807,-0.191851573037633,15
12.2753610521246,17.2452564088013,16
4.24816385662095,2.08440763134964,4
-13.4922487673945,2.64096300217621,11
9.04932475221266,10.3796026207612,15
-1.41994911685693,-0.456103303198533,19
11.7574615056185,-8.14081488232452,7
0.144778898843819,6.9506950449158,4
4.70581310350932,0.919012362759541,9
-5.07628206084709,-0.218632545276356,10
-1.0555463328302,0.817443186515725,11
14.0047049405239,20.8046419540655,13
3.95955196501033,8.22169045992971,11
24.4917697998445,-10.7136732224615,7
-4.93151190724414,-10.8174606600628,11
23.2280123488194,-10.4881935801231,7
-0.863638664821978,3.38941333601076,16
29.40125062161,20.8312678489404,13
-6.60432244813895,-15.9866252886059,5
-15.8404103021684,-11.5940003940079,18
-20.8520840124737,8.10009981085802,13
1.49170677925221,-12.3852524524034,12
20.093014650434,-45.1046632009289,20
3.91822824486728,-3.54086178024621,11
-18.4018495700778,-5.84206883669074,13
-1.958809624829,-27.5330829103829,16
-6.38903681294491,-0.778136981990895,11
-20.4867724865638,0.0870400992128517,20
-19.8557364821536,7.94611237227886,19
-12.9557477553718,0.61978680804455,18
15.2952087689995,14.1812210019505,16
-11.2506871994258,-12.0191700751243,5
6.9749908600486,21.1622746219896,8
26.2291449656964,9.84254384619748,8
-3.671587119209,2.33001091857889,19
-18.7372381480419,-5.72911386338951,19
-12.4456285750714,18.3215358914394,4
1.77734784003535,-2.99612980822571,9
12.8711682850858,-21.1247247854956,8
21.4784240559818,2.38973927765385,17
-1.61141051964974,-22.8145253219007,1
-14.1751864803898,9.80865775573927,4
-17.454700113101,11.3215297950903,9
17.5019964328607,16.1783603658258,16
20.9650630435678,-2.27849263791091,7
-3.60617634844014,14.3368982818905,5
-8.64107620949441,7.2251614218105,18
-7.70217258555617,7.46918981811536,15
-8.79113969695225,-7.53618839042653,2
0.876090953587696,-30.4257639873993,2
11.4533929778234,19.2025695633333,15
-7.8316894099727,12.3462095465525,9
-3.09206840521605,-1.57296791464534,19
-1.59649387082123,-4.38883979511072,6
5.75758046933644,23.6379825789365,11
2.18229945512432,21.7593437655896,4
-2.78916069108077,6.1113251328188,4
8.30092952774167,24.6594667466132,3
19.8903188322655,10.9774786493887,8
5.28593261057703,-24.4533312318303,20
-4.14082481444708,0.979542634761095,14
-1.31808225247005,-2.67734223338942,2
19.7373505978429,-1.48605011903851,17
9.10638387347466,15.2979819056922,4
-8.30051610766221,13.3137574784834,9
-7.34206049812236,10.5269278657939,1
-4.80152560072384,-2.67491286679519,13
25.5386978925404,2.63871125432749,12
0.511416905855695,-5.30264349384374,11
-3.15144835679855,-2.9174372052702,5
-28.8504051559362,-4.95497262842858,20
-12.9483575871765,14.5508245537014,11
-5.84373964101722,5.03747241767057,10
3.62635451487575,9.70411556428914,1
-24.6240183976158,9.61983279130733,11
-1.41616413065544,-13.5184575393918,18
2.29689846570574,18.6626106901314,6
1.80381856190721,18.955274118573,6
-18.9558883792648,-21.4392249023717,6
15.7466983737962,-14.6214349196331,5
13.6518378221977,10.5492482341999,7
-5.27605261529969,-2.76593017808792,19
-8.89151069885977,-9.36347951399401,11
2.36010609113981,-1.68270245545209,1
-5.63390860285895,0.429460360786908,10
-26.6252273858278,4.40923632817715,20
8.1356429616591,-27.3739197356726,6
11.4921521459401,-0.873405224175645,8
-8.23758697619151,-9.74415086314478,7
-13.6074699549877,-1.79099861954869,18
-9.63797838512673,-22.3681249824724,19
-16.4962119816966,-12.6181595632542,19
5.53676979289401,-1.05288169692489,10
-2.27144694105489,1.32736183986543,11
15.0452289954149,22.8450244972201,16
11.5683927510472,-4.86968664121543,7
48.3054777589613,-9.45874487949754,4
-29.0189314375909,-6.67225859655507,11
7.77902870622371,2.69881487148088,13
10.1427796543155,19.3588709666864,2
-0.249216890938853,18.5783664440315,6
1.42149819991465,19.5192795265003,6
-0.779061570740826,18.176127484255,6
0.918907734271397,9.18899002172888,6
-5.11635386225535,-13.4300703211731,6
1.93550559408648,19.1157398948043,6
3.94665695516226,16.0202482482171,7
5.9389681992976,19.0878992544047,6
-1.90248916092115,0.940832011827406,6
0.937805555127718,18.2141463461076,6
2.1085897164532,-12.9358670051841,9
5.8410314357985,20.0274710570506,6
4.75434126044762,19.3219026872824,6
6.09138312597895,19.9940991268804,6
-1.26980442293129,18.2857152755207,6
5.7307618857847,18.8314151687153,6
1.96363448559486,11.4627634836976,6
-0.393235656662176,18.5994587595326,6
0.355243322101661,16.3424760312239,11
-16.1622352349083,1.52209450144321,18
-0.632982714016498,1.98948701563748,1
-22.5571597645485,15.4366502125327,12
-26.9678154613638,13.4693168449113,1
-2.63428437536551,-1.05324923494447,9
-0.391150110481852,-18.749147820059,1
36.3951424188929,-37.8757582009581,9
-0.319624000382478,-10.965281793256,3
-5.60323515196927,3.41818146910888,13
1.1242406275369,-1.57163299074985,7
-2.56695351185983,-4.34870816804867,5
16.3027772921405,-14.3906166179833,17
-5.92511846108544,-8.93632600429979,13
-1.77090346852214,-12.2371620210545,3
0.346869955965166,-4.83462402388136,11
-4.77152033190815,-11.7404082081219,13
-4.20594232972294,-3.38550391670991,5
-7.64351520828107,1.22787743547391,12
0.0980187399447897,-29.8390994301406,3
-0.175956720603664,-1.38773509244811,4
24.9826302570689,3.34300129013699,12
0.506401163805156,21.0224852508253,11
14.6635163873979,14.8739163540598,16
15.6020873787701,-14.5480515303986,5
-11.1429620813452,-5.91560123543677,9
3.17282858753022,2.4816799337957,5
0.853714887067315,-4.81293083906796,10
-16.2608873824578,-9.62715216635995,19
21.1770468290819,19.2253811993175,16
-19.5966842305449,-10.1515444663439,19
11.2113668180397,12.5461691224746,16
-0.817312013657933,4.3359545821495,6
-8.16424453857173,-2.90548059740199,18
-15.6675955679864,-4.86675620206875,11
7.59821069728974,-16.1544985034889,11
11.4834379689116,-1.41731909286794,7
-9.75353058036571,11.8983158925395,9
-2.91355203524539,28.0933991875052,19
0.090749387680319,2.60262327307343,1
14.1401819291355,2.78246173220994,7
1.89108738135412,5.0690489733401,16
-6.519651732954,-1.26064060072122,11
-4.24081282112427,8.67366299305806,11
6.64804793929174,9.29865339026685,3
30.473574277282,-8.77618488547043,8
-8.00473144977109,6.22905576874283,11
12.7230767689649,7.54093785679747,8
13.6644424051124,-0.952231189791167,7
-3.14904317576717,-1.88764606258254,5
19.5711180014815,-22.5344438184515,7
-2.42550515803895,12.0523002666596,9
-11.6557499180897,-3.44950204903578,18
20.2531426466906,-7.62558505905914,2
0.722391291715361,-27.4211723062126,6
7.69525640670586,-27.5810942112448,15
8.87054511571028,-0.558872845205661,11
15.4060616168216,-0.493664518960856,9
-6.96430442911902,0.68826908150141,15
15.4646497098403,-14.4179510730169,15
29.4628074422449,20.4749602445334,13
12.0090254113493,-8.91318732100614,7
5.25325829088141,11.2602325757238,1
-17.0403626722399,0.424023668912426,19
16.1259227867368,-14.5298984150466,3
-8.63748618473132,3.0630554519408,20
6.76279364199646,11.3280434547029,14
21.9228961914606,-9.18578263361975,7
-20.8002760953879,-1.98858504942832,11
-14.0055295193265,-17.7461903258207,19
-7.60710616790133,-4.15170962874504,11
-23.9360602762763,13.4410128400826,20
-24.9818613249262,-2.64719951380798,18
-7.32583242653477,-4.28826315224074,20
-1.22759363433779,2.83733755135658,3
-0.76233314128061,-11.7961783125622,3
15.1985536306805,-19.4608764447135,8
21.5106120835682,20.6280307114827,16
-11.2745706497419,-1.22529423833906,11
-28.4519665687595,3.94690667080355,20
8.49947738270873,-26.569737395636,17
16.2348143712358,7.57100011956901,8
-20.5275802225237,6.28474060642131,11
-14.045481143817,16.6290373308146,11
8.17958385884289,-15.3660765070868,7
-24.4815166031043,-3.06729391352686,19
9.37966857436746,-1.86851028414256,11
0.018140336374892,4.41970148975188,8
2.266945449277,-2.83571524058677,2
-0.533836842167176,-6.29640430864225,11
10.5717304214012,0.118354955617988,7
2.55304918810628,-2.20445292357859,2
-14.2944938753307,-5.98360485287748,11
6.03069611206457,-3.59995719728065,10
11.8632414941966,5.69962723514789,8
18.9767144932716,-7.07652615526164,7
-1.67922964653136,17.1916164355955,6
22.5419794835338,19.5385137537678,16
11.0200384294017,-8.86071422618538,3
13.9790668229363,20.495432291851,16
-2.978470711024,-1.41716596331045,10
14.588845758392,14.7755075676729,15
12.2948630543499,0.89271049992896,8
-10.8108845467451,13.5115051977306,9
14.2857152466575,3.21908596223877,19
19.680389501799,8.50590377458872,16
8.47381154503054,-9.399904136442,7
18.1211797968951,-11.7787657634805,14
5.3429108341668,-5.33936680722409,10
27.48812132456,1.73127650939722,12
16.2534790481637,-14.7428163060116,7
19.482953653201,-17.8741677823209,17
15.8851446689488,-14.3796513026888,7
8.65039619592796,-1.33375649055513,1
-19.8168148238966,15.9054359088955,11
1.36984449815924,-4.74482362879353,5
-13.3813743740021,-11.5163269453387,19
22.6689171741959,3.25088514195423,17
-19.8728481399362,-6.47311969537064,11
-19.5949853169524,-9.46867130742181,13
-0.270097244333517,-11.5082719224402,3
5.1362611059334,13.1338007796818,11
-14.2409047076486,-10.5717824429913,11
-20.5245514859188,3.75837568140817,15
-0.03723274403541,-11.671891300126,3
-3.48705126662477,16.343459144894,7
-13.5974150536994,10.6557956170759,4
-11.2246442166403,-17.9846360996577,5
-20.2566117530818,-0.48705524255285,11
-11.4898820219532,-17.6656644417955,7
6.06851456920086,-14.8952501515492,4
-6.34973048755304,-6.24894562642283,19
12.9823427336376,20.7227353101725,8
2.77247565770639,4.32264798148887,14
-3.86520386672844,-6.90558679549526,5
-0.281467311837121,12.4726430632286,9
18.4548938383969,-23.277729257016,17
0.739427484125444,-6.97644095895934,5
9.89501482701525,-2.12757272261513,19
15.0360219956507,23.0427440153869,16
-7.92717838223697,-0.130833443723367,15
-6.09113263851679,-7.57781492624274,10
16.890816998049,7.09673053295117,17
-11.7440559934791,1.04806264384636,18
11.9217653413319,14.9588291230641,16
29.4898670242564,20.3956772439246,13
-18.4629965996855,1.99340035979123,15
-0.227368128074114,-0.913255185755512,5
-11.7940183180032,-0.913768877156328,18
16.235059084789,-14.3749416036428,8
23.6783374566707,-10.813865244131,7
-6.10901337070219,-0.528939040348754,1
30.5715907782101,-9.12776789607659,15
10.3782479630255,13.3896532560131,8
-5.95422574159905,-7.20673620075962,20
-8.5550145686305,3.07525280619556,13
-4.94681046392833,-6.82287990976733,13
19.3621900882634,-8.1944866100851,17
-3.40210077391471,-10.9311088147212,11
8.25362780581193,4.24394196808232,17
-0.111163831257539,-7.13346493986618,10
-18.8811446006381,-21.5712016466292,17
-12.8601659655315,2.54567838679679,2
28.9317274962592,4.07842883075614,12
-5.44161699043873,21.8874170936027,4
0.688493617640131,1.44279467028368,3
-2.65404704403313,5.93207518104691,14
7.67823681798876,-27.9439841238741,16
-16.0595766927891,-0.32970842380517,4
2.30375422176935,-11.34075659511,13
8.99858859886209,-4.87001623449787,5
-1.23239795038882,-0.96757457650035,9
-13.1911750923561,-2.26817536546999,18
13.6184471163495,-0.770602707215101,2
19.6357474351235,-3.74532127264278,8
-22.940327923377,-1.29848627237518,18
-0.737022730550649,-11.895548884423,3
-9.60390904890617,30.0790441440273,20
2.19536109796649,3.9284777047696,5
12.6168628591616,3.76104476189856,8
12.9267704036191,-4.67472288531526,10
23.9679612178684,-4.8001520273494,17
-10.3902341797735,-0.636459791165697,15
5.1651913074327,21.5203951107175,13
-5.97852944897802,5.09250619825369,10
-6.06064259753149,14.3095315068991,12
-13.0878856821267,16.4452947317635,4
6.86202956593833,-12.355991156927,3
0.672752358198399,2.76965567831272,11
4.60954937888628,-2.86969673944218,10
4.39988569112817,-23.1133594151205,16
2.02628753406467,0.883170794032406,1
8.92423449646825,11.4633746842583,3
25.1559749827239,-9.08354074689853,17
-12.7166187577917,0.891050311127208,19
-2.59990292639731,-2.14480941095804,7
27.947397205321,-4.61356668735934,17
7.76165377479189,-5.23063527848985,8
-2.2304714002549,-12.885636519405,3
-14.3766354623156,-9.48172947871351,15
30.4068230148832,-0.0395296700753023,8
28.9665292102,3.59909794008791,17
10.6978808470748,-0.0152576269671726,7
19.5244869096101,-5.47297746904467,7
9.5026541789708,-1.94839072239387,13
27.1509016058633,3.7597482053862,17
14.1165861543826,5.49953912474981,7
7.66846078143386,-27.9895219674107,16
16.2269737895502,-14.3142369993926,5
2.73602336836748,27.2245000909454,2
-18.9961739970475,-9.61297299828658,13
16.2321600069492,-14.4486157030401,17
13.6150366773299,10.4934034576644,7
-16.560268124602,2.76694115623021,19
-21.9313562562247,-12.8736291580291,5
9.57452084111157,12.5713225738422,7
11.1509873252432,-14.3350507387815,17
-0.491568375489228,-11.3574016081679,3
-4.94301828395779,6.57536620326504,3
9.06282573996749,14.244551014429,11
-14.3688277161962,-23.0004748055001,15
8.81455352503466,4.29639640798924,11
-13.0920579112964,-2.78616835146169,18
1.70502543704719,-14.1666315552917,10
-6.01258263572443,5.29805414547687,11
30.4195687925437,-8.58702477410933,8
-14.0997367515227,21.1569845710627,20
-14.3624335961306,-7.51305297729298,18
-1.20417626872836,10.9381936637274,3
-13.6484260538866,-7.53347754190158,15
0.398086487852938,22.3854431400235,5
-18.03973298091,-25.114403847069,9
-26.8906048841222,13.2597020012861,15
8.93146723208788,-3.1372718366592,3
9.67232541184524,-9.67655610457692,2
12.8800305798731,-7.21300586147468,7
-9.64820734386886,-7.98751670685482,9
29.6625362768275,19.5546665987177,13
-16.2739996509005,-8.64060551203415,4
15.948552598554,-14.8456114348763,7
-16.8521322857929,0.0462891067198795,19
-3.41451508487789,10.8769920285378,10
-7.58974963055729,3.93178607669038,11
-1.04776743190096,10.6381006550627,12
17.8997218743067,5.68190645877782,12
19.2245221328186,-3.27135505836454,1
-0.5857441371937,6.90060233425102,12
-24.6432009033867,3.56496581185977,13
2.36716630344279,6.93102282876965,4
-14.3019824388211,-7.51916530052668,18
19.4284311267476,-23.0398958427822,1
-6.71451331058805,2.48916062742006,13
17.1931403402774,16.9513001849438,16
-5.40923165262993,11.4133159130351,9
14.7144208874804,8.4527928338817,8
-4.03118377812159,-4.70231008597075,20
11.9134188486119,14.6676288366973,12
-18.2233980829983,6.48240835316742,19
-9.1629711583479,-1.69009999902412,18
-11.6210291281846,0.584393062747926,18
-12.4887769950047,-0.582617426577749,18
-4.50044267889079,5.51505735842095,11
1.01252416298907,7.3870212842217,6
-10.1595372942349,-16.2771145758494,2
30.5816272555964,-8.96966570629166,7
-3.51752654263043,1.62757645797232,11
-2.06192132107411,-30.0273636518278,2
14.4679246035311,0.556466048139063,8
16.1672927567471,10.6648427405789,16
2.18637111234443,9.76042291244788,4
17.8280056445346,5.80318968563548,14
-8.59662884537807,3.62887361277775,10
6.40686397667207,-4.08749025246509,10
24.962732821165,10.4491671280687,17
0.393020383376821,-0.171724311107338,2
12.3748339210365,-6.58904012172907,12
8.08080086340341,-26.8558903724287,6
-11.6403019897769,-7.00714609399851,19
-13.897461624444,2.22566494199858,19
-8.16205662997212,10.1300028389054,9
-2.44387569983715,-13.0418434154357,7
-24.015001356335,8.82360198244408,19
-1.23833584541129,6.04613246883048,15
24.3215711028713,-2.33758355180852,17
1.59077604127211,-10.0488092701025,20
-1.71093454206821,-1.4144516475081,3
-1.66525676991527,-1.20684756600756,11
-15.8519647097038,5.35269712337261,19
-8.03759659170609,-11.8459640757956,20
-0.767825883894102,1.3141025689837,15
-17.8361004336806,-8.07490850158884,18
23.9551850160601,-4.636576975579,17
20.0379341862851,-3.41454009892931,10
30.5084878577136,-3.78631692649893,12
27.1322006004262,4.10869683796759,17
18.7490406916924,23.472208952049,7
24.0117235158471,-4.92241163720094,8
23.924913087933,2.94194665880171,17
-18.0407632974996,-25.1131136320147,9
19.1345641143066,-0.981026744642352,17
-30.1746678796021,-4.49520103380147,13
-15.9622930721848,9.74699926618733,15
20.2853399694189,-6.47681340410651,7
18.8636439476488,-23.9460871063112,1
9.27228441697003,3.18347319225009,20
-26.831710078631,-1.91378571092742,15
-11.9665195781079,-5.98335764597257,9
-3.9668152848551,12.2388302025141,9
-10.5451213944636,-0.768574315600994,18
-4.20377605571963,1.63777924830579,10
-5.59888777761623,-4.29158620226734,20
-9.98253793547329,-3.55581976631706,11
5.39652689386201,-15.9209329956628,19
-18.6746544810955,5.91684397559969,14
-24.1755918582161,9.22577566627868,19
21.528484129495,5.44153890918597,17
-3.84490694880709,-8.05082958703867,11
-6.04923383572827,-1.43513918432249,7
0.1807301341799,-20.4443643484849,7
-14.6833705740825,8.34333398478421,19
-2.97965669481925,1.26002139641285,11
-3.75482162312347,3.56567946152886,9
6.08886072127704,9.42661745605962,5
0.690951887688455,-20.8995126073953,9
16.0410412305963,-14.6562743612373,7
-1.03976259284681,-0.375141424158706,5
-9.89157187368433,6.75061566139106,19
-2.78844729685069,15.3649020413184,6
-4.20057475970107,-3.79242049988553,5
-8.39228534380741,15.7458477396981,14
-3.94999230068461,-15.6870058483724,11
-12.4872546000068,19.5576885282209,4
7.69005303526199,-27.8078066408678,6
16.0160284778112,-14.6870269524133,7
-7.38562814376746,-2.24548586815254,18
-12.7648119813386,-21.7705894604813,11
4.14851367797873,1.51134323058964,14
-16.9741184758541,-0.0893136847839314,2
5.16764930142036,6.14346622026537,12
-16.0489312849885,-7.4229989336971,19
6.05718537303944,-24.164413837266,5
23.2482792428888,-4.76342799145377,8
-5.70581982085299,2.5130511370569,4
-3.63107756048279,-1.28136265969243,10
-8.17089956859405,21.6272446288616,4
-24.1663980086838,-0.303421762935314,13
10.0865986760987,27.2672096347155,11
7.15553030197837,13.2023522514435,4
29.7169237227225,0.910886922857127,8
9.13686580501774,-4.41655404485447,5
5.3251472421291,-24.4511054921209,15
1.60806934969995,-21.3061464433748,1
-9.68312554341759,3.23615819945413,11
14.0185614517458,-3.34005605331543,17
12.8241546208963,-12.062206929296,2
0.0862946142379288,5.27335772258199,10
-18.523837995153,6.67304130311998,19
-5.45069007378971,13.0183643321616,16
3.27261359617297,-2.91008315008443,2
0.349805649497562,-5.28448939819142,10
4.1769438105896,10.7274672608115,8
-10.4084756287207,21.3406679112115,4
15.8619996371652,-2.23759173701207,1
10.6182984140384,-0.0565118627025585,7
0.613152794504668,-10.6866538978913,10
15.2098591653027,-15.06989620844,19
13.5771045885144,-8.66051383701912,8
1.34801249221321,7.68260344733144,4
-20.091652347217,-10.8591438679693,13
-6.31885772225537,-16.3441105715389,3
9.53697177063305,-4.48716619482856,5
-19.2613262817427,5.78394372780931,3
-11.2608197621351,16.9689601857968,14
-18.0378399228364,-25.114977628012,9
-0.344629354977689,2.76394645363561,1
48.3054777589589,-9.45874487949725,4
11.8295413157562,-6.61949014654957,7
3.30433994409616,0.630544325183431,14
13.2886714045844,16.9475659031654,16
29.3531291045687,-3.1140035381774,8
1.44834951350932,5.99484692784825,15
1.94207016240596,-5.03879576295667,5
-8.06838381404197,20.3819840556369,4
18.2051711168832,7.89540797841654,8
15.9658833731719,-9.7807396344582,7
-4.25744410860534,-8.76256679971001,20
-13.6514724398761,-4.78487078089827,1
19.9040761631512,-9.23697565954592,7
5.38684238892991,-24.5279414771021,2
-5.55754556905777,-23.5917748739845,20
11.065979584138,-1.05675880955929,3
-11.1175885333858,-5.841655222864,11
7.09325944647445,6.03496171015878,16
19.4035384134751,-11.3248869406098,7
2.80092925973398,16.61495527343,8
30.1489588039432,0.375378823510158,17
2.87051606443277,1.24088105171453,9
-4.09119669453387,22.7988834050331,11
-16.2782552234157,14.3542330162306,13
26.4335828087596,-1.08874025362385,12
-19.5964501821758,-9.99127905697755,19
-26.3334115799919,-5.28196665447625,4
2.48628682502073,2.7080412031401,10
-19.5847885335543,-1.24549383713845,11
4.19022865491914,-11.3019382450778,7
3.96451005531863,-26.1508129744189,7
0.248953566164028,30.2498840900207,11
-12.7632154262112,-4.57022392866965,18
-10.7719224215988,10.4139270868844,19
-12.2848792231872,-0.261593691328986,18
-16.3440040912898,17.6649237232384,5
-12.2017696034084,11.5066745362529,13
-11.6686286705503,-0.177628367879137,18
-8.87650063526838,-9.32009263159112,18
8.89973269257404,-0.551817280585631,7
13.5151819909712,10.6014732143661,14
2.07779445990296,4.25219436021952,1
-8.71665822176766,-5.25750389611786,1
-10.4521994122492,-9.2448598607272,10
-8.58265506652877,4.92728414051001,11
-7.42579894692129,-5.86678032720911,19
1.39491940794143,-16.0073509398106,6
-21.1519686288638,-2.29956114220068,13
-24.3547325297934,11.4654053394761,4
21.4879543212605,19.4315407008929,16
16.5483405025824,14.6646986323254,10
3.25530218079662,6.99068514530296,10
5.70251337976415,13.9150036683661,11
-0.518189869484383,-5.20607264320728,5
-7.37554049737165,-3.84206721593585,13
-5.0445833632325,2.28791015715495,18
-8.07529831338698,-4.0059163758356,12
-4.44565224353143,-3.50134686427811,18
-8.32520964168192,21.8222402644014,19
8.66598118355655,-10.4468776584247,14
-1.67926707404123,11.4610769919184,20
3.48640359684268,10.3008293492761,18
0.727093273111467,0.291787856016473,19
3.3955444697666,-8.2448866461519,3
-10.5981099519101,5.94269217247664,13
20.0929308503543,-45.1041910033861,20
-15.5500118387898,17.0251786785218,11
23.3250330115295,-4.7529304545643,17
30.7870747546948,-19.198656796886,2
-14.3413519604298,1.59150601123423,19
10.6354281946519,2.11510462154013,10
-10.0772988863301,-10.7003519950378,13
-3.99899346278633,12.8542412733892,9
0.744256363506154,-29.7220918262876,10
-18.9724735528538,-21.4286840737387,1
19.6332895414945,-4.01289686004282,7
-11.2003123119395,-18.1167184042137,5
-28.4164410997861,6.71368173538598,20
-8.75577362569858,1.42434964418538,5
23.9796786009392,18.9181043534381,17
-7.97002311052015,5.44700026232746,15
17.8110804787029,-6.77770231335838,7
6.07612007635868,-3.59455971695371,3
2.16375095359535,21.7185875618056,14
3.32339589706565,-6.92859862771554,11
-6.1568444112507,2.75100612978271,18
-3.33651347805218,-2.17931836893572,19
-11.367273916314,-19.8858999184439,5
-1.4238623935595,-1.48612003217966,10
-11.8361173513519,15.9226836608437,4
18.7848540772165,17.4400728340506,16
-16.904124250452,7.74293173101179,13
0.0791840415058833,-9.86273796930513,3
-14.9119984017055,5.85830597560283,14
7.27531981218549,12.4080026654454,7
-17.1109225957898,17.8730191744928,11
5.85935809022563,0.1464674087528,8
19.3234984725301,-13.327862748884,7
-5.09615856681602,-18.3023002337127,4
24.9478353513099,-9.10899066930058,5
9.68287349626537,-2.04842500380104,7
23.5216021941652,13.0920895632908,11
-18.7017864151761,10.2323998111292,15
17.4553534710272,4.06946530065998,15
4.11515430889786,-24.047263914848,16
6.22410312115016,12.8502979389909,11
25.7248551785322,7.12721026672936,17
14.3951406215134,-16.8194555916004,3
-18.3061170235904,-4.97462725281766,7
30.0904676746743,1.17506292868944,17
10.9234891329696,-19.5937721701622,10
3.45347647007926,12.2696052821737,15
16.2780291333302,-14.5396918239902,14
22.3567338137668,19.5451407540559,16
23.8432231818058,18.8519167762956,17
23.0524844634719,2.7719444093822,17
17.380628775411,5.88404975184337,14
-29.3545415042096,-5.22061240863687,11
23.9947540255806,18.8882887105715,17
-20.0699391288802,-10.8938770433398,19
24.7988614694975,-7.66978372015381,12
4.58325877408045,-13.7834623012013,19
9.22403478212061,19.4747938371388,5
-10.7023014621781,14.5876262663743,7
-20.053270366158,2.69234060039878,10
2.27947441523507,0.179790964818898,1
-3.96910263050924,4.73042833232661,11
-5.95853747605405,-7.71119435082024,1
-7.25366250641546,2.70733533238002,18
5.59918503016238,18.8734416780328,6
-0.779617909809839,16.476423308075,6
-1.03137141982348,17.8498176785072,6
16.2912576584502,10.5595877751395,10
-9.77852749449647,5.84579107529342,3
8.89139062028991,-10.8583150662553,14
24.1737319602109,18.6150473395366,17
25.4186306811469,-10.1414035930365,17
9.83989184249399,-4.84363840732326,5
-30.2123990273593,-3.63935729495712,11
9.71133086101335,-2.02490592202655,14
23.9371595213531,18.9400961025748,17
-9.83179032697977,-8.43434863255538,11
14.2450249363503,-5.33009878314158,11
21.2695540243049,-2.17250940828849,17
-1.45708164157655,5.12445940246776,12
2.25971292850727,-0.356788636082007,14
6.079137849398,4.62032763122282,16
5.10244068418889,-19.0587335741475,17
-28.7978048757398,-4.36809638947337,18
6.0921530205777,-10.1623120976804,5
24.1175141346073,18.8207628188129,17
21.2354287638446,21.3218726276429,16
6.17967959704778,20.0262830175507,6
-0.306205631050627,19.9069302246074,6
3.16850454060759,17.782359781923,6
1.35778813698889,19.2026230811533,6
-0.392134638354385,19.8933432301771,6
0.344133938099895,10.8846022909524,6
1.81357496603093,18.9268479354911,6
5.31633676736009,19.9575119778379,6
5.77857837256668,18.5945160201477,6
4.75355261637799,18.1389009148848,6
2.2368535843526,11.5119928660338,6
0.0152981733221966,20.0469093207567,6
10.3459875786363,9.6640065006967,6
-0.924876580216351,17.7937688382982,6
6.19332138701008,20.0004425153703,6
-0.684346270613335,17.8157587716442,6
1.66562984089485,11.2991085012032,6
-0.60001327885157,18.1994994163899,6
-18.9514163469101,10.4566059024754,13
4.0667692475938,11.6800261186445,11
-5.89742525191054,-20.1156566935578,5
-0.164464103385786,0.501792408974987,11
13.7936693793833,2.31509879741506,4
-6.63798650915411,-2.70075277556424,5
13.9775181149456,-8.50125453628635,7
4.58818911189034,-3.85851800603374,11
-17.0285082564103,-0.193655478857718,18
-14.2815257609953,-1.42632839363651,18
-23.3480392934231,2.19407579868456,15
8.5806243153176,-27.3362868612661,7
7.68360379277809,-27.8438272220598,16
-14.8386248230518,-9.85159549685207,11
5.26123055704872,-6.08474498911234,10
10.9458190736872,-19.5852559091704,10
23.9629172610593,18.8743215351154,17
-4.39308947234114,1.37958825877796,11
2.76323785422844,3.96990843000547,1
14.1080561516623,-8.89798017970644,5
16.539750636021,18.0964084987672,16
3.63762835502689,13.3734296312977,11
24.0755247174839,18.8156396714963,17
-6.86932645865454,9.14059714533208,9
-1.80113568309197,-18.2277745848437,15
3.63031574432092,-13.2623259940511,10
0.736642875557368,13.4071928832801,3
18.8490163209449,17.4044124130708,7
14.6984946283345,0.893867148403064,16
-4.27790132272702,-3.83081690605119,5
4.349559099794,-24.9360837041293,5
-18.8566676260805,10.4486603584236,13
23.7967894177566,18.9589211779785,17
-13.8106177570582,-7.74144043393575,6
-9.64331117191469,-17.1046270266637,19
-4.59811222278108,-3.61446432518788,13
0.344913245043624,-11.4973582301183,3
-11.5878547183099,7.05118605423663,19
1.91791486348649,-9.24820616184645,10
-5.60341870069659,5.75572327286968,11
-18.9936658539106,10.3505261124422,13
-15.2718882254292,-10.8772613553747,19
-2.57682019365669,-5.50514075137787,5
20.2335346198306,-7.69642135489519,7
-1.33122090531959,-3.45802953565363,5
8.59851267777778,6.30374736604877,10
7.60570156881918,4.84570187213108,19
-5.86398379632884,1.66684675931288,14
13.7859871830898,-3.42247348239672,2
-11.3568577208198,-8.22211081605457,19
-5.14057080692513,11.4279091649791,4
-5.73919959311336,2.78713812626427,15
30.5819541102884,-20.8449513287329,2
-10.5809333685123,4.99097433340537,11
7.77207704304413,-27.3616899513924,18
-15.99708345036,14.5672486366938,7
-20.4282941458738,-2.58321678595362,9
0.379258777633312,-3.72234643608956,11
-18.769891064921,10.5434496039497,19
-5.86614344415883,-20.0284000843618,5
-20.7241676383502,11.105002258968,11
18.8469544705334,-23.9773788031247,1
-8.36108870711808,-2.07020383377268,6
-18.8288982183282,10.2329762617028,13
10.5693705846047,-4.65304238932124,7
-4.23695202697168,-20.1861585908062,5
9.67814986264239,-7.32048169483422,10
-2.91426662135779,-16.442878548359,1
48.2907864092571,3.4820641242053,4
-1.07940548401653,-27.5937286119466,16
28.9035205590371,2.45230474937923,17
9.78010782170412,-4.05799607753878,8
36.3944583883183,-37.8758298480602,9
21.6656391381377,-6.48829780622737,7
-27.6031546828847,6.26947613614685,20
0.968688678462228,-30.555362418714,6
-8.39195699003715,11.2460245853553,20
24.133389999129,-9.06142611784538,7
2.87505541116015,-12.4665981120432,7
30.3295902956472,2.17519805468711,17
17.0102075725206,16.3164885083423,16
0.183922074615389,-5.74461433173364,10
25.9516092673066,3.51420190239324,17
-13.6833229835652,-7.67730906312082,11
7.69915642291946,-27.7722576653977,16
10.0568922097264,-4.7266285849858,5
4.08385207174682,4.09849378463616,19
-18.8965634078956,10.462669307135,13
-28.2390988223321,1.03103137728633,19
-14.3954676821705,1.5809728518153,19
-9.6662439311864,-17.0486732534146,19
12.5426066935619,7.67890836197518,11
-6.07737681182448,9.31941546105593,9
-0.521370199870846,-2.87837773869622,15
-5.27009778495048,13.3256692268153,9
0.688864416401115,-4.85574322287018,5
-12.1191555305376,5.80575467170713,20
13.7484244520096,-0.140582813251307,16
-10.6981618866056,13.2474174839365,4
13.7411738932429,0.821322146672257,8
-20.2779583752344,-0.517479336158885,11
5.57244782789528,-6.26841819572267,3
-26.9264409614341,13.3837946571842,3
-4.50392785803476,18.139843719153,1
9.84707310498409,-2.07831475984527,7
20.1461274693001,5.11236686061569,17
11.4418726345791,9.07679381431892,19
-9.54726010723597,0.225961542861918,15
-16.7411296264099,-10.4119444542847,20
24.0346431980172,1.94871927947811,17
20.2782386029784,-17.2877642788456,17
-10.8215507143872,-19.6213439985803,5
-26.4869341867368,2.54895688756137,4
7.66160269165146,-0.786426020618728,18
-8.31718657547048,12.7300618335058,9
4.95344298587672,-0.234482312589343,3
-26.0920396697826,4.75913869305535,9
-23.1216783316416,4.32378628898518,13
1.63393106345086,4.26504106787997,14
10.6901338370926,-6.32132927234036,7
-2.91681017322125,6.15069179365539,11
-2.94178041011957,-6.77808209430781,5
19.8886334799573,-4.08033009027996,8
-15.521322789093,-2.54426614850119,19
4.2945393723844,-24.4945921349678,16
2.32127580817837,0.106213780107975,7
3.77682376365029,-5.30887032030781,5
31.1528281250694,-19.5025296645726,2
-1.6343281801691,-18.4201622472098,1
11.5004246679252,8.97149611400524,10
9.21014062229829,15.2703327256187,15
2.07140477959822,1.85974173981201,13
0.222224135691556,9.19692941484693,12
0.744109045326603,0.402867965666481,18
5.26708163968071,3.01046681617518,14
-21.3524927145031,-3.34180844559721,18
-5.91538099574714,-8.34991268574454,20
0.0297035354997793,-30.1368795304553,2
4.59631544526998,-21.4248452310969,2
4.38595166054994,-11.6306425857036,2
-8.69466400149042,4.65397181993544,6
17.0383636311262,3.83130537239182,20
14.4317837716584,-2.48151719081113,14
-12.1435033418966,5.66553117627459,11
2.10704147904867,-0.513214136285129,11
6.11370491872935,-10.247405406407,5
-0.187860079726352,-10.877957858697,3
0.21205674732921,-30.8346197205445,9
0.2487811830664,-30.9543865191849,18
25.8967254842681,3.13481349843072,17
-6.74461226124525,-1.05712463162271,18
28.6571060865193,0.602175541113785,17
5.96534072966774,0.438886599401781,11
6.53107096127327,-12.5602181490519,10
-0.558898474590966,17.3636276095324,6
2.16283656239826,-19.7606977660582,10
0.251627774258442,-30.6858795528671,6
-1.08321861021601,8.14259774489179,12
16.2694699253415,-14.3714981871605,17
23.806098352218,19.034465289593,17
-2.07185514781703,-5.43365185894064,5
-14.4148520726168,-9.63053393238055,19
-2.56347945227779,1.95482703145403,11
-22.2954598136399,-2.78854568550522,18
11.4600439065187,4.60055151579283,11
9.98699745907612,-4.81340829571649,19
5.61266441351239,-2.12672770485008,11
-4.93120171533052,-10.8353397135038,11
-9.79155631235012,9.34735374351031,9
-0.671061564000803,13.6520571338842,9
-1.4529621019501,0.540493574714315,11
-15.2536575896182,-0.648140950002692,18
-10.3734955803873,-3.8812475565838,10
1.93775040720483,-1.34256830313247,11
-16.4971215379579,24.0982416073366,19
-6.85074328279075,13.4360051520396,13
-0.770102666079677,0.743350444758996,16
-25.4084701109133,-12.2587750404896,20
0.153952254516284,-31.0244572018246,6
28.8366779501323,0.601161556346095,12
3.36033690001721,13.181846059097,14
-19.686474440466,5.14352646504761,4
-16.0084381638836,7.92946002143957,6
0.643305000463952,-1.34358050896175,18
-18.6721176362737,13.6815720477015,15
4.52451842842153,-8.23192264655671,15
2.90839465660373,-12.9867163098002,3
23.9264160705543,18.9305369920012,17
9.64111426800755,-7.28694317170048,7
25.6631449565203,0.450976142394084,17
-4.03052785549336,-10.1979661070257,10
25.3490839966028,9.40342841378743,8
29.9778477917627,0.60144325072141,12
0.46540160995965,-15.6592019721954,10
20.1617556063307,4.15708783909085,13
-16.473428871018,-10.1028230243601,20
-0.0800094221569211,-30.1020080371176,4
-19.4322980375936,-8.26913196364579,19
24.6739071396744,2.72333426116984,17
-7.73364203889886,-0.111388009962781,13
14.1560178752234,-10.9256339252627,7
30.6673257665727,-20.6466965899559,2
1.49913087203409,7.13189535227373,2
-12.7446784070041,4.42639843454129,11
4.7584944149346,7.40504956623057,6
0.504331438459749,-5.85779083052117,10
12.4487966992362,14.6832647788351,16
9.66458586451953,-1.99423194328595,7
15.1014631460609,-0.593383308633612,19
-0.0887952922822522,-30.2266338250096,3
-6.06176738295253,0.684973846461143,19
-4.26269469006857,3.4894444250711,5
-21.4046118165856,-15.5078704701849,3
-2.1058956739789,0.227282009715596,9
-15.9056436798482,14.6813962928745,7
9.15402646117277,-17.39275765081,2
24.2770531752424,18.8148179449073,17
2.39231360704183,8.42038665386109,11
13.1531009499903,-8.13124827052668,7
-9.49606818270207,5.42934378930253,2
-6.35751417002682,7.12973680243457,14
9.07600788256081,-5.21278240905732,10
-7.70132931505287,-19.1266254592717,2
14.7255713300492,-12.5535849652415,7
30.4052471245782,-0.0202620572044365,12
-4.34139522716813,-1.05682617010271,11
8.58864840215627,-20.4963792416619,17
-8.20724328673703,7.77325998609385,12
-1.24259406556257,9.75163002969604,12
6.46114930308177,-6.73861827916848,7
-7.45623481701588,-12.0276588828693,20
29.9234818921236,2.13559064923285,17
-23.1223281764846,4.24648571490502,13
19.9722342107111,-7.79777933160088,7
0.0947050248243773,-31.0850506157875,6
20.1538227363025,-7.76131005249783,7
1.82235255463464,-11.1970775801503,20
29.1543098614328,0.319662651035301,17
-0.0826640754425001,-1.57286113800441,2
30.1677401018706,1.47044688113761,17
30.3671949579482,7.09498877020392,17
28.6734918041758,0.560970435523363,17
22.9578803103891,19.6061941749635,16
24.5382302753287,-10.4270370072461,7
-17.6844623567324,1.42894540690774,15
-11.038126297526,4.98354802168778,15
-10.0526051231459,4.60985297497886,18
1.10891761120182,-2.53296830005812,11
0.0430697735606845,4.56858986308447,2
4.86045822586884,11.8475952793466,20
-16.3246105649239,16.0294290283807,4
27.8466377078529,-4.47161941292638,17
-1.19584451239386,-13.1235413443717,3
30.0769894759062,1.89405098925567,17
-11.1982308064759,21.5390429252467,4
30.2708385100301,2.62197727280788,17
13.667055690598,-0.163941664637321,8
4.38226578581556,-11.5364790319577,14
-10.8728873008805,1.96739959746152,4
8.29262667758948,8.44529214890883,14
-2.80701654879241,-8.2850274878335,5
30.3621532434379,2.0420001046078,17
-20.1391098447005,12.5887529766014,15
-5.53408014676154,11.4580676153326,9
-7.70507380709261,-5.740146511945,15
-9.10593685054234,-8.14211695771106,2
-2.37691058418434,8.2884035470808,9
0.37820269091192,-30.4822809239925,2
2.52959664585123,3.95890857928213,13
-17.4264581241086,0.393097675567984,6
-6.69455104612862,-7.56338599429766,11
28.7947867085181,1.87423607025972,17
29.3094211053377,10.1087573716313,8
26.748902596495,1.62093769959039,17
19.9759913070732,11.8188096115034,8
-10.7808861869314,13.4963696303821,16
-16.6741511142584,-9.95851433414207,19
28.5234590698402,0.609927653533147,17
-3.08168994384842,-10.5182879817808,1
27.9951499296575,2.1185496978947,17
24.0466026564681,18.8820920854425,17
30.076328265917,0.640333169454955,12
25.1839816623107,-11.8524709269613,2
-22.4467481140875,17.0513659477089,15
-10.683694450572,6.10592554945779,13
6.0758710146957,-0.528892315928829,10
12.2030312809057,-4.97875222228984,7
8.14243484929042,-0.284675498805895,6
-10.6201227092062,10.74329223986,19
-14.150770930597,-12.1458346914703,19
-9.00727369683908,-9.90413358970099,19
-7.06664033340513,-3.07717041045916,18
3.32993445259604,-1.65731026723707,5
0.770810782327114,-30.4927461311638,12
2.89291976368036,0.627629044321463,11
12.0825466050867,-7.98635594352406,2
5.39675885005631,8.41840375431072,11
23.716624098651,0.569744041188737,17
-1.52856908275074,0.73602827808493,11
10.812043448968,6.05291676925478,20
-2.38194070145641,-3.80836245229049,5
21.0075034702474,20.7289657811775,16
-0.845336992175442,15.6331284033052,12
6.54953410518312,1.51345709749434,4
-7.83943199900408,4.89582668715113,12
-11.4411872058775,8.42690634230543,20
-16.1320745596155,-4.6511007070489,20
-9.89270830594321,-4.73871939994955,20
13.3080382661916,7.35409089924893,1
29.1740699809141,-4.20493900372625,17
-6.01691941291041,10.1256305505626,9
15.848669968843,-17.2123530007238,3
-13.1498836238976,6.1225854066493,18
-18.0633660285189,2.7491867760338,15
-4.59174152418487,7.6659025320642,6
4.63114658917932,17.7170308138386,8
-11.7153066050103,13.1498728117249,11
-14.0050450388396,8.89481018968108,4
-15.986906897122,6.72359267352758,11
-3.36658017845961,-2.91334687728275,11
-8.87114255443297,-9.35131511063736,11
28.60074914063,3.47780189485366,7
-20.1863313455653,-0.0982090835771922,11
12.575057703047,-12.5148119313413,18
30.0374925958528,0.980922211348214,17
-6.60797546723971,21.6506398975156,14
-28.9212945611345,6.97379795129961,13
1.21209767220222,-8.63019803475919,20
-13.9763395260978,-5.51816504332971,18
-20.4850476786113,5.92312383177307,12
-13.6814669184534,-21.7522865039096,8
24.6592762397855,2.59646351698908,17
-18.2407189148472,-1.27472103278599,12
20.0034502572418,-4.30161539847487,7
-15.6630459001158,15.8487180455372,11
0.000665205975998605,-11.6949752238359,3
0.986443639864332,-14.4814073470339,10
3.96255956577355,-26.139023130733,6
-3.43628508983324,5.33882018450823,20
4.33817069590453,8.60954499526827,15
-12.6862499561069,4.66794017086053,15
4.01568373110026,-5.28641657924578,5
24.0650590678981,18.8204329850399,17
-15.2568860202407,1.88910530574719,19
27.5587467090213,2.43425211732347,17
5.4146031576144,-15.9181675944722,16
-21.2944983815591,17.2536726536471,14
8.3973424340349,2.84956490010157,10
20.8903777376071,-7.18264551142562,17
-6.00700015686052,-2.65598138072068,11
-0.0577572993696146,-7.16996334475491,10
-5.2138591015359,-2.0036817486634,20
-14.8211782485906,9.64942558694733,5
29.2638206709968,-3.11450872642923,8
9.58599105242996,1.2842808291229,10
-7.65376916395933,-16.0782896699513,20
19.4428640184604,0.577670829341776,17
29.9771395527832,0.59648199819829,12
9.83754352107821,-2.04801394062591,3
-15.8021217025971,19.3517299147734,4
-0.750693991222527,-2.4503015794585,18
-4.21905262981652,-0.242293704187961,4
7.74583809096683,-27.8271200865035,2
-13.5397728207827,-5.10197056631486,18
0.601784233203345,-2.61976481975732,10
10.0880800232202,27.2714919709596,11
24.2068283891339,18.8428083474099,17
30.1950619683621,3.20176333257373,17
23.4028912160623,0.53746010406168,17
16.1482843715468,-14.6993991627962,7
-6.8575746552585,17.8282524149256,5
-5.51770395002807,-3.48467961658292,20
-10.9951475503069,20.9571764090516,4
29.2058917527371,1.48167664319342,12
19.0154891939369,-12.4892897085951,7
9.84079791156541,-2.08500308616014,7
29.5245793835366,3.76266395511495,14
19.9080658217768,-6.98665151129561,7
-19.9856993687246,5.66925748855671,19
20.9166806410803,-7.14490944524646,17
3.65934811498229,7.93265472278819,12
-10.7844629272876,13.6037799100163,8
1.06321497315278,7.26393764027383,4
29.5687206774552,0.210278168269184,12
2.24698305337491,25.0207320964583,19
-22.771677355777,5.60732049801531,13
20.0897836106572,-0.231119047959292,17
11.5896649673021,-7.77879164883885,7
-14.0361146811381,-12.8899860332127,20
22.3871955890436,0.723150890253489,17
27.5232251091498,2.34281167960017,17
11.0676174959955,-3.31230366696247,7
21.6136759981337,18.6842821014359,16
-21.2961416095238,17.2752019064885,14
29.0367794970889,1.9437805847887,17
-29.5064383501792,-5.15864806775497,11
26.9845537799237,6.44667867912108,12
-3.26187694930892,-0.547263459892479,5
9.84219096024203,25.615249492286,11
-21.3257114725892,17.3125220755717,19
1.13981900094083,-7.63735880516719,15
12.6525910453025,-19.0457020355598,11
-17.2684077200009,-7.18006261137544,15
18.1260255322469,-22.9526116515694,2
10.6473579603317,2.13124211500518,10
-19.8648480329671,-4.50221221392565,2
-1.86220171205104,-7.96452195772797,11
-0.864598736571195,9.3528126286628,12
-3.09046136197864,-10.6100028781991,1
3.61245763646311,-17.1981799702354,3
-11.3201688432452,12.1721369443077,15
-3.35605010692367,-8.33449659873382,10
1.90033356346461,-14.5931812372683,10
-1.70131258530359,5.64926801160168,12
-10.615955040026,0.78622449906637,10
0.822235296916788,4.66394937929465,15
20.0930104967347,-45.1048271258302,20
-1.74200643467662,-3.92584077353725,5
-2.14213876268607,4.69175162350783,16
-14.3617593663917,-11.2345737556444,13
5.57725938703309,-8.51338282718236,7
29.8529789220489,10.8196320828787,8
-14.567306759496,9.11625556810794,19
22.3489742750257,-0.0406028438904508,17
-25.0951669575923,2.7771298675786,13
10.9020174994026,-19.6002244639553,17
12.5141023279371,12.9174761655596,3
-15.2865737852442,8.74522517821037,19
14.1411309711985,19.8110058278685,16
27.9919128783352,-4.53584607140343,8
-7.93043577037633,12.270587316115,9
1.83309952596535,-3.94797075141688,2
15.464579497809,-2.09736931859024,17
-18.6966518616329,6.62006456441789,4
15.0772744340822,-0.102064368976784,17
-18.6088729115401,-4.82726516461572,18
28.7444184668611,0.326321607832292,17
20.3233960725076,-7.5350832544488,17
-9.52373406983978,-23.3155206841198,4
10.8722433995863,-5.42145979761856,7
-27.6764672623944,6.42092978106064,5
-5.77650115347117,3.79326614827067,4
-5.44893842955765,25.7444783396922,2
-2.33285118961028,0.683879843490195,11
-2.30324802203045,-4.09319668261163,5
-9.67043600588425,16.0170047317028,11
14.0977198415011,5.51727758793801,7
-9.909636367817,12.1096351766826,9
-3.05333959227275,-16.4046468426698,6
-10.0920552352424,4.29038752617282,18
29.0376046723875,2.33246693393023,17
-2.04205468334242,12.3607304113879,10
26.231872879241,1.05941487329791,12
-1.52933195545853,-0.0229606989582743,1
-15.363684005948,0.645789367711,19
17.5324556193065,-5.12240297042906,17
25.7590130721443,0.302291137500771,17
-23.4307542982161,6.19455780001821,11
1.71722346922065,-6.03075732875729,5
-18.9043589573802,-7.0196300606893,15
-2.47687495010361,-1.03818972626337,11
19.1427726810163,2.05676584748745,17
-4.93479269436329,-9.15432138894629,11
15.1570592512663,-0.610049464951375,17
24.4901413897065,4.06246015863291,17
19.1681904947413,-13.2397084690863,7
-20.1729524797003,0.533005313224808,11
21.2341196800227,-4.75340088850802,7
9.96395296296724,-4.87334463689894,5
20.9766596022942,-2.01844953841734,17
30.8402536319165,4.15715974144463,17
-12.0367476773677,-13.8075767866318,14
20.9128534979093,-8.69268640586824,7
-7.5258648184716,-13.4004706940352,1
-24.240835623531,0.83731128312009,20
28.7113264296306,3.07642087133582,17
-11.7470808183825,4.74380963306284,13
-3.57924995340297,-2.241904333135,1
-18.5585024585479,-10.575755511262,9
-18.1932137562754,-1.40165374975657,12
-18.0995480240458,-11.6961038059324,13
17.6675507162717,-6.95509823113598,17
13.9551008889878,-3.267203997509,18
26.791966999956,3.32395947370126,17
-10.7033908227575,-5.03216218776411,11
3.51493649579214,-9.95474313435476,20
3.61327949351412,2.5769674756108,8
-13.9518795674476,1.71757471775841,19
-4.88217806085275,3.55861072248798,4
-1.96151962048472,-6.64605624675748,5
21.9669951253469,4.85692103831106,17
-15.1073905563952,-2.20267947208702,18
8.21423212672194,4.28495891118036,11
-0.526040384868208,-1.43611973671547,11
1.91915090508965,7.68285629012142,13
0.0774578535148499,19.4280189503548,6
4.6315129654126,19.2134420820206,6
5.55360811920432,-2.76124855659166,15
-17.3599442258431,4.23503096747715,5
-2.75566222755363,-2.9524237908856,1
0.6843518144745,-30.6129785738589,14
-15.917098376885,26.7121661047581,9
-28.5513681583657,3.94013403412193,11
-7.90657730447983,13.7361152748141,10
23.2586874451933,8.23750549928366,17
-6.57601652247522,-1.74809844864793,4
6.02501977693417,-24.2215301648667,16
-12.2971634844173,5.52548618457762,13
5.77867009102211,2.31386072035009,8
5.01067509843628,-5.94362954801444,3
-11.5358073447851,-1.19854630382804,18
-10.5267448896042,-12.6475992163635,11
-3.94798957601494,-7.04978992447116,10
-10.4934423878171,-12.3510901618687,15
-5.59321653150575,-23.250800474494,9
28.4428815204063,9.96131544298412,12
8.44006813376826,-16.328556795137,10
15.2046770885146,-5.30293794615074,16
9.11582584837612,-17.5594730198439,10
24.793846141759,1.59259821581452,17
-30.5807008385811,-6.20469671743766,11
-18.5735757642831,-10.6424438584635,9
28.2472289988838,2.27303746920816,17
-8.09551038542176,24.4802062080857,19
6.0744764501888,19.7581415653814,6
6.02541721589286,19.9393914484387,6
5.40834154196916,18.9407242057497,6
0.79158102153041,7.75549084929844,6
-0.778592300746765,18.2946587416524,6
0.115992982280631,20.0271918159966,6
0.0581236608995921,19.4564740088469,6
3.64669621568513,18.9314617302137,6
6.02012889824596,19.7250181596287,6
2.44985615165055,18.9908202390597,6
3.97867013413282,16.0405517279645,7
3.95625027841375,16.0067084102023,6
6.57208810096342,23.1222821370048,10
-0.427778979829009,17.8425930898159,6
-0.369780456318739,18.8258686884791,6
4.86371239821001,18.8669159968843,6
-0.845843043865543,-7.41968979101442,15
4.7932641820777,19.3375793721581,6
-0.314254378083171,18.5864641139861,6
0.790107333306268,20.1322066523206,6
0.0454503658788177,17.5692325938455,6
1.75137293636913,18.811528564246,6
-12.4579686196243,8.04806128480564,11
-0.893466953034476,-4.30626410627856,10
-0.461180905265254,-18.7360169471224,1
1.25125329279386,-31.1670163730028,14
36.3945274644063,-37.8756461227017,9
17.5336003055372,1.65212006881213,17
6.45914245594366,-5.89364322782034,5
3.75873074644894,-10.9466126818928,18
-2.31954826466564,-4.95724973402759,5
-0.0727221265377496,-7.10577285305291,5
-23.161919849552,4.21491197438083,13
-7.20129806975002,8.83414491203366,14
6.30674070803949,-27.9666295052466,15
1.39031080212494,1.61556832900508,1
26.4472235414441,4.6205779547728,17
-16.8694136573828,-9.90579846170656,9
19.1675019026141,8.89653209397799,2
-8.63204098405012,5.12266657725363,13
-2.05256161340949,0.239371641113811,11
30.7310999467492,2.44248682771797,17
2.7905574346004,-15.9128840599976,10
3.88576434557355,-9.96709075489279,16
24.4042424115364,8.34803216533957,7
23.6063489823095,18.7503787272069,16
-0.115954592078834,-13.6500176103699,11
12.1481659235055,-12.2365265807836,15
0.841858743911199,-17.0812904715825,2
3.63924949918161,8.25443608520244,5
27.6719942278827,2.35763627654351,17
-16.5019892513663,-9.02386700031482,1
-11.1686386805167,-6.00993106319016,19
-18.4955763607506,-11.6840026727023,19
7.70054413535374,-13.297291946405,1
-14.2448990612462,-12.2141191027998,8
28.4591507918924,0.827481134526414,17
-1.80034073658456,-20.5632322720211,7
-8.33898383549076,-8.53646395384806,15
-13.1390423987714,7.48583929919749,19
-5.79768425213615,-0.558648620895429,11
12.7421298358131,6.37191272817765,8
-6.27235250756925,5.68095297856292,10
30.0852081453155,1.29736982783129,17
17.026851116437,15.8468667979359,16
9.29676462054248,-17.6352203074883,10
-1.7559624980241,5.86386245665296,12
-19.6237729112311,-9.05090875234901,19
21.6591770716451,18.2205251981774,16
-13.169391107796,2.10774088706337,9
-3.84876738631105,-4.02263568560704,5
9.78958553959685,-4.70202197582032,11
3.58069534833687,-12.9914383287979,3
7.97541605978974,-0.29890353338913,17
14.0010923531844,-9.65799057241495,7
-20.599334984343,4.32683715328193,4
-2.55582344764102,2.6278917931575,2
4.86669061803424,9.75796109695315,11
4.87654876736234,9.74845406830038,11
-13.2236966474822,0.553484654133271,10
-0.833390975122374,1.45317339378402,18
-0.216379251914089,8.84240671228569,12
-1.31503861382098,-4.86460793294753,5
29.1652310396521,1.4862589702717,17
18.3691184017189,-23.1223370597219,16
6.91407191856756,6.10289126263624,14
28.4269454235959,0.941860176097005,17
1.00344900143698,-21.1764562991964,10
31.1085390597095,-18.3614813835068,17
12.2345763772316,-2.71788190385984,8
-13.7459020008298,-0.925706213730684,18
2.3766470060019,2.53863634122148,1
8.63467431232677,-20.3336790538409,2
-8.48021481258795,11.5842496785397,10
0.284514433502757,6.75000985871962,9
30.2800289336956,1.48909948665026,17
22.9201719587291,0.893032947554757,17
-15.3973142514228,10.7530184892851,18
-28.5798231433185,3.933395144316,20
17.1710076403025,-10.8679529349847,7
-3.71081739548923,-1.58868459750312,20
29.0605626413813,2.18774163077961,17
10.5679801532124,-3.07022069840024,7
-1.00626884279347,7.0907208525103,4
0.386979958714119,8.06988374219841,18
29.4357492155698,10.5766794212517,17
-13.3577778633841,0.86402953043858,9
-24.929413674872,-8.13942278625767,20
-16.8158783264199,-12.6432587262002,19
5.6661085607122,13.59501713414,11
1.22577025438576,3.90418351871335,18
0.467337513376992,-2.66599546719813,10
29.7092164928877,2.04733517024283,17
22.5972062252934,-10.632028034172,14
-3.47164209516937,-1.38859072888759,19
1.10678517238852,0.247718028020055,14
14.5260747937471,14.7053351564909,19
-1.21023788822684,-19.641117718042,15
26.8043654925927,4.70922720351026,17
-1.63972355583591,-9.99613411871851,1
8.61332395919964,-17.5123981122285,5
-15.630404538873,-5.74392126346125,11
-12.7219560331424,-2.27801104184624,18
-9.61552257929647,-6.01097914036919,11
-9.67996819247409,-8.88211859768597,20
-3.51567566958995,14.4574065750087,18
-16.2524106301827,17.9809656693286,18
-10.2595399392393,3.00548937633762,11
1.91659970228097,-11.3592565028633,3
-2.25556979762831,0.793289323633318,11
-6.69186033759074,-16.0363600720025,18
-18.6013312464648,4.02834669932467,15
-1.35211344195246,-7.00736471041687,5
-7.69152942941795,16.6019936550554,4
-1.32080453406361,10.5234668772071,3
30.0791652404077,0.851910059542678,12
-2.77784565983945,2.7133723638069,9
23.1719096540332,-10.9646535382397,7
-1.7656722464888,-0.174851013331559,11
-0.48734332580501,24.3257182272223,16
-1.53042852163781,-16.0408082023372,9
0.446146129957906,-3.22065433354225,11
3.21898480376817,9.74917232427571,10
-2.49886742824569,3.03845084115212,11
-9.99344512727607,0.800391292398411,18
25.7039276206873,-10.011536153095,5
16.1319009338866,21.150072073278,16
16.3459979372475,20.6956755665234,16
17.1390652138201,-0.389250175862717,17
19.4202786114003,0.546959092203381,7
7.02790460309472,-9.10284601849529,4
-1.21023788822682,-19.641117718042,15
-0.165782847017939,-29.9317216025655,6
-12.2223775933232,20.4016465167966,4
30.2538480072746,-20.1728298051911,2
3.76485683812907,-7.3952688695392,9
12.7997907104758,-9.27527036460357,7
16.8659591343302,5.21540364221618,10
3.11315921708989,-8.02532624639388,17
-3.15199515384768,-0.932557028691293,11
-18.1844813039254,-1.21840016835615,3
15.9776719373511,-8.47744844028641,7
-13.7919684286671,0.486821912796013,18
28.5369687207149,0.45853566224453,17
16.5406768865523,20.8217340480082,16
13.4116245186655,-4.68844953014609,7
24.6172552068183,18.5657809085005,17
14.5294454180498,6.58343670102004,8
2.51808771656119,-4.5169736118822,11
26.1153204258095,0.410426954914756,12
-3.06993770433622,-16.3585253185569,3
-20.6032511746045,11.1060788792964,19
8.4220207435553,-17.7430576318082,1
13.2904395419722,20.0210316916277,16
-9.64150123657176,16.7732869247686,14
29.4039997831738,2.53308299240422,17
8.74784815141021,-15.6464664252863,18
-22.6298387539789,-3.67360254694579,4
-13.735697853083,-5.20376284653838,19
-9.51326682429569,-5.97156735488356,11
-20.2362659340587,14.062270503107,7
21.3988368242953,4.24467773298113,17
1.88514578425144,4.47269354422898,1
-14.6572698926547,-14.8462528029505,7
3.43744428466,3.1222082181117,13
4.96999390939745,-3.2338076539727,3
-7.82375517514235,-7.13622090495448,9
16.5563127011609,20.8596795518069,16
-0.111246527309382,-13.6698693710016,3
3.08338648822056,-4.07593003066235,3
0.0978563584380804,4.82288372981184,18
5.99740319636437,-1.90926662204577,7
-7.4143697320641,14.2925895364346,15
-0.903321648962302,-18.3771979771627,1
25.7781282614114,-0.702457504875339,10
-18.1557549400556,-5.10821772756447,20
-10.1564403386856,-6.64627213992289,19
25.1249362645747,0.0767490101774999,12
7.91046118478772,-1.91802027478549,3
9.88339731798153,-2.14291082550779,7
10.5056926635631,10.8351359519725,8
22.4385118354214,1.71870571857947,17
-5.84795947438606,-11.9010331633772,19
24.1003281023812,4.98262630881294,16
26.8021445512347,1.69230499898935,8
21.0573106193471,20.725640602794,16
26.256484429312,10.147713220525,8
0.0669458105000163,-3.29287656933408,11
-9.0382416054569,20.9756528999414,4
28.6660643556631,-0.270742234352572,17
-8.61968062971314,-1.93988213781095,18
1.44765820721787,-3.33691028226857,10
-3.34397462967021,0.918640573974428,14
13.7237610358778,10.2677838275625,2
11.857481489787,-0.122158704246985,6
-30.0640761247626,-4.70868879282718,15
21.1273537279164,5.82357284431599,17
1.77318000416911,9.39306225187433,7
-16.6530250711297,9.47839516210298,15
2.62012512130261,-4.74173246130466,2
-1.32633123138439,-22.4426185095836,20
-21.8641371155212,-9.75853866078118,19
3.17280180021436,3.5689099104822,14
30.6775879640248,-20.7143773168735,2
-19.7556705237323,-7.79420939434824,19
-9.86875143727694,2.13214126708928,18
6.44465600983782,8.78472105714344,12
16.3840024256236,1.20931977653903,11
-4.22314960530613,-10.342479526826,2
-19.8597986063718,14.2560104312434,18
6.24783636329164,18.6451084931454,11
8.02285006943191,3.49245015759793,10
-2.60341177646777,5.24512852509428,13
7.32951580536813,7.42093286655484,8
-3.70031282533899,10.5224442259059,20
9.28144725757658,15.2220656220979,11
16.4373344905346,14.5105964338437,16
29.2112213595088,2.05849508210376,3
-1.93675561974314,0.0180523044165714,11
-12.0525521169399,-6.73127642958384,11
-7.86043519858137,-11.5788178466225,19
9.27304860737865,-17.460883275242,17
29.366492506205,2.05846131220122,17
-20.4802908347816,-14.8605330416602,8
28.3996905233686,-19.6380641901187,2
5.49875496160272,8.50976114543464,11
-1.53253477224932,-13.4004525481554,20
4.78768763713303,9.79673822760104,7
-13.1338045921896,-23.2397407028279,3
1.0600500242879,12.3058922515953,12
6.12569166149907,9.06102911505187,20
5.801059850052,4.63761381993815,16
14.9541927315968,14.2403918137529,16
16.1098077157138,20.7641860130078,16
14.2931272973595,-17.0513322975398,7
-6.66079528850184,20.0050196268707,4
-16.6111678746619,-12.62788591016,16
-19.1991961439312,-11.416417740931,15
21.9865550190034,-9.04694268816862,7
12.5360000284958,3.67803369177248,9
28.6312730439073,2.12037118354946,12
17.6074123864799,-23.646686033424,10
0.798728383731017,-0.555560087372778,11
-0.0596992299439961,-29.7629035748613,2
15.5541343634453,21.6272579628907,16
-1.04168552387461,-6.01460264966398,5
6.00140969912466,-1.5453072813985,13
-26.7680711955094,1.2305157901351,18
-6.22764890283281,3.42512266387963,4
27.4269445046039,4.57604943190198,12
30.0215700874029,1.89317350275256,17
14.6636940288097,6.53061530831236,8
-3.01626729255651,-16.6358025326118,1
-1.00340502094845,-13.993663951105,1
22.3631194739165,-0.0304130519916121,17
1.66913452304633,-21.3935198889132,7
-13.6193392324717,4.01428928525127,4
-17.5841242492593,5.49205737653253,15
-4.08184581705558,-4.6598970427655,5
30.0381432751035,0.528828365723112,8
-19.7673714753625,5.20883195813307,7
-3.28837314686274,0.261081740516848,10
21.2801022327817,-0.249473469490069,17
19.594508113679,-6.76705265835827,7
4.04716067135847,5.72322847797469,11
-20.4041845992473,0.33520536015202,11
-7.36006024082015,7.910995031569,15
-2.5926785077081,-0.955018823301527,3
3.97834933129905,0.614117890780911,11
-13.8180539282417,-5.13747321485096,15
-7.49422917643038,-4.81513313836973,3
7.34847353305604,7.56045035508904,14
19.2896459938259,-8.53501908852392,17
21.2982898479211,-4.63097002753948,10
16.949642037495,-10.9984285908721,3
-8.46257302501798,4.97382256244088,16
-7.90102301361985,19.3265534167848,4
17.4071120277643,-10.9588642819671,14
1.78237513333613,-18.4780872936986,10
15.9060292194175,-6.88434179786623,7
-8.0856584397803,3.97732365243411,11
11.7864952007079,-1.74928480332598,10
30.8204338499266,2.90554852560736,7
-6.8855106841882,22.0986818538301,14
-0.924604004020581,-0.44497484489353,11
28.5868315246724,0.380541035413475,12
34.1303742684385,3.48553804621613,17
26.3347353827526,-4.21400050163229,17
15.3042768933877,-16.9309246028055,13
28.0836006772082,2.5887014198387,17
23.642500968555,19.0490689660896,17
-30.352653428787,-4.85512085321377,11
22.1183092409987,2.48338086296728,17
-4.80561177834889,-2.66897505844448,18
-6.37607797079321,-6.27133274858858,19
7.91638408450509,13.2105429714996,11
-21.2027916564341,-12.209506355967,5
-18.5081574385761,-10.6892201987316,9
10.877188834894,6.02233121110315,2
-5.19662308900577,-5.02429719871621,20
-7.4813364182197,1.39300120005038,11
-12.8005710578767,6.92800093348143,11
-18.3112843200976,-0.00663028455051507,11
-14.4640453736757,12.0574463655845,11
4.11248349215163,1.6058672927333,17
-5.30588771412271,-5.603900430701,3
-0.115165273959606,2.20245539464762,1
-0.0646837654127906,11.1748461738272,11
13.8517820048013,2.51215186103411,11
10.3959848524062,16.3931046631547,14
9.10004050507615,10.5651402041593,20
30.0685137462369,0.878205878498583,17
-12.8065139299197,-12.9174489542514,13
18.9464202052656,-2.37116245577619,8
-3.84943391210764,-8.13089710493668,11
2.07018688142816,-0.437570593367049,13
1.18442003704806,1.25963501430276,1
30.0850165136728,2.09365741989724,17
-9.03592270341785,-4.62312177413227,11
29.4033268472607,20.7287754207788,13
-4.76851846470342,-1.55369599971776,11
-2.36653100235609,0.703824579245878,11
-26.7406725335074,-1.84892411184661,15
11.1030146899666,-14.3283263707185,17
-13.2297182881079,9.27617953339194,19
2.20652161437437,3.51704964203823,14
-8.08063973220598,-4.69086863839618,9
-17.371057912425,9.81437052416033,11
-1.45605133704354,-16.1177215426476,1
-0.988430658555165,4.28388213262041,12
10.6807226688002,-7.15985322707299,7
-9.67042399539379,9.85584974540413,9
-9.93351507274796,6.3714142166828,11
-8.11297881356284,6.79307950981313,9
-7.4529785893807,21.2057483177,4
-1.7809831598031,11.7942557533183,3
7.50762058090009,-1.23705705156129,4
19.7902717997074,-0.577181473104403,16
-8.36062456359396,18.5638455034571,4
19.9748230470747,-6.95032191174329,14
-6.58272082386596,-5.43861127100885,20
4.3702991003171,3.21125493772849,2
2.59586168876189,-30.0117512627533,19
24.0220713710698,18.8896498657641,17
-9.18441686035451,19.5269119171854,4
5.89653969614184,-10.4548258181535,5
1.21240944465441,4.92113305945589,1
-11.0263296414161,-18.225799192302,5
-19.9562817221146,14.3400459767163,11
-16.8527226160518,-10.2601563786092,9
-5.52510842480805,15.421340318238,12
-4.79802458630102,4.22077895816174,18
15.5574193071583,21.6418818765495,16
0.0220984845762099,-29.4378477676594,16
-2.35512300185874,-13.0429638847202,4
4.88259371130885,5.77716474994843,19
29.426933060073,1.8715877995,12
14.8339672074235,18.8449364587384,16
-6.34710007023879,0.369425693414941,18
27.7548294409573,2.21270684606445,17
-14.7245578886195,8.25995341675794,20
19.9492016854327,-4.09668127400674,17
23.1433517961784,7.43507321261501,17
-0.38521576593609,6.22230969631742,13
3.36145127512697,0.415458690408306,8
-2.50337668626382,0.671750802544404,12
-6.00649456713095,-13.3067685271983,12
-9.80159229430081,0.311576433792925,18
-4.25021216764465,2.76779238457446,4
-6.80971266700199,5.50331211076115,18
-8.04335118190348,12.3888322583173,9
9.32118554515523,9.52617806106061,3
18.3195130824946,-23.3316293104078,19
9.41194412050993,17.3627992649899,17
-10.8300153226696,11.2623315700862,9
5.74476803386588,13.8718047454983,11
48.305477758958,-9.45874487949703,4
18.8837257028822,4.19000689993298,17
0.749099862169107,-9.43255111612361,20
22.4303114063138,1.6925437933437,17
-12.4787956754034,17.8736909877128,4
12.1145307321926,-12.9684384584918,2
21.5022998473714,19.2230514078141,16
20.185921796208,5.09827361665802,17
0.63360892782976,-13.6564320988667,1
28.6275281645367,3.01498806092193,17
30.7655112713937,2.22647282038163,17
15.8900290702036,-6.94041991504667,7
23.5172559863755,19.0740341035949,17
34.1303742478638,3.48553801971399,17
25.3091802747517,-1.88413667735292,8
-1.45893834490209,2.47174205533213,11
8.80018628287735,3.79627377473933,10
1.6502546463977,-6.21691015132511,10
3.9258542568418,-13.4394747037974,1
19.6576257131474,-3.16986862724027,8
-19.8234920924728,-7.39284899109361,19
5.48190157783682,-22.5255924323645,2
11.6556169387628,-21.2367884678715,2
-19.7836103560495,-9.10719900742668,19
-18.9025477389371,-11.7817989003001,9
5.6920337053124,-6.37596621089315,3
-2.89182662230755,1.70523135269186,4
-16.2707397047402,7.57944221566285,20
10.8296011484127,-19.6460397700075,1
-4.61213440634713,17.4972940439674,20
-17.0969995575784,17.8397104308254,11
12.6110171263918,-9.3373414078826,7
-0.236653662514885,3.58607184829323,11
-0.91078656653883,0.891349217479317,11
5.10841368153303,4.31882004455515,19
11.8273697250418,-3.85090063197123,10
11.824979692454,0.213917558432967,4
-0.348665980780135,-4.6792574042912,10
2.29145818939183,-6.68152289523078,2
2.39355214971537,1.54748053148743,18
4.60881457340336,-6.28216621466263,5
-2.32091158488002,0.750272073967694,1
8.95465035950436,-12.0304966370542,5
6.58160529233227,-1.39659797307621,10
1.19794067344255,-28.7190238695964,1
-13.5690061438418,9.47688706660244,20
23.8759538031955,19.1684897504069,3
-13.7264656044866,-9.17258069629675,19
29.5556906875711,3.44407924041089,17
3.90520499416662,13.4587413418932,20
-11.2732895109318,9.15850634660257,13
-11.6227369012174,0.626610039936708,18
7.8748204934404,1.39983233280449,18
-24.2960957250006,2.38535604364443,20
-11.3980006144352,-2.59652283025596,18
15.9104505357512,9.92156472774735,11
21.2157897738578,-0.250038278905231,17
6.33832827614985,20.1633892691359,10
16.390416731176,20.7374048950521,16
28.3193418221453,2.95189363030598,12
23.9761269019617,18.848653444306,17
-9.14310471017738,10.796247221268,19
-0.160683833318744,-29.8284384265698,3
-0.745947997474979,16.851146534602,6
11.5117125040667,18.7962025041892,16
28.7221716464395,2.09561899692657,12
-18.5940008158402,2.15286297960285,3
-12.4930656044667,8.06408860626449,19
-5.05424501375938,-0.891507609362498,15
-1.18855164859777,-3.27415363207867,20
-3.40569360662301,-0.368261746638375,13
-9.7142867251958,11.1143657003812,9
-25.9991081421319,5.5570267824813,13
19.0707320795312,-25.5815627942963,1
19.1620860301942,-2.3394233683706,8
2.01337893545,22.7164664947081,4
-0.115305954386501,-29.7503916423072,6
-2.65825607827603,20.0190334075341,3
-19.0379458480368,-11.3630676203912,9
-1.09245279398631,6.90374373644975,3
2.83841193025242,6.37288796774226,19
-8.10213714033651,3.92999944036309,15
-18.5621629463827,6.18740859195924,19
2.94996039006787,-4.03942408455235,4
9.46421325913876,-4.46311580921209,13
24.9441144478998,-2.16116699880727,8
-14.7798843176289,-5.10579853647936,18
-8.79054185830795,12.3874295619857,9
4.80974403401556,-10.4470112440188,17
24.1572403618544,18.8696815416909,17
9.18723162876231,-9.27700310265473,7
-17.4166135687033,12.2730124195635,19
-14.5235767245028,-11.0041780750669,5
13.6642379984007,0.879319332393344,8
31.0822241393763,-19.4797126254884,2
9.91728080627265,-5.61939915202505,7
-25.9517340544425,-10.0760410403837,20
-12.7261679630941,20.3272631481168,4
6.15033156617735,-3.55966523400824,11
24.9395255579756,-8.90208364392198,8
26.4857482103031,1.70961670993356,17
-10.6341354035232,-4.95774911026029,3
-8.93681937794416,-4.63799220891387,16
-18.1146537120585,-12.0118135590395,14
34.1303744421246,3.48553802185073,17
8.71217763648001,-13.4768079124797,2
6.89123432308276,-2.25133233113068,10
-3.09230749503984,-16.4351969102436,9
-2.31092999124897,24.8672702098544,13
27.1808638408321,2.11780819351877,12
-0.633189324641427,-18.7492280102501,10
-20.6961222711067,-13.477553079567,14
12.1727237518592,-8.30620440435858,17
30.0342564053678,0.642043951909331,10
4.60313797250291,-24.44509249142,6
24.5469429655492,-7.86069719082121,17
-25.8287945342678,-4.72526171436144,11
-18.7553330415103,7.3850484614117,19
-9.76411599076496,-2.55954821466047,10
23.7472113996099,-10.0034838672897,7
-26.7274489459958,1.13454103919029,20
0.313005466806396,-7.80739942639577,18
1.0068240631309,0.0903814478163425,11
-5.77866805974917,-21.4315872335829,10
-0.604180012787011,17.7862569477852,6
1.35226226494608,8.50347439868266,6
2.89090295033518,17.5495881637882,6
8.66904008842766,-3.03059050388684,18
-3.72093549180343,-12.2789006099021,3
-19.6158837093338,7.56332224971253,20
-6.43434627383866,-2.42680553371227,20
-8.30767994508245,7.76032535837112,4
12.7344018377555,-9.39176403690246,5
12.4719162906107,1.68464666072085,8
-25.9657677133924,4.74996873180312,20
-13.3682018139753,0.112129516240846,18
20.2691792188152,3.52866194663931,17
-7.50047602568547,2.20462570181645,11
-29.2193807077655,-5.68165317681377,18
-7.66185722956414,-11.9486321472413,11
15.640916437637,-4.65728566898015,11
-14.1683853010101,-12.1676346148148,8
-11.0240863770442,-1.09989703507991,11
15.6137466091425,-2.3531705022196,17
12.7339934274129,8.00540893893626,8
17.3524668215808,-10.7420913342537,8
20.6007876621666,4.68820277860972,8
-1.50342983901395,1.32636221204697,15
-19.0678747160411,-10.9872722609288,9
-26.9688494474313,-3.77032935418113,11
21.6138692998378,18.8257218704091,16
20.7706792884955,1.67931774835755,17
-0.730990366601998,19.312686911678,6
6.02405016545951,19.9386716025809,6
1.36661140073558,6.62446044795371,6
1.77823988400377,18.9897801598353,6
5.16635421907026,17.9248584832016,6
4.89020733993681,17.511444715789,6
5.92672252963775,19.9149626330801,6
1.77456269897773,18.9787232236709,6
0.954004850500513,17.6254536569562,6
2.27682610386841,20.5950431273383,6
-1.22281282073493,18.0329039270797,6
3.96617711358986,16.0262587460404,7
-0.666725297518758,18.3506131988251,6
3.9604521495908,16.016573535752,7
-0.491542917556061,18.4286896370498,6
-0.656486541991052,18.2994458639479,6
1.72188489054255,18.3354745664747,6
-2.81794619793833,-16.7343499905073,3
-11.5403534631685,-6.5385998646057,5
29.4337005801186,2.54016158475151,17
5.00331022521486,-18.9171820217889,17
5.04029586753505,-18.9814006884639,17
0.7221221744944,4.15609223563126,1
-0.217740055035228,-10.7129318091533,3
28.9462022397007,10.6245267127669,8
19.6077948238112,-11.3678330852878,8
36.3948524513793,-37.8768421313803,9
8.35762376351771,8.21331330181956,14
4.35767848945578,-24.3195859771463,16
13.0829016305219,8.74376244828793,8
-3.57441283334357,-11.5186673483908,3
11.6609099627722,-21.235849703788,7
30.3955755522441,-20.1802860928623,2
2.18734589072163,-3.74566111043712,16
30.0953111405299,0.602573654414023,17
-10.0196489333792,9.18944959171441,20
-24.4113239712346,2.16629090671464,20
-15.0760020355985,-15.9812457822842,19
17.4870092595958,20.733361732048,16
-3.91913841362601,9.19496262966176,20
-0.862307367341016,13.974664002433,8
19.643311005413,1.24133690665014,17
-0.830259511550514,-1.31623467299918,19
-11.9209808630235,11.7662074264206,19
9.87862931441456,-2.15073745729327,7
5.39402077880969,13.8062308455347,3
-17.3427272138467,8.49782425700618,11
26.0393961949314,3.78106994615972,17
-11.5415029968793,-9.50609856952623,2
2.47155614229467,-14.7730854613069,10
7.24951249818507,-10.7909019996988,18
29.8520677164551,0.382862751970717,17
30.5318684415565,3.06557685445921,17
-13.4396952242276,-12.9830772012171,8
-9.88061521734689,9.0481569120522,4
24.2766519580373,4.31698199158656,8
-7.5669066143931,4.11244995476526,11
-7.20539578331492,-4.64638190540539,7
-0.441590317450739,2.26483508943623,11
-15.1574091578915,4.07308624077432,19
28.2732977862716,-19.6473968985252,2
20.5322543809661,-13.2178344715276,7
-15.3962620219378,11.4541237688251,15
9.16998745091994,-22.9615647816688,17
1.20569713916937,-7.77853753744998,5
-8.01061083023774,13.9574297155133,10
-19.5076833879436,-0.0337817847390218,11
3.38939168338777,-7.04072776241275,2
-0.0779582990475086,3.51513559202231,15
11.9092032586765,-11.1813613050952,3
-8.05351180737198,-2.21133654823686,11
-7.62528335301248,-0.150199633727336,14
21.4184769240711,3.78683670712247,3
0.286494155672216,-7.69379734610878,20
23.3048892944494,9.19998004299709,17
-9.20167452532542,-2.8050665480369,18
18.8273069946788,-23.2157894246893,1
-11.8975999928722,4.80620377137351,13
-11.5408131908579,12.9143404322713,4
12.9608160160863,8.43727813692486,16
-0.0831406564508436,3.4514299837241,12
-11.5784323996555,-5.78422876673921,11
-8.23356868982155,7.71004414538505,12
20.0929308503543,-45.1041910033861,20
-10.8597031870634,-4.56264506416611,11
-2.11524218967236,2.08027545295137,1
20.421017106826,0.279680489542097,17
-21.9416388492374,-12.7329587911578,5
13.1758810609926,-8.61674386056773,15
20.158813862357,5.03225810924695,17
20.7187685559165,-12.9757036035948,7
24.7782760973707,-4.65993805861226,14
-20.5609461377164,3.57765457472764,13
-2.82309037592108,2.68355893119174,12
25.9432130846789,-4.37416463417479,17
-14.8027736279468,-2.33554338936646,5
48.2918367636492,3.48208197018701,4
21.8810731065904,-14.4453806219915,17
-2.96434556756899,13.2577355640046,2
6.5032998933702,5.02200210609069,10
-2.25424735079373,-1.07253492361669,10
-9.7529482954006,2.07871688341825,13
24.1105316582591,-8.54050050723944,12
29.1484850748467,2.32893237000555,17
22.0076947650461,-1.50284231626858,17
23.8029019170711,-3.42990581812336,8
-14.6532256874258,3.92877321343298,20
-14.352505190619,-6.22004698500213,11
-1.59588617289004,-0.00651382809509852,4
-24.372109596559,-10.2732964310815,19
4.44814731854471,-8.27460229832359,9
-7.73063685525633,20.9682829840025,4
-3.82971220474134,-5.06149333646723,5
-15.6333932482823,1.45367763882609,19
12.7580860046371,7.63660334062804,8
16.1586281719375,20.1327539735856,16
-4.18630525568617,-3.00865069759417,11
-2.40141634739315,21.0521484083381,14
6.46089652919273,-21.3890300112092,19
-14.6355301048461,9.24711216741352,19
-4.2721061815077,-0.328193976492036,16
7.02556527606306,12.5219445274495,7
20.660983764446,-8.45878287618412,7
-3.44574344945241,-9.39520971248153,20
-2.96836782167572,4.57769553741915,3
-5.19310272506076,-14.5201369888423,12
-11.9829165081761,21.0639160283619,4
30.4908615455593,-0.0893986733264785,12
-1.59834555531899,7.90747554654442,15
24.1247871971092,-4.67116146621925,8
-7.39245084500762,14.7317533471815,9
-3.52689199524072,-1.46245093104218,11
20.8863466921874,-13.568647667316,14
17.2630026093002,-2.65052064305631,8
25.1368662154302,-9.23479290387932,17
21.0288744446579,-13.1741654501266,14
6.45473346799495,17.0766488693865,14
14.0546688722466,6.70658227286004,8
-4.99768925457739,12.5699717285573,9
-2.56192972006476,-2.16992767125368,10
-11.5992548665697,-9.49844526631723,11
3.31672522544405,1.33884452609666,14
3.31725475373224,14.861580544623,19
-19.9299024616331,-14.2669310421155,19
-19.1921807735715,-11.3668077365712,14
-1.03434541183965,7.21893794114494,11
-25.9055663768085,4.82729830160966,13
-5.40294337548437,-3.26107141370041,20
-24.4453646682081,-4.32842180124236,15
-2.65858465447307,-4.98411695390417,11
20.3098716890493,-13.6143337001166,7
-4.00892400551561,-3.96356164723869,2
-11.1890430890861,-23.284380885541,11
-10.4760364465036,-8.39957945704903,18
9.00752736705014,6.97953416829462,14
-13.4081820933073,-12.9623370185051,8
11.5705301026678,4.68460739832194,8
-18.7730515548228,10.9718829969852,19
-6.01670544470291,-5.81482681795793,20
4.36552484607793,8.55876878325113,14
-7.77920557075936,-8.6787202568658,11
3.56597449440559,-0.177946544101718,5
12.2710915518557,8.77454061133747,8
2.38320745180032,25.1235999566473,11
9.3223503032067,-1.8071501016872,11
25.6080532539192,0.670083727439227,17
-12.8705318714422,-10.4921647926099,5
-11.6475972641003,-1.06317849417176,18
1.31289202280677,9.094732888562,18
0.593047852935912,-1.93190488261492,11
6.25589370351154,16.5457326692791,15
-15.7397038918458,2.69738766446834,11
-6.14707754963711,-3.92660174932227,18
13.9487784275709,7.62226614342258,8
7.34709239050183,-19.1672350537282,10
25.8339360147711,4.47509892123665,12
21.5455194770988,-14.1174249694396,14
-3.18417954725938,9.88804018638854,10
-3.47220368421813,-24.5032505464591,16
-9.36782937539684,-15.1806097199975,11
-3.170857471409,-3.51745205150466,3
3.86648501131942,-13.4549919669629,2
-15.3750927901214,17.0988869332811,11
24.0447123578629,-4.73288972361355,17
-23.4070093020173,7.59665760570581,20
-2.08164204220753,-6.57250750090683,5
9.0987536041604,-14.9228476005285,5
-3.03358678246985,-0.408117526972455,11
-13.564356423284,-2.72865674887256,18
10.9752118988526,-16.6145033709502,10
-22.7354497170438,0.602740855562839,18
-6.81134582012028,-16.3451603628659,19
0.832780455542545,-4.42099534724724,10
-22.4520977817269,-3.93818009093606,18
0.963329395389528,26.1092080645594,8
-2.38937118473148,-9.54507834923936,3
25.7483427061473,-10.4480653633094,8
22.130466328733,-14.4561448992127,14
5.2236750407266,-5.3335359595769,13
-7.28125603908538,-1.03204724255639,14
-6.56077263651977,1.15437513226448,10
4.46889035253943,-18.5926001879002,3
-10.9171656798157,16.3734435472097,11
-17.4881329793075,12.9750170064861,19
30.2709270442588,-8.97135611691635,3
-10.7510800465377,5.33926018080643,19
-3.20420365719284,15.2756768220114,6
30.1717293397304,0.647915843496266,12
26.3608925733918,6.002291433348,17
5.79754909763688,3.28116868300696,17
4.09375144856371,12.7016406139621,11
-6.79205306422952,-12.2803247799896,10
-8.24892942727314,10.1182336736997,9
9.67590595900099,1.1618131717544,7
15.7939516189444,6.17080496438389,8
-10.2196964411564,10.9989837779329,9
6.66951462405074,-4.67113755827816,4
-19.5906535889289,-9.21381778751462,19
16.11148959578,20.0806604454074,16
23.0907280572181,8.1539747568539,17
15.0982325311584,-0.639905775348758,19
13.6603110669335,-9.78007153190971,7
26.2698799389393,1.17188983600201,17
23.7960249168018,19.0173357516333,17
11.7218525358821,-1.6013395848803,16
-20.7638472653051,-13.2182106312512,5
-15.0812997201698,3.09238089795083,19
1.1701368356744,-17.0481021059458,10
-6.9665631653662,20.4481650995715,4
5.46390822981055,-6.77929369255339,18
-15.8095727236785,7.77379677509639,19
1.91818766484077,3.22261089432989,20
8.64603495648196,4.41237067890042,11
-1.30979137882631,2.34875825126623,17
-20.1161162427539,14.1601914751901,18
17.3055748461315,18.8902965960445,7
22.5715395583118,19.5776140733901,13
12.3350738152411,-4.26736116436467,7
-4.32619623913227,-3.33386964722455,20
3.68581018089686,2.96494440796998,11
21.9857036025603,-13.9138580408058,17
-19.5979487735337,-0.312274628799454,11
2.75991785622908,1.16669943023136,14
2.35712091505611,5.2927103761653,4
-11.7725900568786,12.9374384214507,18
-2.44449251395015,8.95342874621969,15
8.0467050049086,-0.037810730686368,11
19.4079070909533,6.97067226707451,16
4.70618948569448,-1.9386560958181,1
28.6027965924229,21.0687125507936,13
19.1198274468629,-24.192308862924,7
3.30315900872001,-10.7768170189893,10
14.531602098346,-12.4975938156769,7
-9.73435898429044,2.39999896830634,11
-1.50303679772147,8.46427919575344,12
11.9992494371385,6.24793685135846,3
-11.5335563368847,6.59440724142969,15
7.14004559494963,13.2728702691491,11
15.4775778665801,19.9061765187569,16
-22.8409416949441,4.13796901164479,13
29.0752260289813,1.66630891133649,12
-15.3185608458289,1.49108089423766,18
4.46953478220031,-21.3028687589298,18
-6.60527859355339,8.83243597258148,19
-11.7332393444896,3.34614251276569,18
-15.7111756495846,-16.9453296658317,5
-5.10152921873214,11.4841004600604,4
-22.3211669964011,-12.3652747558683,5
-17.1281793789504,-0.990820975569521,4
5.00711445645863,3.40537759319799,14
-7.27458166186081,1.77570013757656,15
28.2950120079255,-0.549050671993153,12
-3.73879488628494,-20.2029544805251,8
-2.97957982859804,0.69317525315961,11
-9.76692859342242,-0.783554827206417,18
16.0661007895382,18.87016858196,14
-14.2035988750002,-12.2788134766502,8
31.4358087050254,-9.57613347937671,8
7.59004068328238,-14.6390876087521,13
-1.92394942125484,-7.759801401394,10
19.7265627766858,-8.88054612594991,17
4.98020094848769,9.95331790297901,9
-7.43354023908029,13.146748517318,10
-4.94122942258168,2.2198231099081,15
15.0082535391301,12.778653511864,2
7.9776185456606,-3.95724241788113,2
-5.1503546964345,6.73066589858554,11
-5.99312005717615,11.3032307485303,9
23.4307310632506,1.09320677783362,17
-12.2328068393327,2.60833228300217,19
-8.11929279105897,-2.8570556392797,15
-3.35450728615721,11.446982556877,17
11.0535896046807,-16.5496158022406,10
-6.28441041896534,2.48007139325068,11
-7.1194715651564,-8.1245441545956,19
-19.9850176072541,-14.1909615549863,1
19.8152677807474,-13.0014565875453,7
6.34456617465638,-10.1720576194546,5
-2.09596638245571,-14.9981826306221,19
-9.84842036361137,-26.4797439185702,5
24.823210482465,2.44921167148102,14
27.2718798692191,2.45052712862303,12
26.1339967603942,5.06640623313016,14
21.044375187399,-8.83890450020213,7
-13.7314897551962,6.67701706412467,4
11.7117294493365,-5.69271191470011,7
5.26701832805287,-2.65022378463484,2
-9.63679436397009,10.3364160925202,10
-11.6812208190581,-12.1914264555335,18
-19.8263142599676,-6.47368768236425,19
7.17968764743867,-1.89225727995429,19
-11.1369324230345,4.09025835853541,11
25.063837990849,-9.18499402849401,14
6.90799606758375,7.81966696474843,11
0.996160378510086,4.46314581220751,1
-14.4135253270191,-6.21953703222253,20
-5.17877430522166,-14.5494602827669,20
-12.6135538135534,-0.459606073246986,18
-16.8812998183505,0.248448855185238,19
-3.31456710699037,-17.4931210573314,11
2.18261929987366,11.4551851057615,18
3.38082907249196,10.3827640333456,9
-4.73616393922142,19.8935919830645,4
-2.40972439960313,9.63607904966186,18
6.16865518789422,12.7477936191213,11
6.72952998876361,11.380617652282,2
-11.0222674362966,-18.276289270506,5
-16.0878106488831,-7.45642374839604,3
13.2378573123426,8.13700195546273,17
3.24851728449434,-11.0183185417372,10
0.965038074347235,-17.0738378538315,19
27.4253938556181,1.57017416879161,12
25.7058884247347,4.3830107902895,10
-16.6062301277011,-11.9513270780174,19
-17.0379765221203,12.6487196573048,14
-2.8305819089278,-1.74662303335581,11
1.59329357940725,8.9676087528137,15
-5.42676989258664,7.05373808791248,11
-8.27310516458732,3.08786330400927,3
19.4853111533555,-4.17687023067263,7
-9.44715843108611,8.70993068568699,18
-3.28518708438253,-4.45606526441265,5
30.2831643581488,1.49801681530674,17
-21.6805465002659,-12.7207893050883,5
9.20599948878596,-22.8841810125595,17
-12.4040222870617,-9.8495546427558,19
-5.5655271232845,11.3558253335461,9
9.05835934917973,-16.6139647791141,5
-5.9849884624168,1.0869578658223,9
12.3411577271615,1.01451842884266,3
-10.4313809659517,-26.2790800669908,7
29.2521373645446,2.59323713998679,17
0.533838979598176,-26.0865365979587,17
-16.4734634705206,-6.4717046872347,19
-18.7241409846467,3.91644819791381,15
-3.53687536373835,0.421429342298908,11
-2.32799207556429,-6.45237533807524,5
19.3968223915953,-3.57915837935827,8
19.5483027602242,-10.4940300282267,7
3.21710637372967,-5.59217445737745,13
-12.6292328805994,0.608128312011943,18
-6.19575014394128,0.873455211713164,13
-2.52051113268101,5.75852986289384,4
19.2411180687099,-0.215507126642069,17
21.5140960075005,-13.9784028406873,17
24.4229764170694,-9.39682634124376,7
-12.6681111265087,4.96438140094967,15
-10.053205371073,-26.4557779922022,20
5.61293071951858,-5.84467276234827,16
-10.9353345560553,20.2645069517524,4
-8.13700483573768,11.6391068089418,9
-19.3172556215472,-6.38667781661826,19
10.6531946439529,5.98331030213396,8
-7.05956652303187,5.8448276253491,11
-16.1118465413846,-4.53709070305932,20
-1.84419437709844,-0.131789140118145,14
-13.1603430965057,0.501514760785899,18
27.473718686602,1.96145510646895,12
-2.23031523767068,-28.5710295279345,3
-17.9893293212712,-4.05521009896344,7
-1.62408446207698,11.4972528671235,9
15.5294017341764,-6.97334548859071,7
1.55134270157105,-3.03582512894528,11
-5.4842453512953,13.7869939711584,6
29.8541484795241,10.721501487391,17
-15.5687688851888,17.0407986807135,11
-11.2823732282655,-2.62727333233344,18
-11.3071346471388,13.173248320521,9
-7.45018630126088,21.9804498052581,4
1.722268539277,-10.1258527143211,16
17.4909462389498,-8.851673839928,7
15.8496982149981,5.09140964806398,8
15.8867300400953,-6.89852867320528,7
-1.70742576164757,11.0692794222921,14
10.6816702605128,23.8897042118737,19
4.2554927582012,1.2058372435059,14
-4.6007662614973,-6.02728221920559,14
-20.5056448449992,0.566640263637132,11
9.72180643685733,-2.06502945732694,2
19.9753112313574,11.8239396454697,16
4.03300394465602,6.74590164625771,7
-2.50147188812187,-17.1264455280483,19
30.2561732813856,4.46080354831581,17
-5.898976923482,-23.7519249245588,11
20.6524061988177,2.93640907556047,17
20.9148798061928,-6.43174534149236,17
-7.42756683387038,-0.115889167685217,15
-15.6521207510447,5.63982939294643,18
23.9734790666786,4.00391739926475,17
-20.7069334498687,7.48789046743402,20
30.8417680653846,4.15011024079565,17
-19.9970474191357,-13.9234349709061,9
-23.4019828571589,19.0966698003856,19
-12.0210511551814,-13.2703008048207,5
-18.8853327042898,-2.407514112257,15
-6.58841734583214,-7.18917564505609,3
0.647040840304578,-1.97041205719869,2
1.79356997996776,1.29560834352934,1
12.7098526913888,-19.0739772935165,7
3.96733505085727,-26.0819733258113,2
-5.53301509249479,2.9663366809556,3
-11.2854308030154,14.5722077274119,7
-2.27532936367194,-0.541613425841281,11
-2.72782684395704,-8.33048423976565,20
-10.0838727837604,-2.37320284357251,10
-7.30612789126032,-14.4360085331129,18
31.170150751874,3.15876769449728,7
-3.7576967803284,-12.3085784619565,18
-2.9871514195821,7.2671027827505,11
0.37314073969955,10.6988529294624,11
-0.674831396628857,5.15916450274934,12
17.2177107082165,16.6602657256039,16
-8.80049248205874,0.644391936822467,3
-3.7838622718727,-10.8841469244907,11
-0.749140277821627,-3.74407891794034,10
0.507652645332237,-5.78937067081104,10
-8.24222439118561,7.30220618354907,18
6.26454204951931,-23.183663285613,2
29.38843541781,2.60050028071629,17
-3.77600722007891,-20.2660973361396,1
21.6216873165004,3.27723702759316,5
6.15604981469395,4.55620417125198,4
29.3156935710427,20.951322805941,13
-6.88345338306287,1.885784198101,18
-2.52958957283271,-27.1162225420408,11
-20.0878503856732,-14.2592189068132,5
20.2112365282618,-13.7712121238805,7
-0.302787865855687,23.8032601669226,1
-10.57556509016,-7.40851230275667,11
-8.57826336356086,21.0886561245998,4
31.4795437631369,3.36458742538208,12
31.2077056945556,3.25019416900794,8
-13.7563008723295,-7.76920446153084,19
-2.85780889105226,1.70539660239,6
-13.4805950839148,5.34191156647935,11
-21.4243060035481,15.7581040158247,11
-8.82603530153704,23.2700006683335,4
-3.13819755850773,4.28886343470958,15
-7.37590665732695,-0.15067136359215,11
-2.31653477274732,19.9074461403323,6
-26.5648268358389,5.07210708233663,13
24.5139202985348,-9.27434678910594,7
23.8836844513082,4.03608502449101,17
20.3116724478262,-13.7098902820352,7
15.2446870999789,7.42448970279124,12
29.708989710162,-9.3113813816039,3
-14.2686615528495,0.332647392583807,18
-8.37948186059505,-4.4151430956793,20
-10.8630960468073,-4.79406116208711,18
-19.539666688614,-0.225385995458273,11
3.44713454262785,8.73801679720211,2
-27.6248440535148,6.24568228098254,13
1.74223637444482,22.8199563851417,4
-15.4241440791394,7.03846857209299,11
-0.837159818540707,-28.5671496284973,20
-4.35009463937683,1.71819685252787,18
-11.2793009705648,6.2719300313608,11
10.2911056759214,-8.54468119941316,7
-11.6815776362715,3.35022206638227,11
15.3806257718938,-21.6093061807919,14
9.94746785238098,-4.78479998312812,7
26.7362777985889,-5.3071589920355,17
8.02450074492149,2.46326079805432,13
17.1552494360831,18.7712430332182,16
24.8010686346783,6.52552884798968,12
3.94228306801394,6.03664250915566,8
-13.3698444346096,4.82128277801717,19
1.83016011499124,12.8019135477375,6
-8.12096001424014,12.0364611318339,9
24.2061073247574,4.99726756509356,17
1.17583298960634,21.8388707151452,19
-3.5981105820684,17.5052929131808,6
-11.8222263005104,-3.05498729248037,18
20.0452751384235,5.17301933510773,17
-20.8822190000244,-10.9844722291802,15
7.30469285151616,19.6029030830778,4
-0.474170501342537,-3.92999510119673,10
5.54389679736465,13.8184330090971,11
-1.0207563177165,3.46687012336342,11
-9.83071406903142,10.3455782759792,4
-2.0320380042994,-20.4532297455269,1
1.43665658563383,-11.4751150397603,3
11.8957150795639,2.80729581992609,3
12.7593108235012,3.0527781905756,19
16.187627999901,-14.6326768298264,7
10.6402786227295,-5.26016402110691,7
20.0491997064719,-0.230052942582994,17
0.297105966155191,2.92353146575333,11
10.8294754647377,-0.61605762830634,7
24.2238066148434,-3.52154319735064,17
-3.76466996107453,-7.40093871788117,11
11.5539610917967,13.1966301245529,16
29.0884739420555,-16.2440093584129,17
21.8881512183957,1.176238931071,17
30.4190434662454,4.72683230528026,10
0.820624811219058,-4.80745692122319,10
-0.651206350230725,18.2983528614281,6
-14.0211587579421,2.36943791720536,19
-10.09029268822,10.9984552946805,9
-20.823370937338,-13.1811574237231,13
-9.63483331003233,-9.3686851949109,15
-13.1274933674412,14.6378450549971,5
-7.32433292792982,-2.36280332797063,2
-3.82892012157323,0.162665621230621,9
21.8188578961062,4.16776802769962,17
-1.64751432461292,1.37656023430562,13
-4.47667706161811,-0.980035684522816,11
-3.96214113454323,3.77131454768511,11
9.41343657055367,-17.4356699737949,2
1.70314343542072,7.45930555864447,3
21.526239679047,-14.1419284208802,17
15.2476224592568,-0.460045715256377,2
6.74205137613901,-10.685471318126,5
28.015349666961,2.16940639705148,17
0.235545330178069,-21.1021588732213,9
-14.19193551516,-2.66577735545464,18
3.1196599048988,11.1474955473729,16
1.05944733193675,-13.1607269791773,3
2.58065086247408,-15.0782834215854,10
0.488980147907061,-0.460129962704174,3
-11.3653269648053,-11.4510479271834,1
11.5113571532923,7.57663352773928,18
-13.4264641953655,-1.20196948447177,18
-15.5059561024311,-18.8595135002532,1
15.4768545647248,15.6901048173462,16
-13.2889058083436,3.71362861509572,18
-6.42920422473211,0.904085866811147,9
23.279663839901,-10.7353080382459,7
-20.3659338871778,-12.9048627837329,5
-9.56262350444175,-5.06484073730486,18
8.1699449285643,-15.4867735619778,9
-5.23304184635532,-23.0053773979994,9
30.4519293046241,4.68920712221262,17
24.3656254607162,3.79480191350491,17
30.3894233954191,4.70275350749876,17
3.62367651533232,-17.3110987625072,9
1.67113120153633,16.4581190112548,6
-1.2545958266654,19.1597891577794,6
-0.291879111356141,17.9851405207035,6
-0.707213045418919,18.2213912951667,6
1.19878764313865,8.10386917138952,6
2.81245394790834,17.617293826188,6
5.49861208960709,18.941136421042,6
0.526754484215401,7.85228561770399,6
2.13571020621745,-13.5697929726965,10
-5.27734538294467,2.912472849896,6
-0.817595737982412,18.1865207454606,6
-0.893446834211707,19.4697620548773,6
-0.711751915947575,18.0832406391266,6
1.51644081074685,15.7293190057503,6
1.81745980115612,19.0570872050738,6
22.6581298487345,13.3235266499581,16
1.07338104222896,4.66903199646248,6
-0.787233735419322,12.109381579174,6
3.85723466725768,15.9303724044176,6
-0.135969129553486,19.24377567738,6
-0.953161232130135,19.1993696912969,6
2.66374148416539,16.8510916729307,6
-0.757335924162345,20.1123046508442,6
6.39901093277743,-5.8573198082994,15
20.1931010797206,14.6269541481128,16
2.67805650843465,-24.3906034872828,16
-8.23360357633079,-10.9371389537912,20
36.3944025325886,-37.8766029061484,9
-1.11054041676834,14.8497482358413,17
-1.72320094944522,-1.26172585813343,16
-4.01342704541505,-1.31339300376155,1
20.989324456263,-13.6984228982881,7
23.057752482918,19.0365614985504,17
-12.5414579670389,-15.563132698136,5
11.8313982495496,-6.62226403751855,11
-26.1661385253698,4.56355980664203,13
21.30457049508,-13.970376568289,14
-7.04722308974212,0.976810513681966,11
20.8027519100904,-12.6221505936694,7
9.1857356052104,-22.8819974021262,14
1.16324229216886,10.4329594683088,3
-9.58929717396177,14.138092356957,6
20.9289328748605,-13.3383624815017,17
15.1124468947183,14.3117224488881,16
-11.3445849101786,1.30830435483654,19
6.47334571657649,4.59817769937681,4
-18.7304026023413,4.28074993344337,11
18.5291166875623,18.405641122481,20
-1.37877895228189,2.53692389261054,9
6.51497162252229,-12.533660154122,10
-7.01099446716738,12.1392702359306,9
-11.398394467957,17.0549861664015,1
-4.6493822718729,-4.72628730296346,20
10.0823971668679,-9.5195599580254,14
4.80382921848843,-24.3617237886422,16
17.3290863955911,-23.1893520132648,1
-2.69951055820759,-16.1986514449946,3
20.304111544209,-13.5878647056458,7
-20.8266519044946,-13.1196737875626,14
-5.71031558269395,11.5148774200892,9
-16.5384144568213,-23.8862405774307,3
8.98128961279482,9.40198191991056,4
-1.8419943433662,-1.88977848104215,3
2.06729376050959,7.1898089366822,19
20.2351635294418,10.5608728940873,16
-3.29701122064811,-17.4815247789473,1
-21.7952275203587,-17.8105353068359,13
18.8732190309169,1.59416123054556,17
-9.06897058985419,-4.88101469559791,19
-12.4031134523744,2.33716276515041,18
3.89745518134165,-13.5427235382674,1
24.9574310589445,2.97917901385011,17
18.6625603133997,0.487487504693505,19
-3.9491784357739,18.1935048068805,6
-12.8772473871548,2.16357886164922,1
-20.9381727725687,-10.1042923254919,5
4.33751358572396,-1.69178842717587,12
5.66498263800299,0.902648715620822,4
5.05533766249054,-21.0770136130858,16
30.7915561274849,-20.7390597582437,2
10.3367899831479,12.2903804780524,7
-3.05684018960962,-14.787901117944,3
1.15460065325905,12.5482984866711,11
14.0067627635265,20.6434684103948,16
-16.2712723588204,15.465274644926,13
-0.81772494120235,-28.0834872828098,2
-13.8810349006297,-8.91259048679817,9
-2.21099615889558,4.81859867829579,18
-21.2418724263611,7.58349317334324,20
4.02744086284364,2.97771835157084,5
-1.79431410949023,-0.0874664344348263,11
29.2894882296747,20.9735303138768,13
-6.28211797869448,-11.3732158579562,19
-12.3465280353403,-5.19103452998169,10
4.4255903945083,-24.4523938308185,2
-1.53145650677709,9.93386419813854,12
32.6650025255328,0.989275263210497,12
21.1583885948045,-13.4031379201562,14
-2.8100977266913,-13.6109857253044,3
25.6062024139019,0.352736891650856,17
10.4720263977437,10.8727260045725,18
-26.0007788560343,4.50031731983029,13
10.6818079499274,23.8609861182207,16
-6.23637612837083,-5.35237838975359,13
1.92096345842931,-13.9637103587886,9
-17.1204713714439,9.57696530428855,15
9.63938955684942,-14.9276543978877,5
-3.95683303373709,1.94031259773302,4
-9.80585272024668,4.93266269495756,20
-12.2068568872151,-2.78521883755918,18
-15.7461213839679,4.7251929030028,19
-2.70506463781115,-16.1841277029931,9
-26.2752700702403,-0.259505910241422,15
-10.3687073234329,20.0619723143773,4
-14.4531272765394,19.5057884530229,11
-5.42377882901487,-2.77487604698864,20
-12.8562375194097,12.0137812402209,10
-2.37907840367705,4.28336522219352,19
17.2109772362727,16.2853593462032,16
-6.80346054059056,5.55938779317517,2
-10.2399725765011,16.7641843918981,14
-0.142650052440623,-29.9336851230387,6
-8.05971569070651,-15.4173669789061,7
-7.72652758240657,-16.1256241066435,18
-20.0582730667316,13.8888161756582,10
-16.4923819822478,24.0968869420399,9
1.68148370090656,6.0638867828216,10
18.4088914061519,-9.00763382280601,7
23.1972940298751,18.9927025837996,16
0.590428372464203,-9.04137279371999,2
13.9919009518593,-6.38620805528046,10
29.5538978829892,12.3245043740807,11
-26.2184056513936,5.1299438120956,18
-1.76666321077191,-4.47946254457492,5
-7.22788999782404,20.7804314632084,4
-22.8998531759444,-5.86140394104191,18
20.8697469244897,-9.16804325146715,14
8.01695609359206,5.87823365464566,1
11.6126838388848,-5.22325422815642,7
48.305477758958,-9.45874487949703,4
-20.8614218716273,-13.0972593139716,14
21.4181114762148,-14.128915051981,14
16.8837181290489,15.8596830482964,16
-1.02093810048883,-0.809279463587257,10
-11.6530943618997,-9.5590815325504,19
-14.7374117937228,0.0839243188263745,18
-2.30064223033834,-3.40608914639468,5
-12.5392760211453,8.23421800129744,2
6.16865000675507,9.69935123323769,11
2.30654564358587,-8.02387028184275,11
-2.03753735216131,0.207649075740605,11
-6.66747092111365,10.4338277525887,14
-1.66104287968558,4.02464675591579,10
-15.7418471748143,14.1520695938703,13
-6.2628884122105,4.12078035723314,4
-6.26061417729167,-11.368370221665,5
0.236939045510058,6.51793578196142,11
-7.07260482668006,-7.20638074931016,3
-9.13809681597616,7.49567990912834,18
-2.22580036015946,-14.0775500795632,7
12.6927713402433,-7.7355184098656,7
-10.2140992274319,1.43112965637426,15
-18.0616563197057,14.5804870116259,4
2.36344066190083,-0.0435381388908359,18
29.3179603151511,20.9446777610408,13
12.9983763107487,-10.5427000243244,7
23.4208400946988,19.107388657431,17
-4.39426822016997,7.5461305066,9
-18.9380294397291,12.2781866368341,4
-14.2134860855344,-17.4656645789839,5
-15.3574387221671,-1.65460179192411,11
-0.158021139542174,4.04156782392227,1
32.2032206203954,-0.0815097039501226,8
0.71633611636083,6.40218151737164,1
13.5201592319351,4.22057447846643,7
15.8368771773046,10.8609749101727,11
-11.7547900520233,-4.57156429718527,20
21.3390911505212,20.0703282127051,16
19.064159319516,1.91440648660444,3
-18.8911519641624,6.89432045806742,11
2.69218685173592,2.55754599600472,19
-0.844170821394771,-28.6192752974129,11
-21.3604459804962,-2.82657783665383,18
23.8736294519841,19.0039804368143,17
0.330302457442562,-20.1501927445108,3
0.840548879289392,4.23758962451157,5
6.6352855178731,6.82375145141196,11
32.9970159529079,2.47424921564,12
-10.0041908926672,-9.54321280234641,19
-12.4214387573171,9.12111864217496,9
-2.93020678354154,12.2646035446931,10
-21.5925065497251,-12.2088273891314,15
-22.4678874282093,-4.00446536079449,20
-12.6856032374081,6.28082165248805,11
22.2561883571299,-7.21616153617329,17
4.15700053083285,1.51566834259464,12
-2.63766246454122,-8.6693606227339,19
21.2445861469627,0.736182296026309,17
-8.08850951951096,1.66804713752231,11
-25.369514401186,-12.2715857277398,11
12.3013409968373,6.50508853576425,8
-0.230645451484445,-10.8739336651785,3
-7.83649360384509,12.3318437854092,9
-10.7035236710188,-4.70683137637427,3
-21.3221362423183,-12.2179887799295,19
16.4105982366529,20.6821619490073,16
0.70750764263978,-4.3130567329595,10
18.6913752596596,-2.20568203923974,8
-5.27297074048579,-16.6455492207505,5
16.8501073029435,-9.89809408253643,7
-16.5387095431263,-23.8866388942254,3
2.77052725167937,1.68205917628652,8
-4.63327484504157,9.59887716292078,6
9.56419116430487,12.5464508869633,8
-7.10660573420505,2.26966561299169,18
30.8560337387574,3.12949810618579,17
22.937842584784,-14.3946675706653,17
2.78884095233011,-7.57027577434578,17
28.6591384945963,0.351818181983179,17
19.203891903312,14.6670573505404,17
29.4831614165413,4.58421984894394,17
29.9036510896719,0.510970939473753,12
17.6075022646327,16.0389712807815,16
14.1485323968134,20.5416269743071,16
21.6999882270245,20.2492412989873,16
19.500639104562,19.9013373265578,16
-6.81150898897686,4.44925755606662,11
-2.41032674384994,-0.753299051778229,14
4.84987987768207,-0.0164397586471926,14
-30.3227278027529,-4.7033049419748,15
-13.1448815661762,-8.97080646065366,19
16.7651899574669,19.1857557701373,16
15.0146187540964,23.0545768849213,16
21.4835112635865,20.2688473532405,16
18.523789867916,11.7933313393749,8
27.9852628870664,-4.45991903060673,17
22.2890886731493,-0.179420656887393,17
21.4902701338756,20.4210486345978,16
-11.7604881636789,6.22335595391152,19
14.9849508360773,-12.5419755450473,5
20.7383507883698,17.845488759223,16
-23.2675813432854,-2.59075802358243,11
-24.7389618482562,-2.52548020325865,11
-8.50847514732099,-6.32970095988425,11
-15.1315251090455,0.632284148921595,18
5.82278518518633,2.13969143083986,7
0.317127198492503,5.70750783003506,4
9.00580663694355,5.11620359820107,10
-13.6392908078578,-3.19227102962636,18
-8.57032681320748,-3.49330998060041,11
-8.71158968951124,-17.0667198560083,11
-1.99117679334631,-15.3050753880244,9
17.0798027992495,15.9334788533145,16
3.71295629838136,24.4404430892907,14
12.3002555286843,17.2325743773245,16
2.05309687589776,5.96803365250021,11
-5.90162354026689,14.3615892305448,11
-28.2127826702882,1.21313344438765,15
3.55669328715622,-4.05191856156495,20
-7.3303020259479,4.16967312444248,11
29.2925687144261,20.9529765006639,13
5.05545925765008,-21.0954303485518,16
9.21611909250403,-22.9078070484238,12
19.1755819166442,14.7259037884564,16
22.3723676659708,-14.5248086950006,17
-0.0458922946672545,0.867289026445385,1
-0.871461947922257,9.96366965534252,12
32.1300485241125,0.230436071462686,12
-0.999329322306758,13.0335160133268,19
-11.7570403394176,10.6269479512782,5
-6.8840560754173,14.8644719114701,4
-13.172300471799,16.2833713740379,13
-24.2046671041985,-0.275595573724148,13
-1.80536261503871,1.14081288882322,15
1.03805131562367,-5.88626544395676,10
21.128722197077,-13.4211840425081,14
-16.7468089470191,11.637474736306,10
-0.763852801416891,-28.6794065616061,11
25.5712818418703,2.51784866784044,17
9.75828135084373,-2.07211340790371,11
-2.74059998962795,-4.79299844212583,5
-10.4310600077189,-21.0347799097932,8
-13.2606417988541,-10.6567821091871,15
32.1842373077024,0.530663723221997,12
18.0802438351274,15.1054793530548,8
-5.52518551997801,18.0104723950966,3
31.6742417069522,2.75233067695688,8
-7.8530552674624,20.3040835719078,4
15.0480686901777,15.2011645412378,16
8.70012850776911,21.7309014927038,19
-18.8421472220806,-3.79034333466301,15
21.1506377695566,-14.5562185748647,14
25.653985858839,-9.74836215135214,17
5.33579835569949,-24.6246269434615,16
-5.93777402200453,-4.17305079489022,20
24.7776047000487,-4.68722981325568,17
-0.77787453050513,18.8774171722667,6
7.75560527683265,-4.70461841139326,8
-10.1111764231766,-2.01744586996764,18
-3.0483366305021,18.9839916601353,5
-15.872406106559,-16.9134989038975,16
27.907897827888,2.36977850705624,17
-10.9922913617704,7.79565756084722,4
-12.5907935241932,-3.17569049423498,18
-10.0639029124026,3.2844159118229,1
-6.46158138802875,7.07588587265719,11
21.3009180416646,20.6468377022648,16
21.6094958031364,-13.9798652659693,17
-11.3721174037081,22.016177408244,18
-1.37454986720025,3.85290731983728,2
-1.02043627907623,-12.9007746202771,3
17.2433156511241,-2.65673391951923,8
21.1013529805177,20.7350223879059,16
-4.41065175500082,-7.80135570157392,19
24.9874323096373,10.8020977282256,8
-3.12665495977311,-14.4978486078275,3
11.5482723072699,-3.85653919104987,7
-12.8048059390315,6.25847690404951,14
-3.52618384660426,-15.0994067723743,1
11.0872631289528,-1.12265618020661,10
15.5433364161832,-9.76027125459429,7
13.6903427679465,0.785240018342063,14
-20.8503887093098,-13.1342970450493,19
0.665252841138791,-15.1284798317382,10
25.4799646179056,-8.81678476289245,12
12.5933348730322,-12.3564624206303,7
22.100938691864,3.64778937920934,17
12.8999689341489,6.85550754810527,8
24.7086503128049,18.1264101935242,17
19.6904694287681,-3.95498701635013,8
21.4095763714229,20.5610429406472,16
23.7050650380548,-4.89652007360746,7
29.9074323547106,10.8773788696434,17
3.26033077859287,5.90564118365733,16
-30.3562626698145,-4.86750884323441,11
-4.25267281817686,-6.6066039296007,7
-16.6768571680388,20.0936536241566,15
-0.219471240047233,-29.912246584708,16
-7.79364940540539,4.37232922822519,11
-17.2300353394611,0.637159584013481,11
-7.32315774282901,-4.58725101616555,18
-8.80034042072603,5.78320519882844,11
-11.5012885223866,-14.6840847563988,11
-0.385592059473903,-5.75604178646384,10
-2.00430934261287,-12.7430615316999,3
-11.4132706218361,-0.856172566859517,3
10.4337238471726,-9.83007725065228,14
27.1005809491522,12.5065731746281,15
-7.00772692785048,-0.916050517495959,19
-5.86638231949051,22.3934255294256,14
-11.1838821441525,-18.2633317535506,5
-25.9865365254263,-10.0675846076487,11
29.9219626585936,0.515714672113289,17
8.66511761017709,-8.06417739190247,7
-18.4145631569054,-5.87048574251758,15
-9.48200106054387,5.33970508967341,5
-11.0105412265271,-3.19128470319262,18
29.2482705000054,20.9408525626987,13
-20.1790806037756,16.4981569927045,11
-10.8566886875108,-8.84400938546469,1
0.701008503268196,3.42136290110307,18
-10.3029270298588,18.6519159295424,4
1.79273126366799,-2.97213401924387,11
-0.223164273563815,-29.6609470127137,4
6.25778602945342,-15.0067696632489,14
0.518681055037044,26.3453631125743,11
9.50751549445899,6.83161974460938,12
-17.91573737014,7.74996821039305,19
18.7424211418523,-23.7978380444457,3
-13.9047468053921,5.81290055338485,10
30.7393032261823,3.75474849433186,7
-1.34433498485115,2.14799253583356,15
-11.5422971447023,3.18836481936223,18
-11.1952284896292,-3.53675461844927,18
22.6967343984873,-14.4587635839635,17
-8.56547311786348,-15.6335360769698,15
2.81213793372264,7.53110773418132,1
-0.119145774704442,-29.8034023554445,6
-0.0849499880648367,-1.86609922691312,11
6.25528638704599,-10.0306665070386,5
22.4553412213963,3.88388927830292,17
-1.73432355971292,-16.2985624931685,3
-2.50950951719876,6.98245003052464,12
-13.2246702319985,1.77397132108252,19
22.5240347736484,0.396413798890559,17
-15.4298227207572,10.8168853026655,20
5.93830260077164,-4.94326212420915,5
-12.0979002534302,-4.57266819284303,18
-10.3464238517801,-4.93468722822253,11
-1.70472907951373,5.22113305638644,15
-3.25029238092598,-18.5977278909081,1
-5.02968563717697,14.690226165785,6
-1.12229948142399,14.867342226289,11
-6.20322933161281,7.17048692113096,4
-10.1542495119779,17.0344708207582,14
13.0033058202743,-1.92956162158797,18
-1.9203788873528,4.83791908227389,11
-7.73766112480149,12.0569304020927,9
16.9575997387958,19.0972218167541,18
-13.6635021426777,0.0467151058472641,18
-8.28868359161692,-7.1109516586053,11
9.83956344242485,-2.0707407738356,2
12.3894640315825,-14.800367900714,2
28.0814945175156,-4.69210282255289,17
-0.25490301241945,-30.0196264194571,6
27.4105840605323,0.603004993916697,12
24.1921571376263,-1.87181727616842,17
-0.440358574044582,2.93084849495698,1
1.48449006839767,8.96668786802769,7
-12.4470696460832,-2.11704890526907,11
6.48550504906508,8.58159693713675,11
11.8751372534065,0.118295644325425,3
-4.83615370860903,4.93323637682614,16
-7.00880518142696,20.8113351329127,4
-2.13641727045384,-28.8242905610733,6
-9.68333475112095,23.0004974875162,4
-13.4585209354368,-22.8110788249887,10
-9.71521735028251,0.316751363804301,18
27.4619353655435,3.32803744475481,12
-11.5580978342352,12.7038942204965,9
-1.20827419069882,3.17784546922882,1
19.4156784124719,4.41762622579561,16
23.1188092350128,-4.18663022357994,17
22.9325995462313,-14.3964406443454,17
30.2867141680781,2.05593853925686,17
27.419980277302,0.580097201366878,12
-14.8099222641585,3.90395006823755,20
-0.724810219327685,2.27233102902919,11
-2.91898099269518,-6.65240182557711,10
23.6742973115822,-10.7318683724083,7
20.7619543916147,1.67714991542231,17
-11.1712532547865,-18.1042110908875,5
22.2116304754857,-13.5589961463855,17
-2.14215389170544,-10.5882712830033,3
-1.76798707792484,18.185665711527,6
-18.6232561226122,14.7193290293613,11
-8.83901549609637,4.58046563960882,11
-18.4607149135614,14.6968291045015,11
-11.5956620381417,1.14053248980234,18
1.66302309686211,6.99905985100519,11
-16.7251468622153,11.6162484738304,19
8.44490367073491,-17.4950070029838,16
-20.5346198337448,-14.5736059747213,8
-1.01923442178838,-28.6870169242873,3
-17.0036785058457,17.8423031408101,11
-7.3573584222581,3.49354915960863,11
-23.6192724779862,11.76440873148,6
-6.38686662246548,7.39853684798733,6
-20.7177904903639,0.826498051876846,20
-9.61150059113806,-9.34627217158613,19
-5.03283026616951,2.46012864357292,3
9.87649113681317,-11.8269613913595,12
4.57639203674919,-4.64237993029268,3
-7.60034688796227,4.57151260301802,7
-17.7775033525288,-16.1264242106607,20
11.2891097732419,-1.50078892814006,7
16.4484282530048,8.25364854473926,16
11.3872936677776,15.3892664082223,13
-2.78456743824117,2.4324262457271,11
-1.16144812015436,9.24879977360533,12
21.1275831587626,-14.255633292187,14
1.63960924653166,6.8637005406664,14
-7.05957659226018,-12.7861607621646,5
20.0526349006494,3.5006017411789,17
-13.4606056377628,4.72612924569478,19
29.2868313522542,20.9935785786137,13
4.75652538709462,-21.6689873417726,3
6.20076115097656,12.2143756840479,15
-7.78396731422727,0.0868789301463502,13
8.37320306364642,3.32874939679443,20
-13.7910537668437,-8.82541224433881,19
24.8654031043054,-3.54319656100058,17
-24.7437849514112,4.05116875755742,13
10.6276927800062,-3.07110877523684,7
-14.0632751624612,-10.7548641398973,11
-9.44202048003982,-5.07616904317872,10
2.56696028521308,-20.3063522571591,5
-5.3719466689373,5.04432743209488,11
-4.37433181252595,2.01872352159407,11
-0.29399096538906,-29.5920859471279,16
-9.57526367298523,-4.47700436379227,18
3.15889510908077,-6.82662247754406,2
0.428905474393921,-30.660232665641,15
-7.79375416147926,-5.72916284641341,19
0.582216991762959,0.694491215897931,11
23.8939426620978,-10.7787480406201,7
12.3847618258767,-1.20626154560441,17
-11.7941316514122,4.47628284720189,11
12.2342231334817,-2.65259240059695,7
-8.7780503473827,-6.65457747907024,9
-0.889280697891319,4.55839830051883,15
-4.09502750290343,11.7849357827815,3
-0.768190073967585,7.78642103365543,4
28.6511515829328,-0.988829637256001,17
-3.76272182751909,16.3723474067118,5
22.5307324009874,-14.4127834425179,17
-0.14298831966345,12.5821484716117,10
-6.06053047504865,2.36497649932675,18
7.23603767800831,-3.66358884734759,8
-17.4087655013917,13.2501293204847,13
0.732581193013305,-6.93585603507429,1
2.4874717665693,0.585654080484352,8
-4.88872131332554,2.11202879142627,15
-12.5848249915251,-4.80257280303166,18
-9.72786267534849,-1.88764001597686,11
3.57106809909091,2.78293689137326,11
-15.9242714257177,9.81715058851763,14
24.1674203129704,-1.96911675833096,3
-14.3862407740954,13.2520962920866,13
2.72296416163793,-15.4071980720726,3
1.37006598267122,3.64741450903251,1
6.33291670879499,-10.2933210522327,5
-10.9929173015023,-0.562368125518209,15
-6.84462116611785,10.9078214820368,5
8.74544812780936,-19.8846057760523,10
23.3982024248708,0.565681594090785,17
11.5908759322133,9.24863600613199,10
-13.9380964515911,-23.0999282793161,4
21.4300558030687,-14.0296903439588,14
24.067059176586,17.4948068519338,12
-0.829573085668452,26.3545341115463,11
-8.75797153519238,13.2738726062484,9
-18.7940674818629,-11.3830690329644,9
5.60713258405188,-18.2855220381469,5
20.1056582124602,-13.4619854026703,7
9.72733724264049,-2.01378693338564,7
-15.0273738136865,-11.002292361537,4
0.582086538976307,-9.17267843306009,14
20.9881854562399,10.1315759409131,8
21.5681680005235,-13.9369380709032,14
-3.87330177847848,3.81193122312296,8
20.6889299242135,6.4825590433882,16
25.8532631954181,-7.82840646703311,17
-28.9918513214378,-5.22945891380528,6
24.4733088910123,8.2823648156337,7
-0.468437258615153,22.1750093376719,6
-16.7609809794044,-11.6720375030148,11
10.7222951177189,-18.2565129990779,17
2.34568758055884,-4.20607183330751,11
-6.03186500764698,9.85254128454919,14
-20.1828725547757,16.5174904719673,11
4.5930853091088,-21.558536912211,6
-15.3487538260632,-2.62197848005462,18
9.31012709811258,-4.83774361173527,5
-14.7284735903737,0.0608348019228589,18
-5.59463878398482,17.0108723418601,4
18.7098462088411,14.8765448878141,16
-10.1896358210178,-4.8886812521145,2
12.3388718856911,-5.5648961451367,7
2.4332287599796,5.52568204138366,1
16.7225912595886,19.0275803651276,16
0.173310214206327,5.442632727336,9
-10.2540977472287,23.8532607317179,5
31.0055309263224,3.13134781792466,7
26.5672671077963,2.97432705629642,17
27.5616405937841,9.72387510668751,17
0.365585631267857,-30.7548106837086,3
0.108200234215389,-29.928663545997,1
1.22443215412254,8.25609500525878,6
-0.576107419207636,18.3346754503444,6
0.864835089093524,8.01556464529409,6
11.1238042731826,-11.6995292098799,11
-0.476678779324135,9.88422340107057,12
2.72113033239553,11.9472076857454,9
-15.1073450185575,-5.23927794506194,13
-29.8217014475652,-6.89279807530634,15
-20.5834150051869,-12.8930165380094,19
8.01653116362538,5.81706931044458,15
17.6020430328966,-22.7089748348384,7
-13.3660738822108,-10.0575995971556,19
7.56214432632633,19.8344959482555,5
23.1532996284917,4.97671585486938,16
10.121223229363,-15.4453237352308,14
1.38072905226458,-22.8994241591898,17
8.41468160268945,7.35533376752385,14
-4.69439679517694,1.3067869796438,17
-29.2085366632901,10.7401738269615,15
-5.07749568995615,-5.55135042872049,20
0.784600998865799,-30.5186383604148,12
-10.7205938576123,-14.3175602247804,7
-28.3059660463121,0.990951570436925,19
-4.95516887273499,-22.6133126190242,3
-25.7127575332821,-4.34179745747612,3
-20.4973228072289,-13.5182728383207,5
7.09250417559161,-16.4324726999096,3
22.4312632064249,0.374103967264161,17
-0.643279721664723,20.3731840057599,6
-0.499084405288296,18.0319455228851,6
5.94346282264556,19.8815265651454,6
-1.19233390513936,17.7541939579426,6
1.62810472500739,17.9329106595639,6
4.86221005999104,20.8313800641727,6
3.30433584854349,14.9891811078951,6
-0.358882986259832,18.5677931270178,6
-0.0191988971271019,18.6622313361651,6
2.37978708016835,14.3058365672475,6
5.60938367526249,18.2006205119181,6
1.09400436590337,7.98009321452624,6
2.65971462357503,16.6829415528574,6
-20.1545528268027,14.1645569636055,5
15.7557559726451,3.60838358196351,13
-16.8661776868067,-14.1136156868001,19
20.840576835126,-13.9470794677425,7
4.15909126549619,-24.2350496442114,16
36.3951424188923,-37.8757582009573,9
0.0132154512473429,12.4135058128293,9
8.58677266122301,-20.4975795138824,1
18.5077727880023,-23.1525614950099,2
-23.2614604604569,-2.57914368291031,13
-0.23388654431475,-0.901934014629827,11
-6.62152159066432,-4.16411096230107,19
10.2787051735655,-20.7306602900506,17
-10.4031299833975,13.0932296859049,15
-9.16980295090831,13.0093715781287,9
27.1602139725393,0.385125161727412,12
-11.6891428304519,-17.7719628575835,5
1.64907437414729,-30.2212046286827,18
-7.10761336483771,-1.1539290808404,19
-17.356606300801,4.19207676496385,15
-10.0085561631558,3.16953778587327,11
-0.0741795246418797,-30.0622815644945,16
21.5088290693126,-13.8400407250071,17
0.261766476122763,-30.7318080639049,1
-3.84972190277667,-3.34320021104507,14
12.7308718580086,19.302604261951,16
11.4950375054055,-0.883127566887108,14
6.07171493451293,-2.73073325204825,7
-0.849810089916267,-7.92671561284584,11
21.021941118574,-2.2559377019631,17
28.13920396586,2.0272453468534,12
-7.3923191388664,13.3534680090195,10
30.4034391917082,4.80011295751544,17
21.0482123804091,-12.8874003444312,14
20.5752328677095,-5.84997703751467,7
22.0127048031492,0.481402461319532,17
-18.8974948642879,16.2719898273844,19
-1.38983112938583,-3.53287866809757,11
1.93018272988452,-13.3128670764621,7
-12.8719704636451,7.27473220895662,15
4.99279731951634,6.06800426905522,11
-14.1901517860994,-7.81077915846355,19
5.83067117407358,-24.3389475390793,2
8.98909245897906,1.91124539272075,7
30.8414955615562,-20.7660205345799,2
-6.67250167756851,-19.0676614386418,2
2.76282696929086,27.0631401381465,15
24.0802867171532,18.8660565380634,17
1.56743621505098,6.19925195100801,6
-20.7259418825405,15.7141671337842,4
6.75368521488266,-2.11110968083082,11
-2.18644891486041,2.14330391653554,11
4.97765763746715,10.0376187842816,7
-13.9038625400824,-8.97948004076668,13
24.6396328265792,-10.6767401041576,7
20.458284925166,2.06510362508487,17
21.1621434524159,-13.855565031392,14
22.2893165225123,4.00539552925045,17
5.65545766644229,17.7275462252065,6
29.2848777476003,20.9781169162028,13
20.8737969247283,-13.8384616193792,7
3.19938167130487,-4.08184228427293,19
8.53441578119465,10.8159626778491,11
-3.97654565802339,14.0919345944194,11
25.2270611626696,4.41069567629931,17
-21.4042144215666,1.68450541601955,13
7.00631834802632,6.09634769226229,14
12.0071958437404,-6.67956018289284,7
0.505407167849534,-30.6481565530623,12
48.2910737333742,3.48195527288694,4
-2.32375444570366,6.03068790468789,5
0.671535866998563,-21.3129155224833,11
-15.9518935637011,7.81388770468246,9
-8.88783386400491,-4.15251533012783,13
7.6022424900985,-2.65562789074958,3
-9.35954154319237,12.5381035631964,5
4.84136707524442,2.92128103752823,19
19.9790627323988,0.975258074362313,17
-5.41575074873239,-17.140020111687,10
-10.3282302625602,16.6022845622616,14
6.32119195732088,-10.1699007651408,5
7.64464950405403,-27.8783405581769,2
-2.90155254264455,24.8167332872781,18
-11.9437905691989,-4.68099429228181,18
-8.8414024868032,-1.46034829664012,19
-18.4691385819554,6.00598791729381,12
-13.2724615917998,4.89465961614251,4
-28.3174243835951,1.03470978498208,11
10.4591875536039,-20.6755124689295,16
4.17075656743341,-0.0584047614967342,15
10.8687674105072,-3.09271459877142,1
-8.01833548252961,21.6872219885703,19
-5.44209877622394,-3.97992225471581,18
8.65363378538038,-5.11038440326772,5
-0.408588618089213,-4.86987332042432,15
0.790096467215914,17.0603100276053,19
3.04388925656877,1.39310592802686,14
28.239410427556,2.96063832663629,17
21.9498108970656,0.605600813342771,17
-22.5993458870279,-5.63947137458598,4
1.75706136359208,7.63582345825238,12
-1.03604029869278,5.38892185086406,5
-7.71175479155291,13.3873414351564,6
0.408351375612533,6.32172256771022,10
-1.0749089662479,-10.0776923207557,3
0.180640036470589,-30.0113117124697,15
-7.97839236207661,11.5725626902934,9
-15.1663993992647,-7.76982431423716,19
12.681402865467,19.4046255746641,18
-3.74634976222519,-3.40585751955805,8
-4.90189466875234,-3.11656435831639,18
-20.7457362133962,-13.5087681230268,5
24.1722781641196,-3.38744292833382,17
-0.804408568810122,-8.15376096555094,7
8.70339554826223,-19.4489251773232,10
6.20160189420892,12.3108454239585,3
-21.4717216072897,13.3840860518209,11
-3.43851336974329,-1.11745849816753,19
-3.20234683270106,-6.15960975827433,6
6.93228383089368,-1.13372159764397,4
21.4742993697272,-1.26148853487247,17
-11.8493502014473,-6.85276060283417,15
-20.8190294955333,-13.5406762647756,5
-10.2176043553695,-4.93901942595911,11
14.5128343486652,2.8804598359843,7
-12.2210632644389,1.46786084329325,18
-1.1586534851834,-11.3337052146629,3
5.68277840393244,13.9804428206688,18
-11.3547773766138,18.904297352083,4
-3.25026841565837,-6.22879178436459,5
0.763322343763305,12.290669467108,18
-10.530874383379,-26.1570716049692,11
4.90127070077263,11.5857454027099,20
-16.5191895157073,-12.6980595040685,5
11.1466380264418,-7.29927515460738,7
-6.5524889248304,2.19195600041135,20
11.4283909845609,0.265349892202051,19
13.5189278175927,14.53751050031,16
6.73466518050373,16.3937391558636,5
14.6051841807457,-16.1173101959642,11
-1.83274678518604,3.87842108204224,11
-16.9227845760877,17.7970413187735,13
29.3251002636736,20.9336419089359,13
6.08658105544891,-22.633827301242,1
-0.123747035109118,-29.6441497695552,16
19.5984831268193,-13.3995628994041,7
-10.1239796967428,-4.87190516864545,11
-0.567307443050634,-5.2332428181677,10
5.58923695799031,9.73056093778765,8
16.5992878442481,8.3960166739038,8
-14.4381770376325,-6.21020111840973,20
7.44870056003294,0.291837481558357,11
9.18197729290091,-22.8940073577769,7
8.58870025756856,-5.06020483356286,11
0.102897140856866,-30.4302429082972,16
0.544830341146136,26.350104187046,2
4.54127830690209,-21.3503212785388,2
-16.8065464096823,-2.87800047026706,19
-2.33310084808171,-4.0959479647721,5
19.3037162619478,8.95341830108786,14
-19.9518550476973,-4.46877417964046,11
3.01115451458754,-9.95098056888343,1
-5.33908133281327,4.39045292973104,4
-2.54749107504527,8.95923884467019,9
3.81977278262005,3.60615864149433,7
-1.79524216430334,-0.0778417583133027,9
-16.6519449839641,-10.6994796267858,9
20.5414490998969,11.109541969326,12
-26.8653020502827,5.3730614953574,13
15.5544876313716,-16.5415348806887,14
-21.5265437025665,-2.89882853545713,18
5.15615984221847,13.3461336877639,3
20.0424583198404,-3.88082055671011,8
7.4682781868235,4.58160935811368,14
-17.3442780615159,13.064579941916,4
-18.8588407172382,6.62392474213136,9
9.04485234474249,11.3724055226132,11
-5.78959461930028,-10.0815448281109,3
11.9383200972208,6.96064002605114,8
0.109079812841051,-30.1024807554392,16
31.3706660028887,2.35299911936906,17
-20.5239142909309,-1.96268126565702,11
-12.0694643165617,-6.45386489642224,9
-7.10569715769001,13.9455883869636,6
21.9554880053474,10.3762008930413,8
0.194332687701417,-30.9204572710335,15
31.495220133101,2.34321324474723,17
2.46739849448314,5.63950056559834,14
-7.33749019004066,-12.4663123133701,5
12.1734234811393,-2.55293293540841,10
-14.1044021785997,-9.86973348331136,3
-0.332035751579989,-8.16562895584228,10
-3.92554854254059,-0.161346507845431,11
31.5794746411821,2.35998328403626,17
0.131609873034929,-9.55212781160676,3
-11.5219738700402,5.24036670127018,14
-0.403798522035423,-4.73998500058533,5
31.8716339940511,2.52418691237717,8
0.998677513525284,-9.78414821783761,2
11.5005961728457,13.1801040101393,20
16.7173899960875,0.240413761115615,8
18.8364579198143,0.0212022795380355,5
21.7046293504525,-6.54529218069577,7
-9.34013232777645,-5.57975232712066,3
25.1330551310503,7.91875317985395,17
-30.2197358809395,-4.9310349298645,11
10.7260720439599,-18.2388303242136,2
8.81703679781521,24.8789944481624,19
2.55579962332651,-4.56498581397979,11
-12.6133339999618,16.8959358113668,15
-20.427432228235,-14.16571858212,5
6.76775581507899,-2.14133704914051,3
30.9005622110159,-19.8110856234156,2
-2.10913193273234,7.14124484325715,11
-10.2087421360639,2.11151268491649,11
8.77361683137616,4.59455333860261,10
-8.52437610020402,19.251852853916,11
-4.04979111921984,-5.19060134471848,5
-12.8518149091986,6.64963016899073,11
-5.61678592351023,9.46366578560798,4
-12.7702761920416,-3.14462516102081,18
1.43880405882014,5.77025029738937,15
-1.70028820267725,9.37249386351161,12
-4.18617984542456,-8.78279699912026,4
0.225290446711848,-3.53096322531785,3
-1.99707565333031,-4.55052890903017,11
17.0185863419687,2.91549603391763,17
25.2632790227931,4.27620022795058,5
-8.70967006895316,21.3209458934653,4
14.8908549474553,17.6923629097378,16
-7.28689716923114,4.01407875528682,7
-6.18609915499337,7.10252455913905,11
-5.82403504725209,20.3625912705977,4
-1.33911112544632,2.27044015238829,19
-1.55051422850085,13.8520561327269,20
5.16301590737701,-9.79095368756868,18
15.3156081356236,-7.08713463379266,10
-1.18550797127016,-3.26188237395814,5
21.3437978212543,-14.4703085389099,1
6.29023047953609,0.930407267901808,7
8.11445537844028,-0.245015798532456,16
11.5149835817582,1.15837824081774,3
29.3173318956654,20.9452539727197,13
20.0928461538432,-45.1044783973928,20
0.626427533494782,-27.7655687901598,15
-12.4966006267126,-9.58592900663646,19
-14.2774445046741,-22.9216581655757,19
-4.93018070142755,-3.86078207491419,20
-20.5149724281663,-13.6320514959299,5
-2.71903645928776,2.77077159761011,9
12.5820428853183,-3.18945289108152,3
12.3113057462056,7.33363449832997,8
22.2875185790084,17.8697773070995,17
-7.69288501126008,6.10009072052327,19
7.13929496034904,-9.53411636615705,10
2.40161204835291,7.41251867514369,12
-24.4623098441989,4.21694147512159,13
-1.40830264553944,-17.2459855626763,14
-4.31067086836223,1.69469658246212,18
3.46267712799878,22.9086260550277,16
-11.6887294934098,19.9598818074785,4
20.0498442904729,5.11089976172625,17
19.4114807014134,-3.97418920169123,1
6.28666362875415,-23.05741489932,1
10.4909499931851,-20.6353215329704,17
30.3132226409894,2.15316761019038,17
2.48896827952598,8.47556824999939,19
22.1656021595558,-13.0230723948244,7
-13.9854375328446,15.6494190388849,11
-12.3123854809265,-5.10109028308244,18
-10.3650744680913,-26.3000016787489,5
-8.96364393403983,-4.13654637114912,18
8.8934147040248,2.13878989931076,10
28.1314828211098,4.15207700078646,8
18.5861412605761,-3.8707203900327,7
-15.2969627913003,2.35102225272482,19
-5.2247306712996,-8.14981015165552,11
-13.6665159972321,-0.253250183085081,18
30.1360288856863,4.78058395436934,17
-9.75633775856214,1.10465115588699,15
-4.04316257929915,0.661585264314868,11
18.3661248898412,-12.1936073742786,7
-5.14734222261096,-21.3428009467188,2
-2.06216239932592,-6.06899227191984,5
-25.3769212636447,-12.2497280609899,15
27.7732998457576,2.36244175936023,17
-11.3451940037836,10.498859740567,9
18.5111248326951,-23.2937755394408,1
25.6054824490581,0.785259800427326,12
-0.602359390357277,4.64485120729486,1
-11.7267329795887,-8.9291780838266,9
-2.49595405825174,-2.23132158869643,10
-10.7757261970599,-1.83993380371713,18
-8.55294986225885,19.8864354729352,4
0.20812931337498,-30.5874659151299,6
23.3375751007478,1.68230092854128,17
4.88569548830268,-10.9936820886374,18
-2.07933146466839,-0.266829446853306,11
4.22981660328128,-11.2564317687674,14
7.0154537958913,21.1368666585137,7
21.8520559305395,10.4272025819703,12
12.17322674494,-3.99660959900609,7
21.9194177138836,10.3316470093517,12
5.00137579409588,14.1355836154079,11
29.0916466869,10.6710810207497,17
-12.6525401180467,-9.68189287913988,9
-16.7842848406291,2.02336676575751,19
0.950067485088852,5.07611538696567,9
27.0729346068865,-10.3564896511427,17
4.5641681316718,-21.4342937875327,2
-3.78037449221466,-20.2226525822877,4
5.21542970732119,-11.4359298500987,1
-5.92820043714527,2.83410326705548,10
-3.96191085174094,10.2480983025352,20
4.38259171166534,-4.15196612722207,11
-9.02658775200631,-22.4115641772618,11
22.4613163897774,9.25048087513071,12
-10.1520079250693,21.8735408159511,4
-5.86553805333522,-9.97778882178022,18
-13.5366997062712,14.0233864780158,3
-23.4628610598215,-7.11872247912131,11
-7.50944164620054,15.2264026690582,4
4.54360179181269,7.661881484507,17
-4.57530843104485,12.2454439977168,9
-6.86405871401852,-15.2788661479541,14
-3.10922007564839,-1.58948554753004,11
-3.52742685967738,-7.21336916157523,4
-3.17365634762579,5.14854264670071,11
-3.48233604723209,3.16420368661037,11
-22.7590147434055,9.41208947499723,5
-11.7476426587658,9.84674354569371,18
0.387928113721343,1.92724898336151,11
15.2398112144078,-0.338689426084697,5
-4.6567134761502,-2.19503665691855,20
4.63805265745478,-15.9440716395264,13
2.55924216205203,4.10585705940557,9
-0.766629599892,3.30706756837067,13
7.90703983468319,-0.413976282067441,2
29.3267720558557,20.880506365127,13
-0.0804932936492317,-13.5043491274866,10
-8.18912163004677,-4.02478288106874,10
-12.0459325756907,8.05174221307121,13
-13.6233148136441,8.51643544878717,13
10.6432378211445,-5.36011793100187,6
-3.64174680822554,6.00180718804452,11
9.80708281856065,1.07116794063131,7
-0.621157029451908,-3.01467790104676,19
-16.1012105081629,-3.08651671582623,11
-2.83431308495883,3.21226607754203,3
14.4093456568861,-20.9092041487487,19
9.01009168548225,-5.84463749636288,7
4.81554839364367,4.97681632651164,2
2.05405208277778,-17.3851774734524,10
-1.93319330917146,7.04340924787574,11
-5.63877361361189,-8.25168950077652,18
20.6095630885952,0.202645375866359,17
-14.0581489930209,7.29591535874727,20
-22.754551580001,4.58550994385979,13
6.73652747367418,-10.6680716343121,5
-0.337260350557022,16.4650047458016,6
-20.9415201202953,-13.386146816187,5
2.32328318936724,-7.59149648217853,18
-11.2143446434659,19.9403146894386,4
7.35633912158135,-14.4458728466977,14
4.71028227256752,12.4108219992099,11
-13.2500259912372,-2.1383016295849,18
-10.8182101411488,16.4688793427224,4
-4.69176712149448,18.6511464766216,4
21.9283800542515,-14.4752700034643,14
1.47799082211131,-7.42700685190447,10
-14.3459441500219,16.0530426952597,11
0.0258459421767483,-30.060915811142,16
25.6110889544473,0.492267894450471,12
15.7131415239409,-2.06301821548892,17
15.3946122286461,-8.82625544897675,7
-2.45096901620361,-8.22113064657798,5
27.6609262995828,2.33865711552266,17
-0.617658238977798,-5.43071833817181,11
-13.7368397908471,-2.47055857924255,18
-8.04188669549587,16.0389920010734,14
16.7727219383673,-8.03653668512608,7
17.1402024612554,16.5402216374316,16
0.653726890327911,7.51202614208777,5
-4.89643821118647,-12.6371909453011,8
24.3046194888303,-6.83871528631845,14
-16.5126821174859,-12.6587659781215,6
-6.9983891295597,8.10931043819105,9
28.7174468556869,2.18554832410866,12
-11.6047800917983,-3.42346812499451,18
-1.73002411118081,4.93956376033077,12
18.7828215013093,1.18630455049266,17
22.8727422329147,-14.3693743564087,17
-13.756107988261,-17.2263766551473,7
21.1371776643389,18.5429415694019,16
18.5534707425058,11.7873525140507,8
-5.50715111575416,5.83402987934665,10
-9.55289697616554,-6.8564206082636,20
1.17754088296994,-17.0670970460021,10
-6.43367871491757,12.4962968149928,18
-29.2690556094523,3.76065990036003,5
1.03993029131654,-6.46429696251404,10
-12.7865306832761,-6.8147866647332,11
-6.8852379225544,12.1615599753504,9
-2.25860533089835,2.85839300563478,1
30.189710981381,4.78393678329349,17
-10.8305571532331,10.1146181539527,6
0.398586472775792,-2.61283538995506,11
-4.66434383322954,7.75896789631042,19
1.81212096165487,7.93875725187306,4
27.7045448366822,2.53904402791843,12
26.9487106229582,0.145450150292679,12
-3.96415595916737,12.8863397705108,5
21.9133955319662,10.3148676782751,12
-14.526591979261,-10.2398351822779,19
4.77511731432061,-15.3377875589824,3
16.7261448297537,1.35327294561678,17
29.284792830611,8.70362681282366,17
28.1376908557645,1.39475499557179,17
14.0724752466607,-4.56862215253027,8
26.7065527343147,0.258130161012442,17
-18.9878197308348,-11.7157860907088,9
-1.11103942606184,-3.52340524336076,5
4.75204843710818,-0.465250826095984,8
-16.3903514453832,-9.92542330828125,1
-28.9498602335587,-4.70155058333792,3
-18.8889829986952,-6.39738742369378,19
-4.85781807678329,-13.2713788699739,2
-11.4831524864871,-9.43585654501872,19
9.70013816587942,9.44168225447776,8
-23.399726077289,19.0934303703884,19
2.80514053210972,-23.8332764901109,16
-11.1702245916968,-18.0904344833086,5
-15.6210793148983,8.71518799983479,20
-23.4171016155896,1.85353385020142,18
-21.236601538645,0.266167572987239,15
-8.45080085616131,11.394853721487,20
9.24794354807708,-11.0780175840472,5
-17.067539568336,17.8528104468448,11
8.42404022710269,0.667433027119783,7
1.65685555156263,-12.4128891480493,10
-0.654312155760487,-5.46786787088567,10
0.0350531455263041,-0.443554306729658,8
-4.958867605401,1.31341645627104,13
8.30482356672057,19.3529156390869,11
-2.45273478302826,6.35349943999177,12
29.7185966115392,2.57265316531323,8
-14.1479825854232,-3.34670418292834,10
-4.23033396639612,-3.41046787354977,20
0.3894270784262,-5.30780563533857,11
-1.64276359926032,6.8023520278248,12
-1.41063608872681,6.17250891897812,12
7.45363125754928,-19.7026259583017,14
-5.23546079934759,3.06926468205529,11
2.17779738739051,-1.85984152725164,10
-3.43763064639608,-4.97138865453738,5
29.3235020169731,20.9242882631107,13
2.22247007314398,1.22677360796217,1
-15.1626431700074,-14.600461343579,20
-8.59612637663417,-7.42230000683762,11
20.0930399377989,-45.1039097115123,20
21.2152121431702,-2.33489736862344,14
-0.0430864252473235,-13.5460022927848,10
6.28767620011614,21.2376882737984,6
-8.7300361886873,-8.27366556668163,11
-4.28648694934239,2.47218209614518,19
1.74473036996658,22.8475994946447,4
-21.8358793264768,3.90164857341456,13
17.1387026510668,16.2859503342384,16
10.7167547794476,-18.2550369925218,10
-6.2644769722716,-0.618137319784037,2
-10.5666885895289,-11.6872854323208,9
-9.27898886093862,11.0496954441245,20
24.9684234028909,2.97365317488622,17
9.28172391529568,15.243521210139,11
19.4132992440847,19.9592408793179,16
20.2100404129539,-2.20730164894707,14
20.826461313198,-12.5483138673678,7
-7.90329658344456,-3.88016162287437,10
-2.28467094087279,-4.98667339170438,11
-2.14027729030883,-7.31597049246463,19
9.33262585097705,-8.97847206680582,7
10.7159687003716,3.79965033538301,8
17.3316912042764,-0.566783377291338,17
-11.6600650686226,2.05120547822923,19
-10.5029933812775,14.7282848727375,20
-0.107414613435922,-29.7128895226271,3
-8.5336188646845,11.1891468906299,4
22.3554376610542,-6.94887636912112,7
15.3030323707725,-10.4662498660272,8
25.1313156696494,1.86997857204905,17
-10.9715740378008,-4.05905664509581,18
-6.29918128927979,-7.09411732906437,20
-22.2452313713356,6.54525713248923,15
-7.75885214296955,4.7373918808326,4
-1.48599177964783,3.30121308810708,4
-0.642124495573952,1.41160196598705,11
-10.9733510583213,-5.42259173113553,13
-2.15185381725688,-16.8748553002748,1
30.091150189844,0.94944307386949,8
6.25546941730798,-23.0313867859169,10
-6.48952199173997,4.3372495873834,20
-12.0930850491061,-11.7251662227261,18
-17.6468901510806,17.5156408286198,15
-18.593784079036,6.20853693400341,19
-8.52858411780555,-25.2075367798585,15
-5.84572359320945,12.2832962903181,9
0.0332129446774805,11.1467034978131,9
-12.2073565594133,-6.4939203299797,9
16.4593354643096,0.27028718516746,17
9.61951492592812,6.86696087881225,20
8.08457696896965,-23.5294508674838,19
-9.58586018760269,-11.6101588568133,18
10.5159867699044,-20.635315178209,16
-20.1837591887023,-13.154892325181,10
30.3687758506536,4.71305354237234,17
-7.41591066851428,21.6265586967876,9
-5.72261840224713,13.273023359004,9
23.6177131074717,19.0065526448116,17
11.8886061761913,-10.7536064602885,5
-10.6618174953456,2.92585528295291,11
-20.044943872344,-14.2007580020714,8
-29.2801456408348,-5.35269659177071,20
31.6731802184485,0.941944158408588,8
14.0021325872279,-9.65203414999654,7
10.7051923265758,23.794954741298,19
-1.25977116976467,-16.0092484300812,3
-20.1090332879518,-11.4359403300371,19
6.34412887378716,9.30333772569429,11
3.71157577467991,-9.59959621876805,16
4.76688297094878,-15.337763224168,3
3.70579097312072,-20.5006501439359,9
11.3526604424021,19.9758541731865,16
5.51980563567641,1.03036136419181,19
18.4564306694738,-3.24123652946045,8
0.252588079647411,1.48693445892464,1
-7.28144861605589,4.01275729066408,14
21.6333314636969,18.3209150644656,16
18.417586167045,-23.412083423744,14
6.32385772315351,24.4320628303541,6
6.21545354441646,20.0810585810036,6
-11.0870115930914,-18.2198621458784,5
-7.60993658711454,-11.9962774735994,5
0.349765280359233,14.5050153808848,4
3.19081640915998,-3.54149373448646,2
-3.42765956224544,-12.9346709507772,3
8.0440587896963,-6.90329480566186,7
-20.5803199785378,-13.7396738572929,9
30.9109150413653,3.76521350915064,7
-10.5613420162421,8.55401435010902,13
-16.6823654035709,6.65362671227022,13
24.0992990873633,-4.8185626366382,17
26.4118572582582,1.49919305828561,12
20.2310085838341,-2.15376726285255,17
-21.5512399162555,-15.514418201379,15
-14.5423697390255,9.34450727300241,19
6.40316923077309,21.2485900014244,6
30.3381054942496,-0.94182398940867,12
29.5850749718985,-18.4426810655502,2
-0.952806878517104,-4.90564893616357,10
-10.0080948620188,-26.454181148017,4
20.8722144051575,-2.05277978749296,14
-4.33315694721117,1.10363151373935,8
-29.7305877282928,-5.1122882470979,1
12.7301351879457,-7.93709049132745,7
-0.330467254090062,-19.2841649251453,15
-14.9355598917946,-20.8982795976212,19
-9.62377433551354,-7.69484497796603,6
-0.952967927575107,19.2615421361392,6
0.213485376249638,17.3051737995967,6
6.19503272315703,20.0094182408719,6
-1.35990885249209,18.5944806602004,6
2.08560547513217,11.4374822569636,6
5.90601080551764,20.2333417507507,6
1.14758720558657,7.65335023942733,6
0.72053937563715,8.30605164884065,6
3.13382885851893,14.7429979154277,6
3.93403700390462,16.1002063586808,6
1.39829868887086,5.91632242400509,6
-8.03180165570133,14.1372918460014,19
0.25556059096521,17.031150005313,6
22.1594823432915,14.5385986081453,7
-0.734960222013624,-18.5266988894801,1
-3.3316952303737,8.21950793419585,11
36.3942217268302,-37.875860956112,9
15.3945652033406,-8.79403924856786,7
-20.7544510922431,-13.6656566346697,5
23.5205612587588,-16.3877331295765,14
4.24692853617805,-2.93452480520127,12
-1.98225643004782,3.25552525589536,13
8.07788378479063,10.417963305409,11
23.5057265187625,-16.4375733706202,2
12.0858524090139,-11.0508030694068,2
23.5026064599684,-16.3585186277368,14
14.6372042852209,17.4483140772375,14
-8.19906186815241,-10.9143371786002,1
-19.8497158115962,7.89300115569545,20
-22.3698558959181,11.9225909380009,16
19.817950459067,-13.9735511682414,7
-4.57846631482262,-7.11801212466082,19
23.4874553620314,-16.3825372500749,17
23.5138104534722,-16.4029254064085,17
9.99077063509452,-0.397565099443301,17
3.89414761552761,-9.74145027135245,16
-6.10485761368047,-3.56530780289769,11
23.5987054539262,-16.4320953755059,17
-30.2705628270528,-4.63120530753406,15
-6.71950336759805,-5.12616071254437,5
-5.22162508695993,0.612731085511245,4
23.5124844266298,-16.418465874413,1
19.2543161718374,-5.42706918874583,13
22.8337725363766,19.0089845176463,17
23.5388774941454,-16.4043217339182,17
-20.6999556120087,-13.7244045482381,8
-2.42265160603612,7.92635471051805,20
27.5659252829148,1.76729696872267,12
21.9178860425874,10.320792966168,12
19.7207965512984,-11.3637183357191,5
-8.48056072306413,-6.26872444345723,5
-21.2039873859186,12.1272756940669,10
-6.45619213414967,-0.237525419034545,19
-14.132896972761,0.798610447191479,19
-26.9154741486379,13.4662038585271,5
-14.6876429253007,2.09317151043887,19
25.3747154545223,-10.7430817554845,2
-22.2357273324207,-12.9552573374931,19
-4.68841668665233,1.60951433787761,11
-7.82082336749331,-8.54360788724719,15
-2.6882979500328,2.25537680396231,11
-10.4465420327476,1.63591607732593,11
-10.2588769160029,-0.0338055207151998,18
-5.01304249812026,-18.4236071001834,4
-13.7660688894485,-8.72300075540968,13
30.7888826860017,-9.29402057036222,18
8.18442351638044,-15.3670989475553,18
30.4488346245827,10.0780529578916,8
29.3190577559791,20.9411982674066,13
-1.34500201274062,-2.40789343479392,12
1.4938176654188,-2.09844967165807,15
23.4323028385974,-16.3759833907698,7
4.57236676158636,23.5184028601817,11
-0.197142250254457,-13.3480852824723,20
-7.95883564623971,-15.32970527871,7
1.17574302326833,-17.0051897018557,10
-13.1613515885909,0.435085813265711,13
-9.37790350772785,2.1380570894021,9
32.1649832663886,0.306886267274026,12
1.39694873894225,3.27516689441462,14
23.5592627591176,-16.4233489701898,17
3.53740254599354,-17.36139853309,10
-7.27183336646333,-0.58849345456646,15
-5.52790880847377,22.8223523088043,5
-12.1395452577928,-9.98884263322577,19
30.2386555665209,-9.32041707069406,7
-21.0482892322483,9.75431298198824,11
0.417190793728158,-5.91225396100219,10
-3.18285866931562,-1.6171628944868,11
-28.2346999791023,1.05261403053688,15
11.1712116958699,-1.99466382970708,11
6.60202035519651,-5.61477880279176,11
6.60526640967467,-5.5024197874843,11
-6.73859212093177,20.0095762143041,4
29.7901769216332,10.4997052325207,17
27.8525990436501,2.59737246736879,17
-8.56274929368824,13.7825912654492,7
-10.0891821168242,-9.34497562652567,19
-0.24136080274696,12.5065425492261,11
23.498415165457,-16.3881316590069,17
23.5062474189024,-16.4104816058031,1
13.776198788269,-7.87172191252809,7
5.26942574697712,5.64377070412187,11
17.6292902447899,-6.26820244360368,7
-11.1003521187028,12.7723284973281,9
-18.2044873000321,-3.23557437605611,19
2.07914133297972,4.01640666951911,7
21.3489853728909,10.5742367935751,12
-13.2860810379529,11.6214971468277,13
-8.78860148879855,-9.38431666464138,17
26.4720464909538,-8.75625844366856,17
15.5218218266186,-2.36894968440309,17
-3.61918742650768,-13.5613999450198,18
-1.34518342010237,25.7869762400288,3
14.0976972483782,5.51897892581154,7
-3.07898214881026,-0.641201447690859,11
17.781320403751,-3.17382378987962,3
22.2087358542924,-7.00328878299723,17
23.5235267521726,-16.4278435130556,3
-1.88708042818712,-16.5081965124062,10
23.509426801036,-16.4017561567962,17
15.67102764569,-2.85155627813302,1
-10.0116405200298,8.93494054874325,13
23.5857130604041,-16.41748296153,17
1.19599014912277,-16.964221582738,10
13.5317651846935,-10.9087500189804,3
4.62067467014445,-1.46616004328244,8
-10.4821569646784,-26.2900009094946,11
-13.4542910646241,-17.2907591700398,7
-14.3507019965747,4.56402184868245,11
7.48185468246148,-19.5112846020758,2
-20.6144174646723,-13.9636750420826,8
-24.8922752441636,-8.12054010991649,12
-0.0516380848349476,-0.115387943919146,10
-8.47410678426508,-11.1239426189527,20
13.1749236804108,-8.86841814816782,7
-14.6871905949534,-2.58712947714335,18
-17.4080378843872,-4.10295421252099,18
-1.0513365997025,7.01226462135978,6
-15.1368020729239,-1.67752889699065,18
28.5571119478517,1.74278572181662,12
23.4087938234596,-16.3535810906428,7
1.93064301000719,-15.0911983522264,10
-7.92954004111106,4.7766236463185,4
-29.060343583441,-5.45369139784,1
6.82064641843,3.31314951739286,13
11.0003522013973,-8.55501413566177,7
7.36490643363612,-16.1267921726972,16
22.2669544697068,6.5843646871463,17
-15.6465034241342,9.71215398459037,15
-2.9377650813416,2.07936258206019,11
6.31159466762009,3.13562609974542,14
0.838167373019652,-23.6791953386177,14
18.4835988644088,0.298182866637371,18
4.5209418732246,11.3996160526347,11
-3.73298072545706,25.3499256164067,19
-4.1176672379032,-5.13523775023633,5
-1.97431975854327,-5.03780169296277,5
-8.72086304726943,4.59399067613261,11
4.48147796583652,-7.48470443858638,1
1.91668598047419,0.444778624653422,1
0.680075924430523,3.49110160253409,1
15.5118044594474,17.2689047072779,14
3.94873092491681,7.56848463085397,11
-13.6650893936712,-22.6564380540563,3
0.0324561630019527,8.70393218676504,12
3.05864905679189,4.23058396458819,14
-7.73645514005136,-8.65467018606169,3
17.2779191599805,-3.19549137402813,14
3.59792796731103,-2.26238768586972,1
29.3400219413662,20.883920126444,13
0.0588803723259197,-29.8274044670385,6
18.5872478961829,7.22603944615146,16
0.16109540374583,-29.6830163880231,2
-10.0957565617498,-17.4729183104385,7
-5.84505958583541,6.07559589933117,15
-8.19796388754847,-3.87957563856028,18
-23.4322560619426,-2.07312810877426,4
-11.1337590221802,8.8587556092444,13
8.68988432638008,-20.0211918014429,2
0.284574453665535,0.294359570042616,11
18.9222318819601,-3.0323473692297,14
-12.2776566954861,18.9930661064475,5
0.493877949350483,3.26635264284584,15
-0.115697267797085,-29.8649048917332,6
-28.9218492441782,6.97437632550491,13
-15.7976599848185,14.4137294027791,13
22.0864031534222,-7.06520780535605,19
6.99277476508244,5.5457336710981,10
13.729504975268,10.1623846055671,7
-17.1120475851445,0.632628302182337,19
8.79608785853939,1.10662248803222,11
5.58631706391411,16.1089342002981,8
-7.0956347777058,0.160012629206715,4
-8.75201243306464,-7.42117699315177,15
-10.0833901403953,11.4485434363389,9
-26.9704937425084,0.907636944485091,11
-10.6186484995301,-3.00933497973942,18
19.5616363505566,-23.1720518009533,1
1.63894547670946,-3.16964131639575,11
-28.131108899279,-2.42730835562913,15
28.0309657089923,2.29324838436665,17
5.11212223336643,-19.0737695756876,2
-4.79747202128967,20.4118589854818,4
-14.3215993427335,8.84127039298281,4
15.2456666971009,-16.4516703033921,5
7.9900885638268,-2.35940994339068,16
24.2538908464436,18.8144629661866,17
-0.0590634292386326,1.88435639126372,11
5.05168958030445,-8.86253282080967,5
18.9818223054051,9.6024369486649,20
27.2306250688035,3.91604521192425,12
8.06849131825857,0.00196090677983031,2
9.62531778730364,-12.4474937880148,5
2.2063551948239,-5.17123042084827,11
-20.9523916867316,-11.5768728447919,5
-15.2463972868191,11.9543478092607,18
8.05223802150286,-23.583167907378,6
21.5894625688568,-13.9390399948916,14
-10.5498422032021,12.8939377936561,9
16.1612917013137,-6.38749878165596,7
-8.53384659510623,11.39443762265,9
7.27226686521674,1.14464406046779,8
5.58489723200765,16.1084409766969,10
15.2092909762131,17.3079187433575,16
-9.18620946897545,14.3632907728487,13
-20.6634991346188,-13.7518923982909,5
-7.92826684440601,0.904014827445889,13
19.7755182246262,8.02593110032027,14
2.86650722902985,-4.02046569376409,20
-14.7905686504724,0.993470471118915,7
-15.479058465823,-16.082504259872,11
31.9646873933933,0.663955234104107,12
24.842387099385,0.266981313521487,17
-30.7528585146358,-4.4416695805722,4
24.0455595941674,-2.84733286074809,8
-2.59857601233163,-17.1605108348242,1
2.29431295170368,24.1587795721355,8
8.73611361950547,-3.00200086857733,4
-9.56515803185702,-3.52447373278392,5
-3.20412641037965,9.95696075709426,11
-13.5829255527488,0.624928361162939,18
9.37790781392413,17.4532097421917,12
-6.58112155903159,1.11292597298717,11
0.712863185292197,2.27403590722749,1
-1.46750266778538,1.5900401431028,11
-19.9030287283999,2.57639470203595,13
-13.5202094370623,5.35432043951733,4
10.3049555698796,12.3336930209039,14
-16.4911149479687,-3.58184634929462,11
5.44369024661964,10.7486712433929,10
-14.0933096064816,2.42024320163794,14
-5.32427259975388,7.11355963867102,11
13.2116269104564,12.0643487092096,3
32.4959591100338,1.08435245580295,12
0.272447553538548,0.482667414800872,16
-8.16663282273743,0.440819298550092,14
-4.97751420683188,1.21943974885835,13
-13.6506864652385,9.31257289741598,13
-16.9716168737715,17.8615311958667,10
-5.81801142226075,-6.81918191108081,20
5.98776115703544,-6.62489279990049,7
0.385489953483108,-21.1316395525192,1
4.09233249401532,24.4331842365611,16
-11.6725711506947,-1.04586380352255,18
25.5925214965391,4.37457122351707,10
12.7500755303404,-9.41305802043247,7
29.3309460230811,20.9231765972334,13
-16.5237783839932,-5.14996475806585,18
-20.6156528043009,-13.9024300370513,5
-20.1494003301285,-13.8447515523432,5
-7.96635307417122,-21.9659527348268,1
-13.1839342791226,-4.57797618163971,18
-13.1774404103745,21.4296007794756,4
-6.23267088183644,19.5994215650458,9
-10.3153604052793,10.7845607152476,9
-13.6146968178483,-23.3738720463357,3
29.2420351558156,6.41924941282884,17
13.8526446435763,-6.32828671831446,7
5.45190837978843,-2.24253200418029,16
-25.5828716257633,-0.279920003006062,7
-0.242084538928355,-11.0734199242641,3
-10.6273924957625,10.3404764741725,9
-6.36735059011413,19.3337009856245,9
-23.5082809224152,4.07363046220252,13
-16.2903878953201,-1.0372332993789,18
7.09454657781532,5.57197163700144,7
-10.1273928723625,-7.73739262550047,18
20.3168191471948,-7.53682427023003,2
20.093045520297,-45.1053822781905,20
21.5093045628311,4.40582053755806,16
9.69916502622423,-25.0540800840922,3
-22.9686349865891,-1.22141027856595,20
-17.5072997666921,17.5318011027855,2
-9.70590704512573,-8.83176185888606,11
-6.20929117145637,-4.18967806296979,20
15.778244671536,15.3575906601633,13
-20.9086918297056,7.57757487194476,18
5.98637109933855,-21.997043597978,3
-16.5699743756464,-1.72299036819232,19
-2.74764113695719,20.542622485994,6
23.1702474888048,-9.65367930304597,7
0.251036039095027,-2.82577873652258,2
-11.0918027552413,20.2755228970578,4
30.515718564703,-8.85191207650268,7
7.79427692966847,-6.19897797147869,18
1.11730429938627,0.558479940289884,4
0.200985780956745,-30.2522755877119,16
16.8478032085251,7.13339830843216,17
6.28571037242998,-2.75611285487049,10
-14.1618727241223,-11.7680565603686,19
-4.99792146686675,12.6645825982954,9
30.7221745767933,4.08297186508441,17
28.5056817435439,0.739754413051209,17
-6.37110349415601,4.32206641254026,4
-6.23046132350771,-7.29811760399005,2
3.77984096402013,-0.738648782534909,7
23.5630511784361,-16.4233196047655,17
11.7961615485889,4.13893523471598,9
-15.7840196154516,8.75859117112617,20
17.3733945154013,20.6178420305949,16
6.60436060914024,-5.37607859010858,16
-11.0605021452102,-0.978504042945004,18
6.53609880573617,-5.75859947422652,3
3.56266848484237,-6.76242088820671,2
-2.14915344441447,-11.8093184771051,10
-12.9975459246239,-0.772102439001873,18
-6.29017551889225,14.2525980919758,6
-12.6183594467748,-7.48635670991467,9
-7.8163345486504,-16.2653847607927,11
-1.53730142712341,-13.892488213604,1
25.2646457833075,0.308824934619062,12
-15.2348213803612,-5.74224463326625,11
-3.26304928930616,0.0406397380091929,8
6.38254334320964,21.1776401315511,9
-11.3316358767088,1.28872930931583,18
4.93890463830387,-12.0269259998018,6
21.4669359933433,-13.930333457769,14
-6.72257036162412,-21.8020252590533,1
8.56255314251569,-3.24676331170865,7
4.94631871499628,6.00520423218399,11
12.3695130147047,7.25502875236977,8
4.35776683703598,-8.44258006724578,18
-14.7745742683903,8.39187007712072,19
-20.3966045054134,-13.6930008249269,5
2.25835805005571,-19.7608403881095,3
-14.1454711009132,-3.35149873187953,18
-0.214050411946633,-11.0129066761303,3
-0.733372259509782,-13.5439032849272,14
-10.249800413449,10.0600196885354,10
-9.75863196499066,8.77272708887105,11
0.234953884512649,8.91905564886918,16
1.83305528792015,9.35555307211475,15
-3.15093377873361,-1.59000010936173,11
1.05058839565645,1.68559689205188,14
4.63337823200103,-7.92254969375396,5
30.3284242493002,-20.1698501551499,2
-0.628471233871235,-18.7920601939575,6
23.5016078598679,-16.4316679645683,2
-4.53259970059955,0.278436373339673,19
-0.443627136419297,-15.1266764056107,15
29.3265068369837,20.9314955601336,13
-15.2126452795312,20.9764774186402,20
-12.5269827402894,8.15929819174684,12
-11.8543032108461,-4.37818215434808,18
6.07971535155162,-2.7565449166154,7
-0.947427903437201,-11.3707910541201,3
-3.95919533769537,-4.61819280482249,5
-5.86722309757019,-8.85082632424869,5
1.67224509724315,3.85031787711097,12
19.5616709428788,-3.62887224657499,10
-2.29206430910058,-11.7322080136767,1
-3.72648520227299,19.7650122196897,10
5.49640298640855,13.9509649758474,11
-3.55200961926445,-5.12249316348754,5
-7.37033655902382,3.29344572905561,4
6.43227046824298,-10.4077514984889,5
6.03607153034917,7.60853157381323,11
-2.47196078282487,-0.294887275593467,19
27.7232165111718,2.85659993416478,17
-10.0648284873313,12.2745787511175,9
-7.90604082519024,4.86931789036005,3
28.6198873489327,0.670965990822764,12
-3.70577628302906,-7.77792622055814,5
-13.3421185152656,-1.7895748743574,18
7.85557461336734,-0.436219211826137,3
23.4365874775294,-16.3689147447135,7
0.987946879863788,-5.37857432259508,11
-23.3985943896707,19.092039779845,19
-6.89304225330189,18.054429446282,4
2.26220325672155,-7.96322144130057,6
29.3224561274961,11.8249515870273,8
2.42991798881359,-9.25425534880107,13
2.3051622695594,3.72883228441991,14
1.08985217841019,6.33385136965493,19
-19.1984022998504,5.85144999539445,13
17.8993198977892,5.77105642379888,20
-14.4718988392191,8.8345419186375,13
-1.30546977852346,-16.4522209295309,1
-6.93564762315563,-6.8679522442304,11
-7.65112162499494,19.5522358087767,4
0.57910979388827,26.3328952567237,11
-4.88744446879464,-15.6696917744076,9
11.5742705354845,5.96928326882162,11
2.35549039440524,-4.09937647949036,2
-8.5421788941148,3.05542641801582,20
-16.4861835179041,-12.6329910315181,13
30.8825748521696,2.08074946744683,17
-4.95993811224156,20.9664656387728,18
10.5011464888437,14.1003939947727,15
0.047950291346562,4.11022615958123,3
-16.2350939775925,2.51048285658607,19
8.30691288038697,2.8784416992361,10
18.1502776360892,-0.107757098406118,17
-1.06444972435559,6.414284731339,12
-4.48849098337842,-4.12463033295187,5
19.2524362733002,-5.87152140067349,7
10.4540224347378,-20.6744384758488,10
-11.1338631763142,17.9899060585118,4
17.3480745140675,-9.33398665316803,7
23.7477672695718,-3.03080804271774,8
24.1563601062219,-3.48704030972536,17
-10.3736391632342,11.2899107757842,9
28.8904610892192,4.61486077642405,17
27.7584868054529,2.32987736448325,12
0.383050822025812,3.49515211469276,1
26.164195254589,-6.30438334079748,17
-23.6900811382724,-7.1533957390823,11
-14.5275806623908,1.20314207470494,15
-3.28877132056225,11.9534132401663,6
-12.0259154315121,-8.41382842488712,11
-11.0533595627226,-18.2980258481017,5
-6.03128740206534,7.101995211996,12
-4.72664747168848,-1.51341136052958,11
-11.7710111746009,3.56456010844207,7
7.44212199220515,4.46865328319211,10
-3.13260676776189,-2.28856463389326,5
-21.1708270858582,-4.55303656084768,10
15.326024041686,11.4175365326288,10
-4.28308832127839,3.52905328152217,3
-4.97921187878305,-22.0409696833205,10
-1.86110363430579,-1.70130726465245,10
0.733329295513049,-5.77097460736832,10
21.7347857410611,-14.3942852814671,9
21.0527987416166,21.078298153813,16
2.24225597224749,6.02744732651968,11
-8.3124147935833,5.76703903782048,11
29.3198930659064,20.943766599022,13
-11.4095869927635,2.96280922498341,18
-1.57755813382067,-6.80941785897634,5
1.41291016579726,-23.0001159117738,1
1.29257375767133,-4.35538909716093,5
-13.0178930276445,-10.4578205772483,19
-17.5673297040766,11.333387897548,10
-28.8084156510923,18.2226932753402,19
12.7798979874911,19.4170242463383,8
-17.2851347652027,1.35006026572969,11
21.991293681152,-14.6056237822557,1
2.56814197982329,0.75587558469091,20
1.42927589356228,3.26116609972474,1
3.96873774453675,-3.63674835871842,3
2.46283423693201,2.80247488937622,1
-3.98395132007356,0.584358123756564,1
-4.56502858198206,-1.86034914198673,10
-28.522117003348,3.95537835218334,13
25.7292031748778,4.19815346154858,17
-2.13066851249046,3.63959101380421,11
-9.4174774762377,23.9458282125133,4
12.4570009545512,19.4672542633906,11
-14.733274398023,7.40818444895562,11
-11.4317915766502,-2.78357939712362,18
-13.0831416342029,2.06160823555107,19
-6.60466013662028,-5.73456759659035,19
-17.1433773116561,17.7333009332138,11
1.78783436807612,22.8348244039518,15
-12.0055091167592,-5.22500325580233,19
-12.9522382121827,4.09734534771387,5
9.02481784898224,11.405407577534,1
13.2264290493423,-2.56057817277622,17
-20.0162132777184,-18.5647042942458,11
-6.25694062889646,-11.320073205015,5
2.33509358159762,-21.2203616995006,6
-1.06648635269111,3.39267902886453,11
-22.2737736302327,6.56803943353541,5
-15.7425505798744,14.69799521334,7
2.20468524756155,9.3014418180711,6
-8.63521986665563,-5.18136720550317,9
-0.0660726782827412,0.843946523455691,20
-3.75667469869573,0.0716542250988402,18
-9.88908411701215,11.0460565556981,18
12.8051029440913,-4.47452396088785,9
14.7342668265658,-12.6931897091883,7
-1.47020283394895,1.31214603886561,11
12.8023382304405,19.0129441769122,7
-1.97325397379656,16.5384446698957,11
-17.523653357344,-8.47972560571285,5
-6.54297796927754,1.25049840347525,18
10.7368160435115,-18.2447705417287,1
-9.82922683395839,-26.2322425034334,3
-8.73889031475519,4.7900786942049,13
4.05962661374645,1.06129613062949,7
-5.10565387914384,9.55799133169377,9
-8.61428482924879,0.638720591154687,16
22.9741556342162,-0.972486802255847,17
14.614209604632,20.7031385735838,16
-7.73736257989071,1.26673705359326,20
-7.36476071612734,21.6767671406065,4
-2.90886579714421,-0.467599166657404,12
20.8527907770154,-4.6678176632914,8
-2.49767708838927,-0.293841095638614,9
-6.12254021917725,12.6442188809103,9
24.5342725353379,-9.25853147959424,13
16.1303529159379,-9.07230829214621,15
31.6651828536398,0.532437639891593,8
-26.3987805817943,12.9493546112158,13
-12.8482430412988,15.7230962503695,8
31.7925413007736,0.847365441481167,17
4.89268201294486,-8.07636501893668,10
30.0942326460665,7.1482878063317,17
-5.63293443383155,-3.15212613236152,11
-10.3939232719278,3.95041005579184,11
-6.7633912339825,21.0402695317852,4
2.50528106481899,17.6607478854905,6
-16.157365870513,2.46889687549546,19
20.3145766967066,-8.10142847863159,7
-14.353185744995,-6.10860408614161,11
19.145092456206,2.01652915733578,17
-14.7610702261818,-9.78100674792119,19
-6.30002572331667,-11.5252162813669,11
-7.08204745404494,-3.55233040934405,20
-4.15432308798913,1.15650782650086,11
-4.29068939499772,1.67596967833003,10
-8.62541465549194,5.68279558562406,3
-4.60725907912733,7.73849945333297,13
-5.15401872023201,-4.22448243864299,5
2.08759188598099,-6.24208536089682,10
20.7467286552676,0.902313631194978,18
-7.71902412291769,-7.96674848337795,20
-13.9184363288296,5.66956951131107,11
-7.1360342168971,-6.74714880512688,14
5.17512682271076,-18.9973754827505,10
0.70122268551632,2.42975973973256,2
0.885431902674813,4.59201151533355,18
10.2488238760056,-10.7993917475955,14
6.66856807864298,-1.36736271330906,16
20.4041585480646,-3.0288783053118,14
-28.2340992616261,-3.87062310215011,20
-3.8535087418302,-2.40013426087861,19
25.4061772612296,0.6760958081346,8
-7.45910800189558,2.02686162597357,18
-13.1826245380687,0.0600609544372603,18
19.2695195213271,6.86355913933736,16
1.31948351315523,-1.05590888090724,16
12.2456210668365,-2.14168891302875,14
18.7763271010884,17.5534764470618,16
9.47819040309512,0.991824399528741,9
0.454166813118518,3.06122743621691,1
-28.8990039167826,-5.25515973380888,20
-4.05686213954864,-13.4661876248869,9
2.55217693798062,-16.1789206718383,3
-3.08234243863833,-3.05067023463449,8
27.6792957194183,2.85955114632602,17
-26.8669059073542,13.4446215561443,5
-0.262260447112799,18.5744911375744,6
1.30090992240187,14.9933046630825,6
1.61571427144605,18.7379660649234,6
0.0526968316997655,9.30510004433289,12
4.56401006408955,19.1892999043497,6
5.74085310765506,18.7807909172841,6
-0.809697841999996,19.5182162450216,6
4.89940289388904,18.8964835950731,6
4.84284265194042,18.8309238375818,6
-0.28271632807738,18.5705444515665,6
-14.9459895273333,1.23786110749202,19
22.089042798711,14.6116955697052,16
-6.62315852025569,24.6272378058587,5
36.3944583883183,-37.8758298480602,9
-3.85517266663346,-10.2885316253853,15
-14.2517118337036,6.53773796193775,10
-3.57067332305808,1.94333897645696,14
-19.2935482929457,2.33213989722014,19
28.1434656173075,4.02238928480643,17
0.498792801159251,-30.478836106634,16
-17.027599243177,2.91086297404402,13
12.5753650267144,19.54983602196,3
-5.0916539203269,-18.3045628290999,11
12.773251461674,-6.32342093559529,7
-2.92209606223096,12.1714194902588,5
-2.20946004986629,4.52295588359466,8
-21.4714324781122,-9.48158524555713,19
29.2157287955501,2.27117046010717,17
-9.368076696217,5.349497539111,8
25.1427326612121,6.29552174564218,12
-4.09874416080628,17.7390336067328,20
28.1209221697088,3.20251833343301,17
7.02665421225564,3.21553476113573,5
-4.97695238027851,3.18330766521393,4
14.1400613237473,15.630212047473,16
13.7112596981166,-1.1130235224294,2
-11.0818227412647,-5.9927294832192,11
27.9319934627314,8.41116065298882,8
10.789230116894,11.8199984844836,8
10.6863099248837,-18.0136710053756,5
-14.2374359857355,1.68810637644123,19
-5.66503053945577,3.41347046591643,19
-18.4470685146407,-6.29017667903228,19
-15.6811867873637,13.7539379374853,19
1.43980409086556,4.63256445913801,11
-4.76348516953321,-10.6890437474992,1
29.9210146034694,2.39553814055066,17
-11.7143206467186,3.44963102632019,18
-4.70306628669296,5.73749839603852,11
-19.5094470830863,2.36589828237184,15
7.57352242516227,12.471305501785,10
-8.0401188555747,-11.2642019515713,11
2.64801443341428,5.96808160244286,11
-3.75631217417708,8.06605824216025,14
-13.9755703142055,-8.89425399752912,19
24.9083237827855,4.54405069952989,17
-4.61565805005037,7.82243631171582,18
6.4940766595899,-5.82869265177002,18
2.38223980223295,-9.31667764492625,20
13.9264401586483,18.1057102905979,17
12.5297681535363,19.5565797184138,3
14.8585341816562,19.4286202330413,16
-0.0951292065392036,-0.453817546978726,12
-4.71436844344284,-1.20247264007611,20
20.0930399377952,-45.1039097116182,20
1.68303956350199,6.98910912573369,14
29.3235885399962,20.9487478263253,13
-1.29474221114755,-2.81785327387422,15
-22.1159280118455,-7.1468048393945,9
-8.80982810059709,-0.284204903124054,15
7.51284266523261,6.6117546528914,14
-3.54460746941531,2.509208525711,3
-12.1005912998445,21.1035348024908,4
-9.37491738500256,-1.7536710168906,15
-23.3672863451892,4.22904426773476,13
-7.71598610126029,6.11254121615388,19
20.0160457357699,5.11944377005057,17
1.01559086201458,1.75560877537172,15
0.595873273791566,-6.42845412496692,10
-11.6660428197307,-3.47374337138678,18
18.1452687771089,-8.90596722972665,5
-6.67497981631544,-4.1341388220589,20
48.2910737333742,3.48195527288694,4
11.5611202561185,14.7401859080636,16
1.08065899717112,-17.0411210395147,10
3.69753745374644,0.794132096502484,11
-4.02874376420765,-3.14983864675964,20
-0.253772081455096,-15.4074281017456,1
5.81625594745443,-18.2722581923676,20
-2.94679797236191,12.2887223425637,10
-8.65574051568183,13.816237377135,7
2.03485061678974,-3.13206337209434,4
5.87888000683172,-1.91265340691532,18
19.5379406253338,-3.63643569225577,8
11.6839437860216,-6.58247977810768,2
-16.9929228141818,-4.19338305930419,15
-13.0763588178631,-0.683230861684176,20
23.5860715211909,3.91121460805338,17
-10.0514190858332,-0.702422447172108,18
-4.93757392956103,1.0133540806984,11
-2.63001711479459,15.4532824846905,11
-24.4359102381383,1.94136110457307,20
-13.8963338453121,-1.7623612261065,18
-23.3184580922108,1.60558813412563,18
18.5369869257154,-3.84123283458544,7
6.74333282366441,-1.48308458917966,16
1.07765635434943,0.304446610524499,18
-4.16307442206704,-11.5133134638191,20
21.6537814562309,-1.98232056435473,14
14.3300419853866,9.17991628486912,7
-9.71615679386128,11.2551030828926,9
25.7189612554182,4.61143606269806,10
7.52001321157781,-19.5717216121137,7
-5.18803668017066,-10.7297005829553,11
-22.1527056292749,-4.14828655925014,3
23.4412607604528,-16.3889711610015,14
-21.0654171060206,-10.9145920599576,5
6.12884399846592,-13.8406429107404,15
3.2353947877418,-9.54826763234771,10
-1.07578901423559,-14.3873792859417,2
4.92854550711995,2.08927880777181,16
30.0564321203483,4.05296091216858,17
29.1406996214295,2.39376050195723,17
-7.1881059473548,9.85837604900056,19
-9.83553876223216,4.39970233002825,3
-8.90088027895317,-1.02163073748396,15
28.641059596448,7.98319098048189,8
-8.10609634551531,3.30963014701777,11
-19.4820173251242,-9.57730467346326,20
25.9195408095641,-11.0840344319225,17
23.381707273851,4.53810907666103,17
-2.05978592838351,8.36806466135811,9
14.7649035605681,15.6741352354065,16
24.2277079939353,-10.7804420245001,7
-8.77723444455869,-5.24245929166059,9
12.8049794631095,-13.812082229326,3
-13.2830847163119,16.4816162379235,11
15.1205477009472,-11.5584670343738,2
1.745994289291,-3.45893470498084,9
29.6614414885844,1.46565730328254,17
-12.1955552148558,13.4486734651606,1
-12.7900900739326,17.5232303277771,4
-19.8159841747407,22.1414493633469,4
-0.892154846767227,-11.9693797305488,3
8.20052774554624,8.398640843001,14
-3.69830208821253,8.08680512848968,14
-19.5951416217486,3.09406951935729,11
-0.660830574178322,-10.1066060008623,3
-1.01339158905424,-8.92250537363326,3
29.3216160504744,2.61924163706748,17
-0.599068998083232,8.51041166418868,12
-12.5924121282256,5.12442135657912,11
17.8048348582286,-9.07262300924647,2
7.33776312823697,-19.114944013909,1
23.3277344381414,6.34152611618103,20
19.2332940588314,3.97984615470256,17
29.3271317564463,20.8805379926354,13
-14.1350207366219,-7.85838907741984,18
-1.89295908298376,10.5889976177732,9
0.843135457203212,-30.7473301696974,6
-21.1947886874561,-10.6118997126151,19
1.3083531269839,2.16085204320483,1
9.56584968781096,-4.62878596972978,5
12.6131749843804,19.3716543868834,13
-6.54400540138282,1.21260606974732,4
-0.808203276427677,12.9078685614512,4
-10.9917486989062,-0.188638114751123,10
21.1804262149565,6.0582778301461,17
-21.7906379244876,-2.68380157246261,13
-12.4277866651368,20.1651681535763,4
-10.7262450989344,6.21129754776578,11
0.873766179712675,-0.26128461472151,18
11.4477404640844,-25.561556462715,2
-22.0563531168318,-4.96301562186552,3
-5.3977298140843,7.07751303730785,11
-24.9005112587138,-8.09491881951881,4
-10.4544094455695,10.8662348853465,9
29.2640286676989,2.47537481450292,17
-17.7098259728809,12.7544588698513,20
12.7980981405238,-13.8317299447164,3
-9.14116473926802,-2.67095841663557,18
0.052359836004719,-16.5537570099168,10
-11.8591016780584,-2.67333026849517,18
-9.93505834574013,-26.4499648456812,2
-3.37977336425658,-16.7818598681733,1
-24.340547361326,6.47526391624351,19
-2.22045262374731,2.19622860082722,11
-6.60061846260426,13.675069788991,9
-8.42968302877228,-7.2220510461886,11
-6.34688635430416,-14.2933565300089,18
27.4669255094842,0.646018947104104,12
-5.17507865659497,-2.45678793227063,9
-10.1443574619366,-1.40896469534999,18
13.4603564844962,-6.95535910653202,7
-15.1601222312757,-13.6485196966862,11
-0.984364343136685,-3.73516059567983,5
5.7241117745349,12.8357200940829,3
14.3319722182967,7.61415166537906,8
20.9438851911004,19.8645564037053,16
14.1376000493661,-1.67298797282316,17
-16.5127626494951,-10.1240137845409,19
-0.347243426646387,6.36053915324068,16
-29.7357666528051,-4.33284052820188,20
4.24222952613129,24.1121044556977,2
21.244876826855,6.00943834652567,17
-1.74854142834306,-10.9472177757259,3
-15.0521395010493,5.52609322982409,19
-1.43504716942003,-18.8818810922394,10
-3.52675060524472,-5.76342003315948,5
2.58655872980396,-3.82043944132261,18
-24.4127727366508,2.8057310860014,20
-16.8435626903104,2.30179063193918,5
-4.5319783496698,5.62766515683048,9
-1.38208116378128,6.10604108817935,20
8.99036957172517,5.05947225707452,13
-2.28152989935371,0.606202396629451,9
-2.1963299857039,2.01712364811211,4
-11.4591362204222,-5.66680250759901,11
-6.85175531838995,-4.80916440945879,9
-9.15158968964011,-0.931129586109792,15
7.57387594329441,27.5188060197629,15
18.5763075864972,-3.84564310003125,7
5.70538478750533,-1.53937179965037,10
-6.7252374595255,20.5934666125696,4
8.31627305681308,-17.5700659646465,16
-8.04520675559088,-0.996362004631783,15
-14.0914525377918,10.2922361295256,4
-1.11520105320451,10.5228857767985,12
-25.408969364819,-12.2491844993391,19
-1.38468678004698,10.3291106813075,11
23.3863659953235,-16.4129776070546,3
12.6459413833358,-9.38330008607083,7
14.7666009407648,-15.16875891667,11
-11.8021046614226,-10.6482542068656,19
17.154157059776,10.4805974937132,3
12.8192281590802,-13.7736930889727,14
8.43870137809921,-2.97561603882538,9
-15.5861983235217,2.60320010424898,19
0.131428128941723,-7.8371143060144,11
-7.04028461581335,21.161226616671,4
-7.63164794471695,-6.03576031226192,16
2.96297351401323,4.95472779587041,20
-19.8153256968367,22.1414477174661,18
-19.8155716627732,22.1415264541354,15
2.97190635839194,2.34715938419212,5
-19.3506391577561,5.68764668518794,12
-9.55213276463887,-5.53015829295557,11
-18.2328602109467,19.1623398852176,20
16.171320647216,7.4000697599931,20
-1.42500291212898,-22.4324661523562,20
14.2064821839655,19.9580859354923,16
12.067728345139,-8.20368199178237,5
3.59527574382034,-12.1201733658784,10
-6.92604832949463,20.1314601530456,4
28.0572982394697,7.61126089117276,8
-9.87644057240371,-16.2266711288599,2
-6.29243154782079,-6.38808671214446,11
5.92746293898439,-4.64153818003307,8
3.95736529062482,-1.4221331500933,11
15.1385683496199,17.1553128663498,16
-0.0784966693484929,0.784065311756949,1
-17.4149657761786,5.8212733657229,16
1.94828054532709,4.43374308171593,19
27.9447730714208,3.73122991526008,12
-8.73859970489992,7.62486004160167,18
-4.6895884309382,10.6926685659821,16
16.1203582790111,-7.13482384807842,7
-4.69343627332196,3.74863633398411,4
6.80605570827275,-11.4922528418759,20
27.669205827434,7.23953088262842,8
-3.89420733646542,-10.9555376212951,2
3.29463263557092,6.87877598896812,19
3.76055618027565,5.62606878153256,11
30.6346071921365,4.23638946030554,17
8.5027796857853,-8.07251464270396,5
7.62215836961675,9.08897761960051,6
2.24725130281236,-0.438122823604621,10
-9.7332855389227,2.18394206198637,13
-7.97346068072369,10.7592137115009,10
-7.49467976336813,8.66777541708172,2
1.48232769818322,-30.9829574850217,17
-7.6707092584647,21.7734582675301,4
10.9065746204348,11.8503732341031,12
4.27965426721836,-17.738427427012,2
6.01604398742621,-3.48476480831655,10
22.2503684143995,6.56946302746729,8
18.6750411642972,-2.20298941780273,8
-2.30847177504991,17.1433606401781,9
19.2389511225191,8.83359862830403,16
15.9520456632147,-6.67899549756406,7
-7.15139856567472,-0.506684653381908,15
30.3981226211761,4.76145134398886,17
-9.73484267826979,4.31478347494348,11
0.838506855620139,-27.3090107792865,15
8.02429962116584,-0.0854900451576493,18
1.22351911205622,-15.7030762651283,10
17.5059198320799,-4.98751733555328,8
-16.5598755127165,-15.8032086094131,8
9.61150100066374,9.52282442018246,8
25.8876985949179,1.68441324118477,17
5.58271051722144,-5.58836809541637,15
27.8032089044546,1.56568710537236,12
8.24902033797576,8.43654914132132,10
-20.9760798215764,15.5079222896885,11
29.802770515323,10.7976975223585,17
29.9562288387808,2.11292608674696,17
29.4877939961997,1.21139118243999,17
-10.1447126421025,-9.44622020428542,4
30.3189270911577,1.97006531933725,17
-16.7017741055299,11.612883351064,15
17.1281936815637,-22.3817568703428,12
-4.24296542496049,-8.82459556102759,11
-8.21210989774728,22.2472016985977,10
11.8720960081777,-3.67098747211626,17
-2.26997623854939,-1.29023800112699,7
-3.9018475177118,-4.09004421351082,5
-10.4568803017886,3.62511229291344,11
-6.36576173598686,0.243275683723003,11
8.20070681637128,-4.25181383348143,2
-15.3861069704118,-3.34264287905205,11
-12.8297759592061,-11.443943542624,13
-15.5769862566981,3.60978691935197,10
7.6141557387732,-1.3915928362202,7
2.27473129188256,-11.3098142326293,1
-2.40042439101404,4.38353618450883,11
-9.6528953189876,-0.0300461596794241,18
-1.57929994530878,3.83181402097324,4
14.2171815856203,18.1033930468032,16
-24.7723954479237,-8.36054206232228,13
-5.04830433097242,8.85019331759147,5
-0.324768748461146,17.1914995386072,6
-10.0961453385628,-7.70215903477251,11
23.9087807481609,-10.4064239758812,2
13.6305274479571,20.390296175418,3
22.6338207754139,1.47393956932626,17
25.4505618257053,13.8379858427213,17
-1.61348129066802,4.01448642684364,11
29.32707949339,20.9210413419956,13
-4.60797027693923,7.64452333532511,6
-13.01097698346,6.75745233632714,20
-6.3694993459537,8.50442293878444,20
-6.01553927415317,-3.18853543558377,20
0.453555547368108,5.3660059004549,9
-11.5201881222201,8.40857932354831,13
-8.81384349024642,-1.15238134229448,15
-15.8078198826198,6.45737294361637,19
-9.18349065893966,19.3793521210801,4
-9.68231707994894,-5.97588124031279,15
-6.38198216805615,1.09935069668256,10
8.06163861156225,-28.2604547437389,3
-11.7181057400006,3.47533964594223,5
-11.5137975056595,13.0499344795721,2
-11.1906504472454,20.0623540516558,4
12.2559786318616,20.8561822579848,16
-6.18961246605547,4.77336851066509,11
0.0260376539624754,14.5830032534026,9
-1.9717797170698,-14.7593530256929,15
-14.3706355838376,-6.0699105861753,20
10.0874477850352,27.2713767484434,11
-5.67160797251402,15.5638873816083,14
12.4912028378837,19.3467707779124,16
-2.73217312349317,-16.1020893189497,9
5.37967619348787,12.153489428875,11
20.6630746302491,-1.49424616923935,8
-3.66214986191091,0.726360639797953,12
18.8263768413139,9.12034894959717,16
-8.15812775617258,-12.6733398878832,7
-8.88609429790817,14.0154246169712,7
-7.87406293385467,20.700612301201,4
9.48896838135244,5.99351984454953,6
-7.71112359009927,21.5254615259122,4
-3.65208600175999,4.78829957253704,11
-20.7567003214396,-3.70240001650351,2
12.4355476675466,-22.2351864730483,7
-2.18817527775215,-0.204432487295072,11
22.1040577061761,-4.96610871725348,14
6.32924412437889,-4.80856182100995,15
25.3327019785329,5.51538549514098,17
-0.360724122145805,16.0535011354502,10
-0.965445054778401,-27.0048069588494,16
19.3705134937332,-5.57832338766153,7
19.0219510887081,9.55486769333946,16
-11.4949387647174,-1.15033926001295,18
-1.92892104069987,4.85040742884407,19
-7.82957827272746,-21.8568511633442,9
33.0113847395795,2.47462955283814,12
-10.2017401100727,21.7158318240613,4
-16.8729236892706,15.8134716463565,11
-8.08444940680691,2.18366755916809,5
-5.21818006228883,11.4734671770709,9
16.9641386907872,16.7909781610387,16
3.77073308599284,-0.582447502580606,14
-4.95653150584534,-12.6292503668892,11
0.160322421739087,-3.42399995113031,16
-6.61416360709448,2.22633488071697,13
-5.19941540344128,-14.586920264982,11
6.89107754420326,0.198679440736141,7
10.3926543286966,-8.57625269655697,7
3.99475394636212,11.6955806457891,11
-21.1829872628401,12.1407295864765,19
28.0778322936092,7.41758763073289,8
-12.737352272897,-10.3498952760365,19
-4.6256760854941,1.46131981613227,16
22.2405564640689,6.60404466274912,17
32.0951981700439,2.52604030736219,7
29.8267719957466,10.7680431570653,17
-5.86852854098479,-8.32051071617465,20
-29.2510736147196,-5.11800346556648,11
-15.9437793199543,5.67875855346286,19
-7.65241692833529,25.1579711704566,6
4.63078368521294,-7.83425410022354,18
6.02439002968189,-15.7392431679187,15
-21.1664712558157,9.61594002478781,11
18.757731943831,1.16140895047183,17
5.3557223808393,-6.11595236696499,10
8.39453283037914,7.83640432614348,14
1.32477373214426,2.40931581246521,3
-17.4501005611236,-3.02047919612017,15
2.09512606752937,-3.08702432166957,6
-13.6273856925127,-11.0221774851126,19
8.51753123896943,-3.12391561128026,5
16.6198358477081,19.431126805571,16
1.51892364380482,0.575600450831772,18
-6.74490107796999,4.80089101720814,12
9.82801902170593,-2.11328875188932,3
5.31239213207536,6.3299452319366,13
19.1010580238336,9.77973341111159,16
-7.30870187195311,1.2474161643819,18
-17.9526313585892,-2.28179029954651,4
-6.76873376949727,1.74474304097745,11
11.5404415542079,21.2659764625917,11
25.6963696200311,4.42176978322813,17
-0.506233671460936,15.862317602083,3
23.7842972280881,4.11924429335793,17
4.04295397149472,-18.1931344568612,17
1.51389120232186,-10.0729274526423,10
-13.9117706763322,-9.00229672043686,19
-2.3833683130567,-11.1127918577127,10
-12.2694305987003,-3.88600074769414,18
-17.0915547044713,17.8384611841927,14
-0.120167875664253,-10.7566486707671,3
-12.0131622431946,-5.88238137407289,11
-20.1860252115288,0.796480714446774,11
16.6911270156122,-8.87363018766094,7
21.3257035191952,20.6687743041373,16
-6.37319057613049,-6.15859429929832,19
-10.7908645536128,-2.39229886586584,18
-12.2747209556609,25.140826199954,14
32.2394420791802,0.195120543860193,12
-8.24082818977526,19.7524327852635,4
-11.4084489625024,2.60161489587188,4
21.4002182848093,4.73813070956541,7
23.3244851988798,20.8431287943454,11
-5.3910537122664,-9.54987975434069,19
14.4600838909596,9.05199006373339,15
9.04406352635642,1.63443089906188,10
32.1932784126837,0.391211372426154,17
-7.11644092165313,21.6414562931147,4
10.2802073619792,-11.7471047315926,4
13.0369311419515,-4.99096944433029,7
32.6534757876727,1.08008577132455,17
0.634794501263164,-30.4418178915434,20
-3.26594398535318,-5.13829492015818,5
-10.6324885737677,9.26338359731952,13
-12.1956667440879,-3.225795411926,18
-13.5011131993845,-17.3769538641474,7
5.09954459249784,5.90406024025726,11
-4.99285401048973,-9.74721024903463,1
0.796407804917577,7.5768612569766,16
10.7907721647496,10.6286823987369,11
31.709439550545,1.55287894829799,17
-9.20867252560952,8.8439003627661,20
-4.46788781894394,-6.69108460410511,5
9.42614587731361,-7.41940079044102,6
1.22710899636651,23.725400376823,5
-9.36203741208449,19.0434255908395,10
-7.45452333789518,8.98019650672845,14
-18.0646951776225,-18.8601037477176,13
21.6228365354155,1.25599237063159,13
19.8052948403119,-0.590747883707152,17
18.7340428064952,-13.7082232357054,7
7.39208922756829,-3.98545647990519,10
-0.98405226062598,-3.34242775774395,5
23.2602565495531,3.35444422424135,17
-13.5853627595365,-13.8829366620975,19
7.93676513158952,9.91639421026896,11
5.82101608524784,12.8998806653702,3
3.7297118442176,-10.9235544101724,2
24.5197074523556,8.15084969493891,8
29.6587664059406,0.95485983689567,17
24.0118127109453,2.47009241623325,17
32.1633550649941,0.376081503217321,17
32.6231545409429,1.09432243050991,17
29.9026675200337,10.8517551462081,17
18.9622892655588,-5.97483660789761,7
3.97002970853789,-26.0465011412533,2
-20.0462336716612,-4.84260408201531,18
-8.44253035327014,-19.0765427440562,10
4.51453417249806,-22.7511516072959,3
-3.71537459131894,1.90780530302752,11
-15.0112252695206,22.9868547268612,12
-5.38527975547512,-3.66004452638797,20
16.0043660665965,18.7741885859006,16
-5.10266322810483,2.32652045588028,4
24.6648784928905,6.79360779263891,12
5.02140701928657,-9.20366707642858,18
-2.29198283488608,4.3962728648675,1
-2.82758007029832,3.20349239780516,15
-0.611689124571105,18.2100776534982,6
-5.12684519373974,13.5207353743862,15
10.2075556487922,3.52515879486024,4
-1.31045925724346,3.10437334011784,11
-15.9179559766164,26.7145528932112,3
-0.228237704407378,17.7260429539479,6
5.29206601769914,-16.5542873090184,1
11.8037652716947,7.55333256045628,1
-17.2148579973071,15.3766296319426,11
20.9395064460167,21.2703028612913,16
-1.75287790585017,-10.9155042003162,10
0.51042210282111,2.11250207093776,10
-9.85365604434007,-2.02382817284607,18
6.5826464011317,21.4846761677936,19
-6.55343945028653,3.29171434382635,11
5.8790377925538,0.598195949742513,11
7.21809114623884,20.3214962729718,13
-6.90448509250295,-15.4014066655969,5
24.7442166025567,0.565220016710298,17
-29.5812761852234,-4.41118222783909,15
1.12342775426514,2.97669799601773,1
24.0139965211425,18.8660420904633,17
-3.17470948117503,-1.33614666023079,7
-18.5103973174903,4.9500669964421,11
-3.55812761302005,8.67654924874674,1
16.4637090884249,19.6893160055837,16
5.80273619906731,18.8136229813853,6
-1.19770206499736,18.4294830962089,6
0.296512277527028,16.4047830525795,6
-0.543422539660692,19.7900723129685,6
1.78262988098956,11.2210826833082,6
0.804967718098625,9.35292994691563,6
1.44278706698982,14.9977838192004,6
1.16203997678721,17.2760986517878,6
0.601761943258673,17.014429511644,6
3.63647357967695,18.9403538270274,6
-16.3277827641232,1.64319986300014,19
-4.25704416623016,10.3699990427353,9
-1.58779352988028,-8.23725115245059,7
36.3945274644063,-37.8756461227019,9
-18.9884739171562,-12.0361348483362,15
3.9676938966593,-1.47388167518769,15
10.5781858149007,-20.4167400614443,16
7.8215742203157,1.40346651986334,20
-9.89727079222433,4.35079658011048,13
13.0984317435934,20.4675944883493,16
-14.0359996106301,-23.0105192177772,7
1.92961233824145,1.21958098038677,11
13.088616840337,-7.22862991008688,7
-8.78748570250842,13.4328061407431,11
-0.503706996576642,-4.99364873844433,10
-0.479448474839254,2.98363442893675,1
0.727577986111925,0.270718189035418,18
-18.4143679957303,6.09078923952418,15
23.4016322589805,19.3053651734899,17
-7.76704916243222,17.5386418179008,5
28.8399350246863,3.34820690899166,17
-16.0180226762986,8.38596012443802,5
-3.0222242118143,1.51829570160112,19
-17.877859873998,-15.8706835595861,19
10.2354419444986,-20.6311048540084,17
5.21612036388496,22.9629412083923,8
-30.2970648954544,-5.16855909533253,11
-11.1496344950729,-5.91141047395158,11
20.6397163009483,-5.79889978013057,17
-10.4079981330261,-16.3353135478148,7
1.2071661214852,-5.3363030656592,14
12.6616156653766,16.3516586869926,16
3.22493870578271,-24.086973290657,20
-0.580859946217239,0.579072262082766,12
2.33978259650884,-9.21638904806238,11
-20.6259918461436,2.46525052012256,11
-2.41006132192868,-16.1691239547798,3
10.2830399570632,-20.7459811832626,15
10.6437044318023,0.52513848522004,17
5.04155047275837,2.92365400596914,2
-7.71250616734219,-11.8333017305962,11
3.29541882428848,3.77661406951919,14
-4.07673076196332,1.34486094251737,17
-22.5945223448585,11.1438644615139,19
-3.19756691829859,3.16125223299903,14
10.1661675984845,3.19062990533699,5
8.22816547022002,-13.4498730208521,1
-15.3727626361446,22.4865572356205,11
-13.7870375898432,-9.12261652316913,11
2.60799146607229,-7.43568689487904,13
28.7487454957648,11.6080900436383,8
21.0027272836119,-12.3137976591141,7
2.45235953435431,5.10132143088982,16
-11.1676124726876,8.10270458426723,4
10.7428820614666,-18.242442700055,11
-3.82378593477907,-8.21365646745251,9
-7.65415580495709,-13.7019458121276,18
12.2930523736915,20.8960065931386,16
-8.29744139073301,-19.1553730668173,11
-13.4920447891909,-10.8443401724895,9
12.7850983944748,-3.28201775663562,11
18.5206710744502,-13.5719400772802,7
-2.63715382450575,22.7863952217885,12
4.33723421398917,-13.7774208028376,3
-17.8589739558852,-2.28913321392496,18
-9.68042697315874,7.09158410946734,13
8.09591381741705,8.4207314766771,18
14.7386708702682,-7.28667453673597,7
16.665024333144,4.61532579207609,17
-0.169689895080119,11.4466590989695,14
15.2210429839561,-17.542342380664,1
2.86963707216802,-4.55779211422966,2
-2.46180928292121,5.4444087740328,15
-1.51486224283747,-30.8213591680451,5
-14.0654850360527,3.41669700027229,19
-11.0023823486302,-0.400856629528866,18
31.8328079994236,1.64226858120491,17
1.18475374074853,-30.4193133187331,2
-6.71164820278048,-21.8080844164125,9
-5.67949280782689,2.56166029084601,11
18.6504174861903,5.81253617798889,12
0.814476385274909,-30.3970984331528,16
17.0280578003653,10.5591629113017,13
11.3422510288862,-16.1016769307157,5
-5.33747132496008,-15.7630003978597,3
-5.58693927940814,-7.94008577179574,20
8.24872094407672,-5.10251574947915,10
11.7872719379633,21.1264267113615,10
-5.97148560881737,-1.28956338041447,15
8.57545503298055,-5.05927914304623,3
23.5509264794276,-10.9129084860558,7
20.1075102590911,17.9082525155658,16
16.5401732044148,5.73681598387911,8
6.85373807267627,-2.24884086327779,10
6.46892732704441,-4.75550453264256,16
-1.40184080050816,3.84359351838889,5
3.04464352140118,-9.91691038313931,9
20.5190286217839,-5.69354321118584,17
-18.6549508742114,-10.7081290696055,9
3.64742905280335,30.0238398246729,19
24.1564067797106,18.8720521723237,17
1.74133209777756,-5.37784375910143,2
12.4459500198412,16.3822321138067,16
22.7294055656272,4.93614113501747,17
32.2391131906399,0.258384367246291,17
29.4263941912861,2.2097589394014,12
10.2485569503971,-20.7182667577369,1
-4.42052752332691,-2.51822784885273,20
-2.6115331632771,-12.0308271614213,19
9.64684641035459,20.6087006305353,3
30.6931532171672,1.68083896174182,17
10.2653740845819,-25.4387755849481,1
-2.89795069531515,-4.28453388874598,5
-14.1713719399959,3.63783301005294,19
-1.62200947017955,4.0090914182511,11
9.31743450020127,-8.61775793280892,7
3.43205775409741,-13.2900563896132,3
-4.8249020537741,-7.93396005921129,9
-7.53040964278232,-1.6580306359853,12
8.33561299719362,3.98715024730543,11
-20.17242203203,14.1550228188974,5
16.3135189697305,19.2743561609408,16
22.5311457321868,-1.86114678146739,17
-12.7119968668832,27.2244909834192,4
8.01434319428761,1.3212862089028,17
-5.92687465091549,13.5442875089828,9
3.862014387611,2.91584218239705,11
8.26651321973453,8.41723588467102,11
-8.84836816696408,13.5930912350535,11
-8.0391314295988,-4.13044068718132,11
4.29730337834757,-18.5957632889466,17
11.9072810226041,16.0430444441207,19
4.89758457086566,-8.03835615833856,7
-6.84066138076149,-1.96848393154913,18
22.1057944831385,-6.23598354411309,18
29.6107926542866,20.4585976978231,13
10.2277320967013,-20.8753204963725,2
-13.8463402379971,-8.99950192156661,19
23.0935759587424,-16.3978384321131,10
0.214619483462875,5.46795798935987,11
0.663216645098633,12.8173315795826,18
8.56568985876048,19.5995168923966,7
-4.2383773192518,-5.77485523602172,10
4.88589944282666,10.0934494377057,3
-9.23308786365731,-3.33508140079153,11
-17.8263066024984,5.07668052213515,19
-7.38552968126176,11.3750043954674,14
-21.3665593253901,17.0021066504854,3
28.3835647361058,3.0355314928476,17
-21.0247552076132,12.027950097012,7
7.31541242154589,-1.65739118242757,3
21.3377517186674,20.5546007668732,16
27.4090858275757,0.637793123588189,12
15.9200006097161,10.9327862027177,14
-3.57578460584299,-4.49080431637427,11
15.9948617270302,-1.82338588831586,17
-4.99817821970479,-12.6650310505047,3
-5.04783201249935,-12.6513800452175,12
10.5075457258964,19.3555787837927,16
-3.3324475146713,7.14574747271207,13
-10.5031205831097,14.0684056515259,14
6.41206952689365,-8.50611416917771,11
23.3092416361444,9.20958559450873,15
-0.433489567110869,0.296191986895161,14
22.8980005260379,-8.97410080859121,9
0.6896202756772,2.25275181398139,18
-20.3894685577488,-2.5306034514891,14
4.70891275979713,-8.88162217785926,8
13.837924880955,10.2054768646448,3
4.78713698163788,0.320359729528262,11
-8.69700686627243,-1.85262253145825,11
21.7651919603265,5.0945114369412,17
-0.109742336612854,0.692442643345796,20
-14.095150613743,3.55678390821531,11
-9.02171448322387,1.44090876355151,10
27.6411384942402,7.12302470983005,16
-3.61331719809436,4.25733240189408,9
-0.725290853830276,-11.2018714559998,3
4.49429112756685,-22.9942080043509,20
-23.9813317119017,-2.70676288515738,18
9.06585513284714,1.63699898339471,10
-16.1497842523085,-0.460513404940961,18
-4.02843582917436,-4.31198221757877,5
-0.686683040211653,-18.6582273968611,1
30.069608029119,0.631621442946256,17
10.6237212288161,-7.05547965802574,7
-21.325524092973,-0.249235755825043,3
-14.2072681613683,2.40345622308404,19
28.5931242062525,3.12083923352195,7
-12.0452702723302,-10.9877615197591,15
21.7957282183607,-7.4423665436659,7
-20.3887451623372,17.7571191254844,20
-6.98810478074907,9.9030892720216,9
-8.83439833553046,0.896927294957866,5
31.4262136932423,2.40524521090888,17
8.31335396807132,0.569514050639653,5
4.01689047236198,1.48204488576685,11
-14.2958894289732,-9.76139315053229,19
15.0018101535302,-5.97395213860966,14
15.0487112269639,-7.72651876928695,18
23.7888372271089,-0.301881544780905,4
-8.12694636604732,-12.392921593383,4
15.9173088177692,6.33234408896224,8
-8.41039617166187,8.44793547563346,3
-14.5563554998815,3.36793347065357,9
-21.271914722216,11.4683585004932,19
9.7504683849672,-15.6224712862774,10
30.5081660149724,-20.3206228815412,2
15.2680516728817,-0.402614170072345,10
-13.0986288582559,-10.6892883612606,7
-14.0495073358754,-10.7074240931059,19
-1.46040134526524,1.31410643064736,15
4.63472315059639,0.928149224573044,11
-0.432743902050638,-1.44768359251907,6
3.9051055808932,-1.15489757731863,11
-10.0298672310368,0.223880404006473,15
-13.5436567775491,-2.49438091864841,18
-0.177238974695733,6.47788257327043,11
5.17773712838188,-6.77776257419214,20
-9.60338865513122,30.0787859328848,20
-7.80016059012386,-19.1330522518182,2
32.0435975786079,2.4967505450483,17
10.211467377817,-25.4322369006785,1
11.9972708139337,-8.9459673073268,7
-9.21676092473763,-1.72953255583171,15
-7.5518918157869,-1.40032261273749,15
-0.34555515620937,-19.147870954766,15
-1.18136427902988,11.0272298079526,9
27.8295800797695,3.22628399121382,12
21.3111929583616,-3.94311866504229,8
32.3567854950885,2.60134084402327,12
14.2782452209485,-15.686388804305,7
-15.8857621232158,-2.18330693117529,20
10.2064302499348,-20.8840706739923,17
-0.160037528616491,-10.728897157334,4
0.399270020152997,15.5179512724933,15
-12.6534145745614,12.0713653079367,9
3.7400117304669,-9.48595986126282,17
-6.67357732994119,19.3585478017281,20
32.2590662756452,2.59139422053378,17
-15.8289572194037,-4.33109460079929,6
11.1036485967756,-5.92609094866684,7
-5.75464064709742,-23.9200631733975,20
-10.9145606753196,9.14741799096673,13
9.38521591886866,-9.4318418817163,7
10.2287033706826,-11.7051971213967,4
-21.1995762275806,12.1684237683061,20
31.9661279364976,2.4103687301386,17
20.5316280037607,0.782973784758849,17
-10.331872537064,10.8637353744662,19
2.90702404616865,-11.9006723865312,7
22.2243056315495,6.57736194242621,17
18.5800284281006,-18.1634959332159,15
0.811679798867129,0.266271391973406,15
31.8907874382961,2.39334616277758,17
10.7056299538472,8.42220678860249,8
19.98670616438,17.7539134198528,16
-1.57868171947621,-14.9482147463117,20
-3.08108413054004,1.31100619966387,19
1.0564019295218,2.62701937031754,1
-5.03268576940082,4.7825403510509,4
17.9013669343805,5.76172851897358,12
24.016697129514,18.8870180159369,17
-17.6250100811693,11.2846031447226,15
-10.8691050419686,15.9844112628178,14
14.0449347089264,2.75476400278111,3
-5.18247071995529,4.08283511970392,4
6.59498992166383,20.6410369269205,11
32.4577747562099,2.62357899708883,7
-19.3950595002953,5.63705097927548,3
17.3510004643974,1.14151220215746,8
-5.11276230954976,1.08248920333582,13
20.8877082868308,-12.3406039921753,7
28.1943168315365,7.48021427056051,17
1.41198482586162,-0.727951483446053,4
-13.9997548258767,3.41412526306453,19
16.2862090920335,4.08903050337463,17
25.7463089582796,-0.45319065678647,12
3.50484567971308,-4.99124313361285,11
14.9085080754206,7.40193948898561,8
-3.90039692066952,-4.00618866469786,11
-7.68560427320171,13.0884918541723,6
22.5814193933464,-14.408657899623,8
11.8646084781254,-6.72250846185945,7
22.6193010666549,-13.8094035865886,17
32.211082773964,7.7311879514255,8
-9.73123424286873,8.87397353002572,4
2.19135076228405,-12.5724191007328,10
-3.23732189265816,3.05848302172866,11
-29.1380944577746,-3.89732184656089,19
32.3321987486956,2.60567083921989,12
-4.694685347727,-9.64425468007147,18
-0.210912910182672,-23.4587345103522,11
-19.6178273743364,9.20327770903916,15
-0.467670781828744,-2.68473852989456,1
-8.97678888228968,-18.2652089225977,11
-6.63670042856406,-3.15045767482854,20
-6.97520563941781,-10.2956637424717,19
-6.7227771076317,-21.800617373872,11
-4.32822448209508,7.88615450010157,7
-1.41734538420039,-20.7045271199123,6
-9.96450480640056,7.83690466407029,6
13.2392992859398,20.396239797755,7
11.9651990452323,16.3416197142732,11
-20.962723587149,-2.50368901281455,18
-17.4438227440957,2.4514906070862,5
9.29205174343597,-19.1936279828524,1
22.4851996885809,9.33009955500517,12
6.09860346721846,13.2061164749376,14
25.6872264811967,0.637351678737857,8
-22.6048016300165,10.3795499750238,16
-3.69657929752218,1.59037701291473,9
1.77209104695428,-3.08005444543817,2
-11.7732778259606,7.50857693481188,13
-5.81586676492266,6.33733194446863,4
-2.68192588731293,-0.00330822514460614,18
18.9418622203886,9.11336553134794,20
-3.20274746144703,5.12745466370142,11
-7.21637702233122,-18.6202904603617,6
8.24686137512524,3.09605928254649,11
-20.667792017461,0.656808423755506,15
2.98987278580086,-3.55296353879593,2
-21.8999972670195,-3.32264524281354,3
-11.3558411026804,9.08605862123395,13
9.66340240927008,2.5360119734862,11
-10.4593603024997,0.343864128473896,12
0.0730005248091901,1.54681580480471,11
4.36259378363565,-13.8652060914692,12
5.24114275724459,13.1959090261266,3
30.2273370582558,-20.1887293947717,2
-5.27407118315491,7.17058909657675,4
-3.18641958540613,1.32777964910249,17
-5.01361964588856,3.46868564398624,4
-14.5691829630735,-15.7340486009381,16
-2.14799681352835,13.4776005716879,8
9.89049825209876,4.09745053071859,16
-13.5594823593509,-13.8182339853894,19
-12.5159900817701,8.18101165784871,9
28.8754517878612,1.28422862828825,17
-5.04166363781277,-12.8598143861972,9
-5.83387319114741,0.455644080548096,11
-21.3569976641759,11.4492348052423,11
-11.194388900701,6.25844098042953,15
-13.207835588932,-2.34823921759631,10
-16.5836322968411,16.1389654376171,5
-3.1347062735776,20.3230003259017,6
-11.6326427338213,16.8853362508005,4
5.87248402431228,-11.5554863795979,2
5.61534085149636,13.3662630050327,1
-17.255934328017,17.991969321244,19
30.9689358633275,4.12801898190117,17
-10.0101570270059,3.84225674388294,11
-9.99201888740066,2.88774228944553,11
23.467078264823,-16.4057571806112,7
7.847667332813,-11.8354200317772,7
-8.98130029856617,23.0140339052843,10
-2.94057201464734,-18.4091254283339,15
3.64738274533703,30.0257248999169,19
7.31654035073127,0.702100635920028,8
-13.9691574861206,2.30735866336404,10
-16.2950123011636,1.97428291701999,15
-28.9219115028538,6.97436215467444,13
0.691105588051318,-30.6906065673647,10
-6.4283911876915,10.7156756678145,9
-23.9546606395155,9.04244884450379,4
29.6035590883574,1.05722292381433,17
-12.143888491379,-2.55533900533102,18
22.2511403527828,4.24662952955419,16
19.0313321235959,9.52068609204396,16
19.636935438128,19.967360829378,16
-8.0563822049112,9.73100913479515,18
-20.9282912603972,-13.1436124214788,19
16.38756343813,0.280282554426418,3
13.8460605373092,2.76016275193611,11
-11.334304373243,9.0985685943126,13
1.57608790963409,-3.21822030998594,19
16.6167889513751,20.8099986315089,16
4.88572814861575,13.0799764568914,11
4.07972897049356,24.3523862063417,14
25.2446832232665,-3.18349371346424,17
23.5804826724318,4.52147091495078,17
21.8091510437918,10.2660902532088,12
-7.37752969730205,-2.10715563033098,13
-29.637387398025,-4.92971530678118,13
-5.60022709025109,2.7952553304547,4
-4.14469613136294,-6.50866576722688,8
0.293365900750162,23.2381240295322,11
-15.1928272554279,9.05391516763619,7
31.087378243884,3.54959425014978,17
-15.2986747146475,-8.44086313072814,19
0.168105197269742,-1.95066874612669,11
13.728094984111,-7.24352211825759,7
-18.3588802775251,19.9677306364569,15
5.7442143256047,1.25113742304261,8
-10.3867372472545,-11.2558693546582,11
5.91340607256657,12.7297845886842,11
22.5147559685204,-6.09663925842808,7
-7.37739144598829,3.55320705196438,10
-15.9796236407662,3.43699767821929,19
13.5004533037035,20.1821552436697,16
1.53022550551993,4.10864313059507,18
16.9962572323156,17.5314434335858,15
-2.26968435465947,-2.01056609502455,3
-7.05362930577312,3.03516169323655,18
3.41722858294635,-0.640818174981147,5
30.6351858516443,-20.8969367356563,14
-1.55052716587906,8.32598330801395,9
28.2105635318277,1.81318966371104,12
0.711229611313574,-0.0571600027721236,13
0.0414346241744073,3.98071856036167,12
-0.803985916442178,-12.0543558116217,3
-2.37794127743166,-8.38264193466168,18
2.63843501725771,-3.95978307517112,8
31.1536104219362,3.17738474856378,17
5.61755260448459,-12.7027050682378,3
-13.6072665611233,-9.26092961228764,19
-9.35362627201938,21.3900317282274,4
4.53706539287574,-1.89442954516706,18
-20.5614662136371,8.79396528229192,3
0.653846600150463,5.06305255087302,11
-17.0556510571019,9.45720968679517,15
-12.3768775254884,1.56271718815241,11
-4.67416398870155,-9.63480646897941,20
-13.0176045321002,2.10122552976633,13
16.4194796322217,-0.75574178769108,10
-5.44082135206433,0.115018392065497,11
-0.356555005368046,-5.30207321365687,14
-0.339104458684487,3.33573650760668,12
-5.39856123944577,-0.182845585997794,11
12.7308749195142,19.1493007870051,14
20.0930399377984,-45.1039097115265,20
30.7520513390811,3.1151875587552,17
-1.2581185296348,14.0217074115403,8
3.66051052947953,-20.4930865918919,16
-14.6254267549888,-1.33637493522421,18
-15.3292222303822,-8.45942194851822,19
-15.3014635851569,-8.42230331612582,19
0.978841534083063,0.223007144812142,2
3.20752427859366,-6.89456242033932,20
-15.9505460623016,-15.8100624591937,13
5.28207958964083,-14.4783560438602,2
-21.4357928717558,5.86893332784051,11
-24.1910157427526,-0.290306529578386,11
3.72714594900477,-4.52224496540184,2
6.22934634459771,4.53995653228838,10
1.21931853129066,23.733865114982,4
-4.85241652059355,-0.837979054880636,11
-14.153382760222,0.714755191156258,18
11.9121330554415,12.2605906342303,3
-10.6694471529118,9.32903200401761,4
5.19700459475858,16.9579325774931,4
30.7034242471616,3.12179559212244,17
-6.56920670809963,1.43032606472641,11
4.77415068561955,-10.8204623166677,11
-5.42572779145737,2.79443701126423,4
14.9012082341971,7.52886763069935,8
-24.0408135497944,8.97941377407326,13
12.7664603765804,6.53120506508583,5
-4.55271095982773,3.51132371938159,10
15.4046583076974,-0.560912833162898,17
-14.7431512979011,7.75423135746113,15
0.718792913091549,7.22328084083372,10
10.2898911286741,-20.7680815239561,2
-6.6315274428884,21.1272638363527,15
5.02192338992185,13.0475350606194,10
-2.33755039422067,18.7905218633011,7
27.4981959922735,2.7747078423401,17
11.921607157868,-0.0708229294739578,7
-25.7268155880433,-3.88122052303987,20
-14.0164009657672,-4.36750571205975,11
2.5051729742864,-2.34767784699851,11
-12.4028818272015,14.2107407156945,11
31.358945456167,3.3095929778775,8
28.6050993593273,0.482313255861225,17
-18.8203810678359,-9.44146697482218,19
30.5305408063222,2.3704265572592,17
7.97696706437317,-11.4488751941759,17
-13.2587224831084,8.7097448171693,11
14.8708088697382,2.20548391507274,15
-9.30260716462718,-5.52446545005179,3
9.98554028346673,-12.4898521185015,17
-13.0050935152173,-11.1751713631491,3
30.6305739252289,2.81923946514587,17
16.5077001758008,17.106879689445,16
23.1420034632757,11.4620380514519,8
15.6167179185994,6.52470737762998,7
21.4738109673044,4.15800061861963,17
17.464169956278,-6.83107193521803,7
29.775730015543,10.6679638917622,17
30.2560786682733,1.85073295793732,12
-29.7918072332885,-4.91066212583404,20
-4.32149883236551,28.3931652712206,5
-0.604697581185257,18.241917734721,6
1.33122660923301,19.1797553118463,6
-14.5181593762867,1.37412061037079,19
3.45621894681946,12.2284565442103,2
-3.0605138349661,6.88752093174344,11
-7.93852844597015,-0.537769245683289,11
-31.8311538816133,3.26688536441482,11
-4.69219238454906,-0.242116194243749,19
11.3271446101287,-2.19585559094082,11
-4.73599316739168,-11.7865488281088,15
3.86138041434071,-1.00819369281614,3
-15.3203059105238,-5.31231647983714,19
-1.68454235144315,1.42285122489663,11
-3.44583772817881,-28.2837959020319,9
13.1418726399831,18.5001838923508,16
-4.3726388060489,-5.68794784244825,9
11.2746938514408,-16.5105147137346,15
11.2617472093005,-16.4594302023332,15
31.0731769540374,3.29097659750154,17
-6.589224061395,-13.378690123438,9
32.5016464730247,0.969371004994361,17
-26.0153017236833,4.72131036032655,20
5.27791543355455,-14.4590193550554,11
-1.92014000740479,-2.30456464510858,11
6.05269353970808,4.71291453781011,5
-30.2165497429153,-4.39746846922139,18
-18.879696795767,-12.4914975386041,18
-7.33490366511814,-9.43313029252284,20
26.7237486838994,1.67666837437615,12
2.68973738809153,26.3973261383446,14
21.5630710884288,3.37023563741434,17
30.2224799270829,-8.42938909107452,17
2.03736938422313,4.97806858193192,11
3.9261017706982,-1.23810350655574,2
-5.86490441260217,-6.20890266492454,9
21.4207069835074,4.08359931895245,8
0.982255620575419,10.0794661412107,20
-3.35183460231378,-2.88418310640698,11
-14.5880521465971,-9.15900877742461,20
10.1864665619557,-20.9074511895515,1
22.6777647344293,13.2987443270744,17
-1.92905545937071,1.55823481096937,11
21.2081542319751,21.2988557658827,16
16.4872445618904,17.121510463299,16
-4.32152526947797,28.3931616500347,5
-0.274415647143615,18.624681809086,6
3.8684234016077,17.7494780625227,6
6.07856399426434,19.7839784313348,6
4.59878980756184,18.8273120710199,6
3.92582986664283,16.0261317333717,6
-0.186392694642807,18.4689423769,6
24.9263616055096,-0.850648657541461,12
-17.3969085841798,4.22775310186617,19
32.0430272188776,2.54714892069032,7
-6.60134657697063,-27.5590367888525,2
14.4177373758504,-15.1027042072621,5
36.3945274644063,-37.8756461227016,9
12.7606317274499,19.4414880562923,16
1.4765153485257,-22.9200979754031,1
15.7339806364285,10.9627716625844,14
11.2335449622312,17.0563775917306,16
0.961564274281747,-30.6093424697431,14
-24.9894975669111,4.21550415402264,13
-10.8387012141579,-14.5822594019484,7
4.53676076209395,9.53316442443662,11
-4.00988072869457,-3.9613165707679,5
-9.55785375946116,-10.4543832036304,5
-18.7293659050562,4.26050344119636,20
-5.9639294658884,2.33962855275658,4
17.4972646119489,-4.8484083445681,11
-10.1585388109921,9.36258050097491,3
11.1842662483214,17.0722244305391,16
-1.48300731906601,-0.074163726631229,3
11.2478956866394,-16.4924788892713,15
29.0598353598811,2.39362814560685,17
18.9227859386658,-14.5328191051496,2
0.50649540957732,-2.51737951488515,4
21.3433798312889,5.93377091882366,17
-11.9408742450105,-13.3322138185036,19
2.2678463044658,-14.2290090887087,10
-16.3353441221138,-6.70190244969286,19
-21.3693793098183,-8.98567468327795,19
2.29925293446713,9.52821932219422,17
-7.671279862762,-7.2834795920203,19
9.53447271214967,-7.50180737414311,10
22.4944192360912,2.21847634135021,10
-4.6061783012559,-9.61033146475033,11
13.2925239834105,11.0435207771267,16
30.3314446834365,1.87701903926986,12
5.89415978345718,14.0450285693141,15
2.75237022421203,4.94057556169915,16
2.49120534206316,8.44415770733373,11
-11.3165308352501,2.41587480069794,3
-3.0806882035204,25.5498194163207,8
-12.4301215188564,-19.7875654205842,19
11.7349759668875,-18.620227136013,15
-11.4247599438844,-7.87762047956571,11
18.1340765956426,-12.4752466089868,7
-0.434135363735431,0.314651732696587,19
-10.336469058447,2.26894352489406,13
-14.1856400106192,11.0255912102543,19
-13.6144398379157,-8.65570564146435,13
-2.95923305912837,4.60683327816595,12
0.624433824108303,1.46165576628458,11
0.803508038776441,-15.0802836478888,10
20.8098124652073,13.7135243190771,16
6.385407045515,10.0150274386699,11
-17.1101679144548,13.4176369765724,18
11.3075079237837,-16.4470204918838,15
2.22082745664348,-11.3472841848243,11
-2.27562879722718,3.25285928983637,4
6.25575909482083,-1.2025835030381,16
30.9656405208802,4.11630359768369,17
-5.75759951121238,-2.69414225982766,15
-10.219745755938,-3.18648718130356,20
-23.9879262954427,4.0980429008404,13
-9.43629309804571,5.32469213823486,13
-7.23105505039077,-7.1483806792629,19
-11.1281253852394,-3.6338910192062,18
19.193662525958,-13.2599166860109,14
28.7696966376451,11.9377851588069,8
14.7079233338165,17.5901916126972,7
48.2908315398779,3.48202468169942,4
-0.91887497193662,-25.8881985150436,5
1.16495055101301,-13.0989804644835,1
-19.0427213480764,-13.4626512641997,16
-25.4968690657369,7.82365024503827,20
30.8865289507917,7.33756413616293,12
25.43041788916,-8.54951863441939,17
29.5276256444859,-8.62906761203407,17
5.65886889309212,7.67139931942556,20
22.6634601441084,13.3211165839978,15
14.8650330831917,7.56441227837119,8
8.06007858088952,-15.74536886555,4
15.4856810379441,17.2254215709762,16
12.3032103257949,-2.82183465066728,20
19.027583729365,11.9448355554602,16
20.5632723198717,-8.45909932558946,7
-18.2465636202481,-2.97090451799686,15
-9.66502445662451,22.6905287363557,19
-7.90961474116515,0.133173503868077,15
6.08518908511664,4.61115180958232,10
-6.15510935698666,10.4580427584607,9
4.53166618311643,-18.6342581152363,15
1.89806671200972,-8.30837165211994,14
6.15612442367979,-22.867804258392,1
-11.0590272765449,19.2851877771734,4
-0.0471956086597128,1.84530816610604,12
-11.978251214471,-6.39301315989999,10
-19.9255575326513,-3.06190057079687,2
25.2707220666684,-1.92778717304642,8
3.78551756881799,9.50818544030951,11
31.8025999461184,4.28580995837062,17
-24.2494947372695,2.27347603793835,20
-5.5263079184518,-1.42326921711361,10
16.7874986210028,-11.0351282488534,8
-6.58585784871652,8.70768921359059,9
17.8831085624663,-3.18142983875057,17
-3.20759764452097,-6.96025180056149,11
12.3784454167649,-1.22637790039505,17
29.7101171518899,10.8828863840405,17
-0.0455141659033632,2.06718116362056,10
1.73692771216677,-10.1816534134184,20
7.38125054277466,16.3098349978025,12
15.2380958297139,-12.3221208480725,8
2.18910578520222,-1.80492447510628,15
30.4415547217936,-20.2196555210485,2
-7.92389828104988,-0.203984531269116,18
29.0193252291003,2.36120076366207,17
1.03360769561166,-1.31999208616731,18
18.3701400216584,6.06094918163224,12
24.5177679317948,3.32808112748766,17
25.5695250054063,0.489974339245152,12
29.6164807713311,2.58442580984381,17
-13.0239368357027,-1.6136084069089,18
-2.3572499096422,-13.0003193832517,3
7.02423771115618,-3.60633507546717,5
19.2841574151055,-23.1968302578893,3
-6.9234376995794,-13.7522613469587,19
5.10802869723008,4.25441254523015,16
-19.9096867949259,2.57400494789974,3
-8.18642320576344,15.8809194945195,20
-2.04388273551768,11.5949208597786,11
-23.7352599346856,15.374950425217,15
-17.7369761118029,7.77563547574371,1
-12.871022752167,-4.30940094242751,18
-3.18414880959564,4.27713982514337,10
-7.89137924060522,-0.30733954761379,13
18.8025709210166,9.14097440712532,8
19.3734630560114,8.71620371043583,17
12.1708920552888,-7.49923606307023,7
7.03431688337739,-0.493353746966515,3
-1.42186605913004,-0.493582713374487,1
30.6357476522471,1.59907812563016,17
31.8312342441442,0.875426520489358,17
14.8355459324165,2.2795361314043,11
32.1123803324807,0.202153169331245,12
13.645468722409,2.24552149777879,15
7.18158347177145,-12.1876048298135,2
0.532065511955456,0.0499274407525448,18
-2.34298469892845,-15.5872035367615,20
-16.4410248301671,10.2274859524783,15
-9.66336402025193,4.10547386170008,11
-13.1780701743227,1.08411715694876,18
9.81647605359018,-2.08265331267715,14
8.81462235676622,-25.6056519567109,11
12.412410574017,-1.0394035980249,4
6.20146250158252,0.507478916224408,5
-21.4650536181418,-3.8296041737093,1
-5.72243290981059,1.72999487112462,11
-12.2809084228914,22.0102672753472,4
-7.8496557481495,-16.3132678905629,4
0.640916115755875,-3.03742814049585,19
20.123891896107,18.3973550574337,16
-8.17744325969254,-1.32570778024056,15
0.694476056989101,4.80825761557338,11
-2.20808674014751,2.16208749468823,11
30.5218019122587,4.41542964521859,8
27.1190805581024,1.71250636447802,17
7.72239885866581,-8.44438294019864,7
-6.93063313422728,-6.71381736222647,18
-10.3604707476759,-4.22932408040225,3
-9.82686314705451,-26.4924981512027,7
-5.76557936323376,-14.3515718555241,1
-0.444789599594193,-18.6778413173905,16
4.57778187290953,9.31244107506725,10
6.19339235879027,-0.562411169634743,7
2.6087158047003,0.470273665979888,13
29.2169497439593,-3.02243727656614,12
-16.942380440605,-16.8924841178058,2
28.506343988356,1.71897032058347,12
-14.8949192099833,12.9060032657247,19
14.0198489816682,16.6369417700107,16
12.5906092822492,-26.9639879826144,2
20.3976429720432,-5.61792816483264,8
28.0198396056506,3.31107986379579,17
9.7302630533068,0.341827714978983,10
-13.2122325241718,18.7319753128544,4
-6.95648281573866,-4.30466558576786,20
12.3259369628132,-9.97690408357202,7
20.3985139634255,0.199122968526609,3
-1.83320397537037,-10.8394718891121,3
-2.63456944075347,-16.9442695910415,12
16.9737887669404,-3.322355964626,7
28.9251607895284,2.81778250303092,17
21.949915673501,-2.76961189622735,8
27.4668159240721,-11.2460788674223,8
26.4733909548896,-0.159362032014454,12
-11.542875772302,13.0234144451716,19
-18.7016401234856,-8.5890684207989,19
7.11256050727647,-0.332401335365522,8
3.94317408098163,10.2724985721731,19
30.2615696324775,3.35177550437418,17
7.64257378117464,-27.8360397206642,16
17.4377241177889,1.10612844410779,17
-6.80488215811811,5.3781945684451,11
10.1546873995143,-20.8453172312478,2
-21.0002886101862,-7.2937290670959,19
22.9668659882099,-10.6517369699531,4
-1.33481163960644,-9.15375171227339,3
-16.8879520419145,-17.1701044034184,3
-5.33270366514947,-8.24988455975174,11
3.81774317826104,-12.8265068203898,20
8.76419555293386,4.57403672576247,10
-20.661069679417,12.9606165819976,9
1.80811059478468,3.65493841977329,1
11.4900167421302,8.06141263502874,18
-7.74213676371805,21.312467769624,4
-11.7692017854959,0.591472069656163,14
1.91924159629315,-3.06192495271995,18
-4.22174063387175,1.09404587457643,11
6.09389612380574,-24.6690842756828,6
1.35561609552175,7.25987615823409,5
11.6509648594323,-6.77463277191737,7
-20.0823963341552,-4.78887799025939,18
-0.388755273272009,5.83726697001193,20
10.1486361711905,-24.8105883575721,10
10.9901219097058,-8.69839653780977,7
16.0936761818488,14.3963591055536,12
8.39735228962724,-16.8364631133019,1
29.7177077465647,2.72409821159351,17
9.24132628199614,15.2006156761318,4
-12.5297147082158,-7.78386884636471,13
5.30845031877251,-13.3988854361537,13
-10.3564173275045,2.42368776132161,18
-19.210720664892,9.28717980914039,18
-13.9694109455834,5.71292220723955,4
1.95850104252646,-4.39362373060192,14
-9.98788653903355,21.6646177519002,4
-10.4630796490487,21.5434563307647,4
6.54544748649115,9.403405496957,4
14.7432467580724,-10.7884826746712,13
-9.84026331024316,-1.61665507548311,15
-19.2305726500859,9.27236819661122,3
28.3792736844974,3.16789912317182,17
17.1886535756685,16.2253628194381,16
-7.03273689495946,1.06574598411659,10
-18.3027491985703,-0.241370214082215,18
-5.45670308744108,-7.2898152542311,3
-10.2497026719328,-16.317105790433,9
14.8617741256033,2.20648581786126,6
11.3875850467974,12.7473890207905,8
-4.13734449752857,-11.2104784676221,11
6.08361667008782,2.76239578993548,14
-9.42733072313896,9.53949421161629,9
29.3299198462105,2.54491969696984,17
-2.26052685260892,3.8529978485405,15
-1.27783254655633,-0.0846954707586273,4
21.5462601266506,4.55882370911729,13
-1.65440731109163,12.3629706363665,6
-1.83572485224211,-11.9468535048786,3
25.844515691754,3.31460138328514,7
29.7327762801878,3.20172059707869,17
15.8878188257108,0.197692358842908,12
29.915087779283,2.804228718338,17
1.94231644142592,2.24338108472273,3
13.2496425001078,-2.41072969335515,17
-16.9860394099972,-1.70254382862229,19
-11.1382396456594,-3.52650385799377,18
-12.9845317454423,-4.91764774242373,19
-2.39849077909814,-0.625577935154031,12
17.6142665630857,15.9460602493787,16
13.72084755677,-7.28169086830692,7
5.57170713526562,0.470912084777697,1
-0.370741901331804,16.2314640895633,6
9.93940835767772,-25.0866167944873,2
11.0302907645467,16.600548980895,15
-4.23737807908689,6.65425013450695,15
7.58765584968599,-2.64711168176215,16
-4.95288251411675,-17.0369848195005,19
10.4219097427058,6.82384022491825,11
27.5244018407522,3.15013719794225,12
31.1556339562739,2.93431433849123,8
-0.428656271969171,-16.667249152886,8
24.1073930681416,-9.48183132265146,7
30.4586915597301,4.91664253614263,8
26.4736234558266,2.75484794020622,17
24.5523264473754,-9.18603211974346,7
2.86506445951807,23.6101181087938,16
21.4546350354161,-9.26682072176454,7
10.7072057957429,-0.0253684045048933,4
-15.4977328820028,17.3638265768155,11
18.0601716135329,15.0754259834302,16
-15.5934110054373,5.02420809711142,4
-7.68216016758136,-0.0474949917763052,13
17.3488252482309,14.87321697745,16
15.0291298830762,23.026983426407,16
-29.6041891774158,-3.70649012173593,15
15.4787488567228,-4.46623365208192,16
5.10133530988754,-5.30915754698957,17
21.5344341541515,19.8114914369011,16
19.100474686698,15.7942309066254,16
19.4944020524972,20.5677061381812,16
30.85264671387,2.20269350719943,17
-2.24489104848494,13.4870194221016,19
32.0327808429616,0.0147338279352554,12
-4.25246357858237,2.45968745099229,11
-12.8366696399131,-14.1618699914064,19
-22.3921948876411,-7.88372433933436,4
-4.50857551018835,16.5905610532603,3
21.0120444308477,18.8796020500112,3
-6.96954760446042,-8.64197635695887,10
-18.4970049080889,1.9955302321182,15
-17.4451229057377,14.2614470326735,18
2.3297319190119,2.83248003911645,1
-13.9948583507515,7.82245538197209,20
-3.00091796434341,5.29505547222954,10
9.70973112931217,-7.35983536150471,10
-9.4091912720497,-22.4193270932803,6
-3.43214334212286,-1.18458651122757,3
12.2801538506129,17.2412008103967,16
-9.76633005743204,-2.26837525210853,18
27.4363397421594,2.46166720970083,17
-5.69497834368767,20.6159275124227,5
0.607188900469615,3.94412632931399,10
-1.28586173996911,-26.2810542982476,20
19.428717913169,-12.662008352103,1
28.8296589712701,4.74097422951066,12
12.6102572290203,7.56792360891494,17
-3.43592036024535,-15.2888490478954,1
-9.81174636350234,5.97517801355706,13
-7.03071085342885,1.87076561638367,3
-12.9341833041995,3.73677245793105,13
23.915756406059,18.899529148214,17
3.41691758191025,5.64781662040803,16
-14.2368345801092,-6.1714607708727,15
5.66837510565665,2.17655737191905,6
13.3656547191046,9.98562576805969,16
-2.84176978912035,24.9324334161059,19
-13.0396459515276,-5.01067304254963,11
31.9864877971199,0.01243381964308,7
9.50534222004709,-11.9952721794354,1
-3.19044148855456,16.0456400457786,6
-6.94861812084251,-6.91967181529732,19
-6.07632514974948,15.9861477302476,9
0.685503310148538,-10.2854472532203,3
-2.13042269728801,-5.38136752761362,5
-14.5323289234704,3.13254104900893,19
2.87378820181365,-3.91356098128697,9
-8.76165992788693,-1.59810268452255,13
-1.38466941331112,-3.71004608881682,5
18.9748469544342,2.02850197369825,17
21.5041256536036,-13.8429045179389,17
20.7964080570898,20.7458874216579,16
0.7010422465854,2.42459998619616,1
1.91444004173667,5.96629295179526,15
-2.36127809071562,2.34777765798948,11
-22.265706667965,12.6418930101294,11
7.55926329212279,-27.7251550617445,16
-6.35589001657165,-1.30636739543433,11
31.9865832976097,0.0125596197439978,7
-5.69610818561399,8.0570418937355,18
31.6415883093621,1.93607714731963,7
8.24424038336559,8.41514179878296,11
-16.3755203449134,-4.95461580425913,18
29.2156763851137,-3.07694481505772,8
-17.0450276718481,7.01351890636997,9
-1.05854071059609,-27.3536482559368,16
-5.25449260596055,8.64049830928089,14
5.50199724078941,1.06147469927347,4
-8.72338292424505,1.19947984961835,19
-0.871278032082187,-3.20783126901259,10
-13.6040879535715,12.5319217734028,13
27.8374832450723,10.6292693483891,8
21.8207648853129,19.7903547989577,16
17.4566773382755,16.0958754081893,16
-2.15697011034907,13.4383729677561,19
-8.89766652639568,9.17003901134754,3
-19.2020259081994,18.0923024042956,16
1.20952440663843,5.42985892144358,1
5.13817448335245,17.7267733171565,4
3.59126453987703,2.01752908905157,11
31.9144778117046,0.00373147200260028,12
-15.2607516938358,-8.44835654169139,19
-1.07557539553053,17.1994709382189,6
5.26633743700033,-14.3094796991105,2
-16.5591468775339,16.4449948063441,9
-15.7498812153171,-4.24931304685384,13
-14.2394079549497,-18.9264774270395,10
27.8778491782722,3.85592535623623,7
22.0663434333839,2.8370448735726,17
17.8532313304503,6.2225453349389,16
25.5766637673287,-8.13978468870747,17
5.96663818647279,13.3929689229012,11
-12.2175373881845,-8.65430919972661,19
9.44727388488865,-11.9571845653162,11
2.68926558455032,-1.39351225762027,16
27.8770476362616,3.90301814972543,12
26.6073736934469,1.7322245933584,12
32.7112957320049,1.35191514471484,17
8.18616677491525,8.06421993901444,14
18.6723820863504,1.31748211131707,17
25.9312182718844,-0.171966364171926,12
-29.8024634044636,-4.98272142971115,15
10.1885700990572,7.02456501354725,8
-8.70449949479863,-18.9081291401471,15
22.7239526331858,-1.07615751739767,17
0.384023245197346,10.7952628139472,11
-20.6174334086405,7.59604095111193,19
-12.5670352244166,-1.50159485341119,18
-9.95046965064882,-6.79106573210208,11
-17.4403421976963,1.29134079577022,5
28.079538926604,3.54502344751831,17
29.3876349956947,-20.7397502264075,2
6.86566933764861,-10.7600204025986,10
-25.1484966439852,4.33109796657785,13
-8.22700975619203,-12.9428677608411,20
-11.8495786921418,-0.83262350665367,18
-4.89425913798417,10.4224873565129,11
-15.0557243824625,-0.59242439097309,18
22.4984034044924,-2.2872825271763,17
-1.36602311676182,2.95659435077654,11
-19.3198993560293,5.66623597218089,20
6.22088007308644,-0.297452219674672,13
-2.28812581526107,21.0120054142967,19
-3.62582287170598,0.0421505957008096,11
17.8808044434443,21.3872115933807,12
-5.96943279435028,-2.83793107377797,11
-6.21991903980474,-7.2522047808148,20
28.6355779962935,3.15104850455993,17
-13.349044988708,23.9312967103029,12
-2.25264504097342,-10.3786032119091,2
20.0930399377984,-45.1039097115265,20
3.62893925603724,2.41355530047391,11
-10.3403870749643,2.3022579437179,3
-14.3816821400593,-7.92267457301539,13
-7.87958289269982,7.47921618632675,9
7.69571141331062,-28.0020685063417,3
17.366731190472,-23.2341342877939,1
-5.76571713257037,-2.2266136770954,20
-2.73047747056601,0.0952296190394195,11
-16.520618622674,-3.50744374132619,18
-11.9576857116128,12.7851440739095,13
-23.1511421137554,2.59353909613655,13
21.8517704897842,20.1866635865489,16
26.0188800455005,-8.99842352386568,17
29.8958213524813,12.281234041396,8
10.5373813952345,-14.0475438222355,5
-8.71854270760234,15.4084409498713,11
-22.0511786410626,2.26540737397319,20
-22.5207284108756,4.41561167956957,13
9.4709406619262,-4.4118378590913,9
-8.39420313386208,10.7603845874902,20
-12.2819661126013,6.80091343253392,3
28.4873174039145,0.809622749282879,17
19.0145290808216,-14.2353566385783,7
-25.9566185731304,5.32673606278336,13
-19.7783881162527,9.20320683913059,5
-4.68913367568027,20.5941624542288,4
-6.47495170904708,19.686639328844,10
27.8557574742743,2.44026571121435,17
-12.177303827554,10.0591750377336,11
5.42379552445107,-1.52727236379528,9
14.9863669896842,-11.925451441208,8
-2.34422940437475,-16.9855776403559,1
1.26150425017469,-1.08161760304452,11
-3.37125306769895,2.78728440836865,11
-22.0322974251779,6.32115700905783,15
-1.97214640449788,8.98785175751537,20
-13.9316275981572,-21.8832060992373,15
2.57405840026763,-0.499037467288441,2
27.869447949167,10.5672319738983,17
-14.3736433441498,10.6106415832922,7
8.77779694178128,1.73549606229549,11
12.2829934558349,16.3472432490642,16
2.83769820717042,9.88444315689796,11
15.6710126004096,18.0347788024909,16
3.25560524970389,22.0631030595662,9
1.21787943276372,23.7237457870089,8
29.4053256484996,10.5455457790274,8
-8.22798270828125,10.4692069814799,9
17.2968065742952,1.20340278446742,17
26.0544444136681,-0.523779139636559,12
-0.950030269786751,0.0795650699742774,4
6.74012265866442,-21.387351426895,16
9.53153729038214,1.23733985835931,1
-6.3531712504789,7.10448491712326,3
15.0073399548866,23.3925392886694,14
-11.562866572437,-7.38488909345596,9
25.5466778650826,0.60498185558104,17
14.9093490641232,-19.231717299786,16
24.0541713237131,-4.82988227455746,8
5.33312019719161,-14.4600628745995,3
23.2197141345424,7.43813954388423,17
-16.9367010051922,-8.04409586071851,1
7.44218378321219,-27.464658622282,20
25.362903149187,4.41615518612309,17
10.3894510820076,-9.90825874977981,14
17.876314582637,2.45722117922864,17
19.8626869503232,5.24217247493729,17
23.8900561261317,-0.0667933125504066,17
-28.7713016924094,-4.57207283093571,20
-14.9859755273203,2.48020938665537,19
-6.13669764327759,-2.98045996953778,11
-12.1660268712789,-8.53719472160721,16
-5.22717425714279,-4.23741769635865,20
12.4291983926485,-22.2407869746615,17
16.6333375644832,14.6659209477609,10
-0.147380413854797,-1.99528347805999,10
32.1054175989867,0.000652496309831335,7
-0.158450111271673,-5.13832493508682,10
-25.2432582571135,4.39809525389466,13
-0.157488565230316,17.0158483933521,8
-20.6965215902561,0.0935017578390165,1
-9.44359016447016,15.7885719485993,14
-17.6157017610971,9.11851724724002,19
10.3672245015524,-2.99460339834498,15
1.41517543960025,0.575495591835026,18
5.97563814236723,-2.44898099993665,9
-17.6450539600499,-16.1009392803376,5
-3.59661407901644,8.12426695784714,5
7.34331597794394,-19.057306466105,2
16.2550449185761,-14.3001380200765,14
-3.95833783221922,4.80080192619541,12
-16.3879696469459,-8.10980968443125,19
32.347148793307,-0.397834302797541,7
-17.3427211451054,14.9930642407988,11
23.8840470818288,-0.043093854806023,17
9.85905611746382,-12.5433548711741,17
0.0798957629208508,-18.5056009849119,18
5.90427001927945,-0.188659696032493,5
-7.76807780696925,-5.86909201172091,19
-11.825541283395,-1.79798365727578,18
7.50262887137994,-27.5644400943227,16
-19.0228869384629,6.7700634488137,13
-29.9179118365708,-4.9707030827525,11
5.7286003935873,-12.7920589082655,2
5.53941630121949,13.2787696115326,3
-11.3147142122241,-7.01455006699942,18
-2.77872512938093,0.156159570303876,16
30.8604353956269,4.08730128218321,7
6.22032651824811,17.6479890230058,14
1.4527221268816,19.1282239676207,6
1.54117456734118,18.9802369854815,6
1.61962801761299,10.5460406645239,6
-0.59243343255681,17.822154387948,6
3.42261264194869,17.303796510604,6
-0.27529753699358,18.5483331450611,6
3.25939372910567,17.3647285248833,6
-0.480045223866891,18.7640315768845,6
-20.1838148858265,8.633643652683,5
22.1299399413542,14.5568821504927,17
-14.0963266602214,-9.87988336138654,15
-5.47671471458734,12.648198507243,10
36.3944025325886,-37.8766029061484,9
3.54671314482147,5.41616545025592,9
4.47679473366887,-3.81373051601901,11
2.44942558253685,-24.5319050375645,2
-14.3936026750946,11.2351692490199,11
24.8908112751815,1.35084969547547,17
-25.4640005528488,3.72255312748649,15
12.4265542235607,6.8582254268385,3
11.3364580248495,-16.4356075690199,1
-0.685523337855714,-14.550289400363,16
7.06697134355141,-18.107544983776,16
22.7716816943529,19.5140248742892,16
-2.94383348878408,16.4495634516877,5
27.0361300388363,0.374073373684072,12
5.73009170283951,-12.8103372133009,2
25.0861241031799,6.36690055990345,17
9.94282979565516,-12.5801697265696,17
-11.0537477095284,-5.84108193272454,11
22.5087778962089,19.2281312346174,16
-7.48778679209407,15.248844503864,5
0.921908267898089,1.42866907613493,11
27.4065169063731,0.530815138159196,12
-23.7304251525318,0.729242285763136,15
9.75143479218774,-12.5371204613591,17
-3.49695595513472,2.7274700292122,4
23.9510304899865,18.9644559236526,17
-5.89145180264298,28.0743954898538,10
6.01483237021372,3.70936349839186,16
-8.57725560868974,1.16397221632635,4
-19.0009922438637,16.2774792824735,19
-3.76029326172367,-7.06419171668113,2
2.75868524818627,3.37254886751477,1
-8.28274252966629,20.9882831974182,4
-16.1027237509307,9.61604442531695,15
3.59879087808605,4.7647819118703,14
18.7875613846494,-23.9137060675711,14
-19.6547543549515,-8.14743501286457,19
-7.50223221058164,-9.40406902504341,19
-14.2753672125989,-9.37406454675728,18
-3.090881866339,2.56272469281362,5
4.40313847084872,-5.61205709632508,5
-6.21261294057065,-0.857258825691037,4
10.2813270513572,4.72219912313257,13
-16.2176190128918,-18.6003867863792,19
3.19896378005108,-5.96982035766477,2
-3.06500754310142,13.260723989152,11
-4.84334984953983,1.2721117080962,11
-7.46216155290236,2.05730451720806,19
11.7791078840846,0.332483976642212,3
15.3779541710225,-6.92350774275703,7
15.0938529757016,14.2821456426868,16
-0.95025539428916,13.115314837132,18
15.9886711507118,10.3732039760831,10
20.9836449645813,-12.7704783708536,7
-15.0520092539679,-8.77922478407026,18
-7.80805970308512,-10.3710186802865,18
-7.83841805114456,-10.3654416989761,18
-10.2652924708909,-21.7805219955181,20
4.65237558978607,2.59238407482513,14
29.4632335058202,20.5125985584841,13
-3.49563313775327,-8.69628492783563,20
9.20363547364043,-8.11065173881115,1
-19.2134706074271,9.49929602196401,18
-4.11879048414031,5.04725123363649,9
-19.5265973235294,5.75213343321154,12
4.36001583124478,-5.60107006438617,5
-8.2560147018004,-2.46055797872121,4
-2.06991520648035,-11.8367228995988,3
-1.11179035691657,-3.31863405655409,6
-22.0814047574224,-3.09669629810389,13
4.32979031308186,-5.717618866808,20
21.518666223297,7.92168216318878,7
-2.69179097502153,3.2148679937481,11
-11.5418734000171,-3.95657996112018,4
-9.8944516470279,4.32987783618108,3
-8.05120826113899,1.28298904717831,11
-0.199879495688431,-0.858841766277632,11
-14.4404760565796,18.7243651553573,4
-10.7977198955265,-19.5578137821383,11
21.1942307421103,20.4573448842863,16
3.78781825635122,-2.06695734410739,11
-8.63611052289604,8.70494196393717,4
22.5746265518144,0.860924159576017,17
-6.59895486327392,-27.5769144811912,7
23.9367157486912,-16.4160852418953,17
4.86191114902034,13.3549228308213,3
-17.5741337697699,11.3884611298902,12
-14.5542307788814,8.33638147179675,19
-15.3791878504715,5.26225209491399,6
-15.9885861892483,5.31238832571431,19
26.659970637154,2.34091907420967,17
7.15362311386235,-18.2259700040817,1
-18.5126338136417,1.98275657522878,15
3.05069620679433,0.749484402915668,8
2.73204804609931,-6.49684418438682,9
-5.15839778229782,-2.79267661323793,20
-9.58816024111667,9.71200449683291,13
28.8952207643899,4.41773139693568,12
2.03735224558336,-11.2814585999057,7
13.4619252801447,2.00037342684924,3
3.18195383882643,5.91744106815561,16
30.7792167951717,1.99398975189133,3
-5.84306043060265,-4.31336533026017,20
10.0138970386342,-12.6406369795136,17
-2.41899582230867,-8.30820377275319,9
-6.57273229309625,9.04443939696848,2
-21.0622676828683,-6.05015766641064,19
7.14080015396434,-18.2460389197901,1
7.73512875215571,21.3770627539758,1
-16.5178209769424,-8.90210524056101,11
14.8552555401775,-19.1855711748171,4
10.0527455535581,-4.83079714867074,5
-8.56163365495473,18.1949459370134,12
-11.287364006093,2.58190761012832,11
-2.44000918653921,5.40607869185656,20
-14.2386685884855,-3.39994789536755,10
-0.465360877717072,-5.50090389208092,10
-14.8959134805399,1.36553227094811,19
-9.8982448299197,-1.53761544675259,15
-2.25979117296067,-19.7493456920906,10
-8.89382818656081,-12.7576576576636,5
-7.79973843729752,-10.3787012614047,15
4.90552266955461,-3.19587359175276,20
9.58286205120379,6.05902851417582,16
5.6344313347954,-0.643110889478817,3
-7.87697301506323,-17.5923341495971,11
18.0732689804312,15.8485579525889,16
-20.2483459413769,-0.0154282727576406,11
-3.42620934778064,-8.05832462589008,5
9.32652205041786,-1.7962925254733,11
-8.18939443298744,-13.0128918109772,1
-0.0127021341747499,17.7157336359132,13
22.6852623697936,-14.4665223759361,17
10.2554442386762,-20.678995749647,16
-1.21881989390927,-26.3819099529625,16
-0.732823664067645,4.9120720304097,7
-8.64080742443313,-3.57551241778426,11
-2.075056345371,10.1148319629139,9
8.81892846583062,-13.5965773516105,1
-9.35545227402129,2.52738879892298,3
-2.24237979531227,5.88707939001443,12
0.0137982282249677,15.1041548756026,14
10.8088670851913,-4.73376392187565,10
32.4056974644405,1.17154459483291,8
5.17308307975118,13.3651988493865,1
15.7664659183011,-16.7622178470052,17
0.86656884619282,-30.1306938032431,16
12.6525266299311,8.5013553533393,15
-14.0852857100032,-10.7183718794466,11
-30.7503173681449,-0.499477828672067,18
-0.191465923087075,2.27366622767667,1
-21.2205511268593,-5.30714702397635,11
-5.56015853597047,-4.55624552079948,20
-1.65182514011422,4.56350254862898,1
-11.3485554224941,25.083552780358,5
-25.5511708569452,10.7387414794648,10
-16.5632261295495,6.8795382576277,18
-4.33351510526024,3.62815041519232,11
-18.6267712596644,3.90104977673866,11
26.0939894855375,13.4384005418997,8
28.9496677008637,1.81279174730495,17
-10.1123064342661,-1.98455608795109,20
-8.0790303716562,5.35263937415047,6
4.68858828445904,-16.0175386835403,10
17.9821908336773,-23.0616079626478,14
-17.5827673124174,-14.5459271502684,3
-9.01699231998913,21.9516102925204,4
-12.6711520408502,-1.85677647941246,18
-6.49163550847217,11.9163408068567,9
-5.84087777256108,-19.9952486595863,5
1.0213529896401,2.38298919186337,7
16.8313560484325,-10.9767462811417,8
-0.757203399935859,13.1102407541589,9
-3.10759866162982,-1.64388330077832,18
-4.3252043925361,-2.79195769509128,20
22.6488513696468,-8.34436095470149,7
29.317498981931,1.99672594048921,12
30.9556599238256,3.52767348172628,7
-3.6309405335954,-0.471757010519507,20
14.9851546300056,23.391643740476,20
12.2205554383531,16.3468439348532,20
5.45437719437299,-13.692531871034,2
9.58106638303433,1.2466368548538,10
-5.16841887965937,10.9050700135725,14
19.1873944559669,1.79157506284209,3
-3.06561679509421,13.3473962345691,11
-0.819081149606391,-3.70884134246241,5
30.4161707083623,4.817147069502,8
-10.1786243758881,5.9880550319065,3
-2.20552965733852,4.54137348878077,11
27.83820080089,2.18800556622645,17
11.4739302013703,-0.724060610170665,8
-17.3637069815289,11.1652396624468,18
-3.05392885534252,-1.52234775422482,11
3.40934086206223,-11.0527978600493,9
-12.1502428146936,14.4741671286911,10
-17.9500932876265,-6.63879102322107,10
7.48002218613242,3.43646512954136,11
-10.485628154019,7.0740818839951,11
8.65001603624494,4.38373854202841,15
-3.31842866222212,9.00601918677745,11
7.10381677635456,18.7691016908346,19
28.900816611833,4.47294129648856,12
-18.0867822937273,-7.62060191661494,20
-4.84272676119006,-10.6373139341565,18
3.45733369006389,-6.89287988676798,13
-11.2381102864802,-4.64811138731332,18
4.21859963078996,9.33898127844753,11
-14.311684841369,-0.123332309749466,13
-13.5207634161425,9.48503899579369,19
-7.0804530727189,-4.43122009406503,19
-4.92904057686904,1.73633461563832,11
-6.99368765241149,-2.87379566822534,15
-5.06547118603544,-12.8431831946389,3
-3.59727137790978,-0.438932697023825,11
-15.261836084991,-3.28986653738409,18
-4.5717875081341,7.66073574583473,19
29.5803302081449,12.1211910391454,13
2.74501746839963,-12.0475417495564,3
-11.4651362852965,-1.53877513445215,18
10.3348385101711,-6.62031677276223,7
-3.16882602103747,-3.49378119911259,19
-3.14108361971748,-3.96512573625038,14
20.093045520297,-45.1053822781905,20
-11.0710662143598,3.02824397286922,11
-2.33300055873686,10.3729251898486,9
-4.38225790631075,1.25492288504921,11
-28.2571319538081,2.17596615571968,11
-19.972611878312,3.89197492097343,20
-24.7819393838799,3.83640121674792,13
-5.66675825015589,2.30160101987408,11
-16.5516238051327,14.1226358699035,11
-1.68127810524385,0.293733027068551,11
-20.7639848147915,5.19849596541179,12
27.879383742253,1.52853321406254,12
-16.7716915096181,-1.07275079161305,14
1.23125344383731,-6.80247981916727,11
-5.68328949184114,7.96108332741588,11
-16.4855682658453,16.1517855509058,13
-15.7229141369834,15.4567141048123,13
-16.4173126278245,14.7449905775753,20
-5.41124389116579,-2.95566371670331,20
-8.11246455472686,1.12478803733651,9
13.6667085307964,-10.760164676452,7
-10.9514772124376,3.46550408260876,11
-17.5537868261301,14.1744547012593,11
-9.9025813198537,-8.34899411537094,15
-16.584776503895,14.8080069693635,18
-6.74199779835342,2.44757788568998,11
-3.48557812487422,-8.60768396823386,20
-15.9287710808163,14.3940449949046,10
-1.35883571507393,-1.86539154645284,5
-9.56615167089266,10.8933670239716,20
-15.083187248613,-4.4562554967364,13
1.56797905509396,1.39305379017194,11
12.315892503562,6.36327434027626,3
30.9562384867328,4.22907849819268,17
27.5480453929315,3.7690687851575,12
6.47864028225686,20.253290443893,9
11.0659984264727,-2.56228353258776,1
-5.26716968281881,6.95588998346019,18
12.5832664140865,22.4210492153862,7
7.43355642473873,-3.92839294684302,8
9.29667835619428,17.5602813318498,9
-10.5576526463799,14.6836265641461,5
0.1235725548839,10.8308103041394,9
28.108122477887,10.5735053125773,8
4.06927926781682,13.0662284286182,11
-1.79800440303008,1.16008975197429,18
-14.0068600719726,18.0985127344438,4
6.13094857571134,9.26565227371503,11
-13.8312743129571,15.6269392194588,12
-3.26140569558282,6.18708289347815,9
-9.84123616141463,-3.76997959875387,19
-14.1601304056478,-8.37739098805877,19
-9.45698453721719,20.3479039411789,4
-6.4826997674428,13.2665880714842,9
-7.82705800006527,18.5462738513709,4
27.4394044420436,-11.1884605599395,17
-8.88607815940495,12.7189541300054,9
9.70254989129895,-12.4997877311918,3
7.30752891509408,15.7208965028189,19
18.3730967453879,-8.63084954327702,7
11.8144845268241,-2.20957311085951,10
7.16564969382913,-0.356275653626545,3
-1.66247453942534,-9.70777555914173,10
-1.296067272576,1.8331682579418,14
1.69511512388479,4.57452663993493,1
-9.88404720684908,-22.108775181179,3
-8.46222830537393,0.776690590779371,15
3.69924435745073,-1.9727934148997,3
30.4857960667584,-20.4122576912885,2
-14.218063775487,-8.64913173806201,19
-13.9256517265735,6.8331782845524,19
-3.55044652229879,2.50078510458663,11
-4.87623955730573,0.552690956710903,9
7.07119119361276,10.7263675342686,10
0.422452836214797,-3.15703732003373,11
-7.18227799772152,2.65353385846098,4
-7.80919805604739,-10.4491947728127,10
-15.368678416262,6.02192956893021,19
-14.4047324773251,-0.205172670512345,20
0.945423912871767,8.39766368151001,10
-0.965537471798756,11.9714137012114,9
-4.23130036263329,-4.59884581562798,5
-4.19563803269823,7.63348290534304,6
-18.0094455707609,0.5103443506339,15
-2.68239317409787,1.03206334996645,12
-14.5003139044264,8.68590766311758,20
5.34681064779648,13.3066759688516,20
-19.5468769295307,2.41865122558894,11
1.50060283784905,-1.38522633283822,20
21.7221359516711,-9.48425465414365,17
-12.8480444827885,7.15748743067465,5
-23.3183189217779,15.0175012283675,19
-8.77746081617589,1.28361264593159,19
-13.0555520311438,14.6304462638234,4
2.04056520155556,-3.4081693866491,10
9.9967416923616,7.81456427518999,11
-0.732040471016778,3.32098108666738,4
0.181111744248642,5.42492558193875,6
-4.1203656079401,7.9036157062857,11
18.2074724409164,-0.558683166064784,7
-6.93322783287148,8.5672596169765,14
7.35684937034545,-19.177439122171,1
19.5058022989657,-22.3811541445868,14
-0.69497086778844,-5.55542415841003,10
-16.8099299125355,1.91421232603709,15
1.14046127751621,5.27548712841299,19
-3.10291300630152,-2.37629678585599,13
-6.18421343704457,22.0696622315863,18
20.2079296336057,0.347838060181066,14
-12.8127778469222,11.9674575503081,13
8.3943281347742,-16.732617862864,11
-1.91832646819956,-7.3834012507012,5
-10.6163456424152,5.62075041523049,11
-3.67027416171505,11.2550331119259,9
-15.0122511829182,10.6066756674959,15
-8.1029955625627,20.0034097141477,5
0.995017739096783,-7.70665595713895,8
-2.2770908640787,16.2776837688039,11
-1.82870056754195,5.15039072932312,15
1.09354516531014,7.08692568301227,4
-7.78044661311395,19.1293985626574,4
-0.863220222141815,5.06562025454567,10
-3.04825111845359,-4.0246446678897,5
6.63717542077108,19.5472452113686,3
-7.92622072173486,-8.92094505514157,14
-17.0982224563713,-4.51138778024796,13
-16.7766029657146,3.00962081586218,11
3.65165522826402,-9.77556503077977,3
-1.52259234466997,2.61482888216754,18
11.5772488042111,20.5567243742907,16
-12.4789427096986,18.2384965160535,4
-5.30136383596725,5.8949879424608,3
0.748954304956718,-11.4650692847196,4
17.1835943582492,20.5342396231462,16
-4.14094120168663,2.96043260304222,13
1.23896046553401,23.7121466992333,16
20.761145560644,-6.57348827877457,7
-21.806989191191,-3.15989152589106,18
4.66547644881716,-7.85772904738809,9
10.3281035578241,4.68638633422317,20
-12.3487099732045,22.0825498845184,4
20.0927813819638,-45.1045266279418,20
5.61485056671084,-11.6150534495847,2
-8.84434289347871,-9.2838102438633,19
-17.4766391600319,-1.13695409785343,4
-14.1373668378731,-8.93455530018546,19
-8.43368597833447,-22.5663422115525,10
-2.79575791663913,-17.3311021264306,1
-9.67222957792063,1.28368503994981,5
-3.85058204664552,-20.3079725931176,5
-22.2237577157704,4.09769181519968,13
11.255810917381,-4.39104288317023,4
19.7114186246082,0.932528405478065,12
-12.3203545846484,19.5707653354922,4
12.3728967435687,6.76566956355539,8
-28.8092222777993,18.2226950735842,19
-7.67106335900571,-5.76567915583392,19
-24.9524839653949,-2.61558734037862,18
19.7229280170992,-22.4547137122807,17
-4.16189120031745,3.85013239358235,11
-2.58915789912356,-4.88497570844635,5
24.177706281221,2.00295929509465,17
-6.80519188863372,-11.878182598594,15
1.7518530807168,-31.2347208361604,17
-1.90060623180104,4.82024852315868,11
-23.1408998222134,12.245175648785,11
27.285610267762,3.93553540031721,17
6.43624966497708,13.99695846141,17
-30.7281104523245,-5.40689546192912,10
1.9635395125743,-30.0253141058292,6
4.57970748502195,19.4446823788864,6
-15.6132111992634,9.58334666316055,15
-0.936611026353903,-28.0987709496173,16
3.94510189338139,-24.203093418296,16
-0.828524798162366,0.823399642026227,11
25.7594351483886,13.6378778478237,8
-9.46035927173302,-9.70908528188766,15
-4.80579902378111,-11.6242932552128,9
-4.68485052221839,2.60236196354178,11
1.29082028613029,-1.07743633583554,2
4.4945121612643,9.1624295526712,8
-3.84464504633511,13.0441319645563,7
-12.8948407308084,0.662237487871816,18
-26.037582608411,4.71229460004471,20
5.69291888776411,-11.5522348510221,6
4.85298258248238,3.54974814818781,14
-8.93343794704857,-4.57699365183068,11
9.94392170863769,-4.77448455010928,5
-9.73228194128588,-22.2789779780681,10
15.2875328154386,17.6648579581522,16
0.370411350748405,9.79304771356033,12
-3.50594909231235,-1.27404285837026,19
-14.5847334412525,-3.29656901303533,18
-4.66351484064204,-5.32426298394315,20
17.4410774253705,14.1623428066366,16
-6.03785253697339,10.1826037428876,10
-12.5932710462996,17.7292106382758,4
5.28120614540513,-13.3805092939067,13
26.7152234080347,0.396350261802585,12
18.9919349238032,-13.4716248057244,7
1.94656478034018,-14.4880602949205,9
-0.633495366882977,19.7280504000688,6
-25.6736354005638,-0.227302924646149,19
36.3945274644063,-37.8756461227016,9
-6.10231707369923,-8.34156082892042,11
-7.16698372081512,-17.2265497728383,1
12.7562236428027,-21.1336739544943,6
18.7940983724486,-24.0607961508524,10
18.2429206494824,-0.273594243025557,5
-22.6192987171167,6.75382321073258,15
7.27512673552786,-16.0789021056295,1
-9.18339022992497,6.00797041248469,3
-22.1817072568386,2.69561487751566,13
11.1224717886364,3.78132794673925,11
25.5095470110055,1.50948940343108,17
-5.96281413007416,10.7094278822842,10
27.054535837455,4.29408685043295,17
-5.47882781999668,-0.0591971522348207,11
0.247665326605846,-14.0239734654804,10
9.78391357579542,13.0251606145553,7
27.6456417360523,2.07534182113515,8
5.34516804556986,-14.7495930735654,1
-9.67628522999815,6.02813323613781,9
8.78018404195664,-3.19620403448701,7
-7.56184450128844,10.1497221037195,7
-3.65776658765962,-0.132618262013215,11
12.6153503358499,-12.3488821099067,17
11.9934368227422,-12.5086705200056,1
-30.4971045827412,-4.19504045614182,15
-9.45670946388648,-6.91920298324614,9
14.6571979368786,-18.8571590651914,3
-16.4176592223843,-6.65796439679179,9
5.28318381518735,-13.4091522463237,13
27.511447314031,3.88651704365819,3
-10.7462396086598,18.4674371272191,4
-9.16616315730969,0.398349364608032,15
-13.6577638262983,-8.98077623105211,8
-16.5075873377474,1.60578614105205,20
19.0335713117363,-23.9074408143759,14
30.5585866536976,-20.9808603110868,2
-11.2963285344534,15.4501075580079,19
-4.66384146170288,-2.87977467088902,19
0.814027004809033,14.8019773558121,20
-2.95619780456167,18.1331756278503,6
0.0849236986135466,-0.329143236593031,11
8.36794594414372,-1.48936909575684,15
10.4880479598848,-3.04743425014373,7
-11.1562292542316,-2.87378174561302,2
-13.4348895324079,-3.98180480852189,13
1.82280967856047,-2.89767103022538,19
-3.43989599720263,8.48746435463445,11
-6.17635013485333,-12.2924659334732,11
-10.0159861865183,0.884097542775506,18
-3.94951238873652,1.52028235753625,1
1.26349222168158,0.654226265740977,3
20.7663484853355,13.6634765761832,17
24.5515823632333,-8.30133764266078,17
21.7471773726881,-9.48041578136127,7
3.49807780669005,-10.1302096617312,10
5.6206577591028,-4.00806911726358,20
-23.1078753851132,2.59164935041956,13
-1.42515970759437,7.99523987253764,12
2.37163950153955,25.0812808642649,1
-12.7039944443766,12.8992180585251,4
13.9478960060525,-13.5491602825062,15
-28.0963775427681,-2.42235172954773,15
48.2908315208794,3.4820276022794,4
1.99292222721351,2.10384989373698,2
-8.49841684721932,3.09114547202948,15
23.3137341098948,10.0547612021426,17
12.8522618760395,7.5819316783912,8
-16.716903680588,4.96542093482325,19
-0.0403873139890165,-13.8698263602373,20
-5.91873737856745,-15.4446771823729,20
15.9701468810034,15.3418061749584,16
23.7487966684096,0.183534871108392,8
-2.21531877605786,13.4954673095477,1
-18.3830518230702,2.1087699242854,11
-15.6426561691929,8.79274599952259,19
0.573446772536368,0.366652292220212,19
-21.9082630141673,2.80209706667187,12
19.3342230414351,-8.29919651641545,17
-3.45862232868084,-1.06916063081822,9
30.0640967336739,2.21410651715645,17
6.66856965920879,-21.5657343451246,8
1.17687174516044,-29.4975437736152,16
28.3960701272862,2.64576524807378,17
-10.7136069839103,13.3616928662763,9
-20.2222977494746,-0.0803621758999187,11
-8.03654023863924,-0.256440143708624,15
-8.10417404490238,2.20585274900441,10
-6.39506726759185,21.8461157022952,14
-10.2547101040506,-1.9411808450479,18
0.891237755339253,2.31737176192562,1
21.9522673974989,-8.57822698029221,7
-18.766407349808,3.63337798450856,10
6.11209049654412,4.61911330370261,4
24.1865373341467,-1.96460478183417,17
27.732786924675,3.9872544234705,12
-6.531873826458,14.441789310546,18
5.41273276866753,-2.39836241714109,18
-6.13275395635069,3.59175409821755,4
-22.9953254269173,-5.97121973479749,18
-25.099056213559,5.89597021089238,13
14.9262331409223,2.19091209730796,3
-14.1910733766853,8.12649678712015,20
11.189924316401,-8.55793728115833,7
10.1500234980959,7.75745311076008,9
28.691682699188,10.5953824417024,8
-14.7708965132061,7.85259398051622,19
-4.20768511179476,19.7049026627068,20
-2.56871678673358,2.43862111184025,11
1.82262741611038,-14.9611931394531,10
3.98094361654065,5.35378255759158,14
-6.49210922359709,-6.17914555595909,18
20.8174428030723,-4.18375304941063,5
-0.567050239453774,17.7178404368327,6
-26.0027783269763,-10.0801653281636,11
0.212858166211509,7.22477141354356,19
-3.3853653892416,4.84459763849566,11
3.98509425775363,12.3870125608224,20
13.1352608368015,19.0518333714986,16
-4.86324241041323,-11.5759453245227,11
-0.916963732107195,-0.323672895004342,16
0.575377941175591,4.35249157205814,7
-14.8028337404435,17.1787803531845,14
-18.2430111239038,8.71212594613307,19
-20.0460474043518,0.956573411332951,20
-1.76454973167208,6.82100920125665,12
22.0214008869955,0.592007604965121,17
-10.7651531274019,-6.30503460486128,14
18.1575570791676,-12.5469356368109,7
10.2900806303273,17.8116378478253,16
-7.76319346746863,-23.6188114749326,13
25.8096256575847,-9.81107773939862,17
24.4663734795413,-10.3599164752265,5
-12.4507778710263,22.0690831610967,9
-16.4925160336507,24.0802470979818,15
0.367874903724284,-2.50635455927473,19
14.9548367900823,2.27410994842776,17
13.3107214650642,9.07714643945823,17
-16.2382372977658,-1.31721163053619,4
3.99631536752329,-25.9795926711833,3
-13.4320671731305,2.06933799225116,19
1.40332083826878,6.30163398306324,5
-2.92221288304378,-9.59067661210322,18
3.65139112550047,-0.00870400775659339,9
-22.0052216510561,8.07955755988431,11
2.90640097973228,6.9067399590909,7
1.06727145974575,-31.3418380965436,2
-21.2870520123079,-3.13381365324621,18
17.5343226677826,20.6429955836787,16
6.7505534159557,7.06865726943432,10
31.0013512973212,-19.5358808713979,2
28.2228293203616,3.0321439929485,17
15.4185981665689,1.98495674107196,11
-5.94434678248461,-5.18201349571614,20
6.68326107808495,-21.564108083993,16
-12.3989940573281,-2.0795577819046,11
15.466336459224,-7.29960888839603,7
21.3650511325588,0.128001289256393,17
-3.25325351175372,-12.7604030704063,15
-1.64749270986664,16.293835825035,12
9.94391101577014,-1.9684394915638,12
-6.90397920147648,12.6872542258071,9
3.91946784948213,0.614730675688827,8
7.39251571061108,-2.46586135171345,11
-0.634596562063736,0.582959921548735,11
-14.8293816699091,-10.9212693593941,19
9.24229299221506,9.53088098702741,10
-0.298010376503229,-13.6292588196322,7
28.3631399964141,3.2684692089631,17
25.8271783049397,-9.9475839857204,17
-2.86981518305787,-5.09828005277693,5
7.23068088663704,0.713965375741244,8
-9.83752759315456,-26.4969097680257,1
3.38910466440528,22.407121732,13
7.3115263643744,15.7256915070108,12
-9.00671814886289,-9.34772499438921,11
28.9655361163894,5.97695166287248,17
-9.89612048939648,11.0099041372316,19
-20.3960945493981,-3.94026093215657,15
-5.32168015298196,8.8209642277176,19
9.22438364614606,7.42655523668036,15
-12.4533290011636,-19.7864699818556,11
-16.6485110292677,-5.10568183169692,20
-14.198012249085,-14.3923101743168,13
18.5500491967418,0.0741398286724794,17
-14.0365168035256,15.6544054001218,15
-7.52995617076869,-19.1103803141665,16
0.846903384894288,-8.42727662724341,10
8.90607125585143,4.33300240663013,10
-12.5308889876836,14.3444951339003,11
9.05046533473814,14.6395042157461,1
-9.70564739202484,-3.56449908081365,2
9.31856215085558,-1.83405606371025,4
4.07199785343739,4.10307108650603,14
-14.9628778894407,1.96194563505669,19
27.6196685803044,3.81217916864466,17
-6.67609307730008,6.00291642369567,3
14.0036434938944,-13.5275470656752,4
-11.789760773758,-4.61570839196211,18
31.1043910458554,-19.3723405794129,2
-20.1784947609355,1.87116348728518,5
14.9700810858894,22.9727208370742,3
17.3457128369457,18.8416278845434,7
26.5545950466775,2.07604479527878,12
9.80739862840551,-12.5236294117948,17
7.26489610389361,17.8898909974037,19
12.4285814036557,19.2987479999825,8
-14.2996852280429,4.50212759793528,13
4.53437845207958,-7.48429742389218,16
-2.38856964124521,12.5924019147201,11
16.1841733953006,4.02923597479124,15
13.0824920351664,5.98040504327451,8
11.18859297331,8.06341704675695,20
-5.08877182596126,-3.97146682671242,20
-0.995068606882421,-4.84800323252275,5
20.4240091103005,8.05975710155266,14
5.4606336008279,-11.4343807752946,1
-8.67117275566998,-2.04732653702081,20
15.9508212843579,6.04161403598132,8
-15.8164490214053,9.64849194797756,15
20.2291577401568,-6.08075735208781,7
-1.76722053884538,6.5500132575961,12
30.1062366073261,13.0650738352927,7
-1.64522424950565,-22.6436804553138,17
-0.848760250473252,10.9990505615431,9
9.28063155112581,-5.22896106545873,10
18.5539778355515,-3.61965263180953,7
29.2949890321186,2.7893098365332,17
-8.89035954205884,-3.02003409760941,11
2.064294442128,-0.449955792065478,11
-8.90775561841171,11.9953625681186,9
-9.03100936086989,-4.06242104360126,18
-3.88621797200565,2.84562742586943,11
-13.6474737946431,9.91989908009747,4
-16.6479352140245,4.16538895070211,5
-11.0135867351327,-1.41660095087983,13
6.79375018014451,-8.95435308822821,1
-4.86173210797949,16.3570251166829,4
3.54199716136759,-8.57517074117776,19
14.9845190660868,23.2649809631208,2
-10.3028878079089,19.9882747606115,18
-12.3489231615179,2.59840503271986,18
27.0608859007871,2.94234699266304,17
12.6844994674372,6.10727425942333,5
29.2246911903096,11.6574380536569,8
1.83076956855249,13.9945726265951,13
10.8813931154077,10.6559769786393,10
22.6307430637841,10.2342329061807,12
-7.78016610373609,11.8881519760842,9
21.4988437249009,10.2740090275279,12
-10.3020478753796,16.7160053099535,11
-2.94751827902852,0.622567924624464,2
-6.78725710546257,11.5364243649402,9
27.5348252474045,2.50478441062449,17
-4.72538540822914,3.30432815053712,4
-8.06824397608985,20.1619266051657,4
21.0321407615257,18.5887820812807,16
27.6244896704778,-0.908709790997443,12
-7.22282088855112,14.2251126141388,6
-8.52643586149132,11.3028276683036,15
-15.1915213309672,-11.1901166804525,4
1.79515345736376,-7.15573171099774,10
-5.12464358200311,-4.98876247183505,20
18.1941172389757,20.9909311262883,16
16.8230802000913,-11.4152424362796,7
-12.0670300504399,-10.2999182299577,5
-0.806725229504309,-10.335636531109,3
19.5833347312211,-11.3574842852995,14
18.9935771914287,-18.6148616401297,10
-8.43645744884737,-1.96858105604952,11
5.29109451245571,-14.1952947494226,2
-1.24777148348054,13.1263949174326,18
27.5559512109427,3.8438391115755,17
14.6339830563207,16.8892252826105,10
7.18986475121309,-0.31554222830459,7
24.9113446615165,-0.439667457607311,5
14.8578379611083,-12.1986371022258,7
-30.0623566167908,-4.76994687101533,11
3.42419473235769,-8.24434318893687,4
18.5135949788801,0.0269165486298209,17
0.465655773452449,0.767201262179831,16
7.79391579277816,1.44023222137433,14
27.6187696659008,-5.37817263855194,17
-20.2793048842799,1.17727477873549,11
-16.5082006578789,-4.14450869534353,11
-2.1546735803455,2.75733869156678,11
4.4282028908632,-15.1130457517122,2
19.0633620163064,-22.4725956050642,5
-7.06713390298173,-3.66955313576417,18
-20.2108353692945,-4.84190224198442,11
-17.0556197181,16.172934472363,15
0.946338489376708,-1.48467338585389,11
-9.49666576705559,2.22873227794039,11
-6.54760927119674,-10.7136393911044,11
19.0522664589326,12.2796428011407,14
-26.609515207897,13.1647634621323,1
12.489696129414,20.8485937633273,16
-3.13187031339381,5.05400439277386,11
4.89971662347375,-6.00521389051218,11
-15.9692539720556,0.99993516568719,10
6.64072896306237,18.8096148016982,11
-7.72352967423724,-7.8264518018759,11
-21.4633389452962,10.5424951798006,4
-0.420638225071418,15.9435066836574,10
-15.8473756041682,17.9962551326531,5
-9.95394364157304,8.82789294582822,13
-7.73178491891048,17.3395380215645,11
-18.377416287352,0.83650740845518,15
-6.41160762534155,5.65282185928793,11
12.9500467532116,7.76094422715923,11
19.0445945265169,2.0316599644266,3
27.7545680191678,2.77156264561056,17
-19.8262271590991,22.1667768674826,5
-19.8262271590992,22.1667768675026,5
-18.2328602108981,19.1623398852186,20
1.11461895767411,10.2444351640596,2
-3.0376617267418,6.31334773094881,11
2.14231454362952,-7.5549284102538,1
-9.30017971259341,-18.5763215213505,18
-11.4395938079117,8.36854648537966,13
-12.5856125645617,6.98352895019844,19
-6.8965518935931,7.79737792036461,11
-7.52727151533258,-11.8589054549314,4
3.79665337519554,1.88995056793081,10
-2.95819729441172,3.99697733163021,11
28.5524961479757,0.4117970868946,17
19.0935065781311,1.9867009708868,3
-16.5098852168417,12.391183715279,5
-19.3255587429412,5.6671609200073,19
-3.50098581998676,-12.1359805130981,5
-16.0353311842602,-0.374838941667842,4
0.863610771489498,12.4500740365702,9
-4.29750911080717,-3.81965955947998,19
14.7055205516568,-12.8076539122707,7
-6.70187240599423,9.00136152100649,6
30.2759259364223,2.02875680570401,17
-12.4237221552668,8.17854226229613,14
30.9747394342644,-19.5528645934257,2
22.5709076055694,19.2671352226707,16
-21.0247315086678,-3.0849519227696,4
8.3047837255159,24.6560495911801,11
1.06378950719835,-16.953157743279,10
-18.0804826810887,6.46582328966141,4
15.2321045012976,7.4403137338176,8
19.047534245812,-25.4513792696831,1
18.3220574792385,19.1640587649385,16
6.97125780275871,12.4122199754758,11
14.7915544312141,-15.1786627397503,5
8.42341135566368,6.31370621915685,11
7.61514913605935,-27.8594222378488,2
-6.88211270518082,4.20549104891203,4
-26.0379258598198,-0.446240873825049,13
-3.87623745318091,3.15336239216861,15
-18.2349947153583,14.2353008959066,13
8.93607935599935,2.10480095731839,10
28.3875683932506,3.37652809681903,17
-12.4677256175026,3.8978215954267,18
-4.79989798963948,-15.6286234925973,10
-5.95170601011696,-13.185141844979,5
-8.572770809735,3.53770203469572,20
14.3489468157383,12.6415122288547,10
-4.95643629561497,-0.16119686965377,18
-8.94059046979977,10.4617700667862,9
6.98620208674608,14.7481732382983,18
-5.75662629045288,-4.0905800862476,20
-14.1066551722571,2.06298204008532,19
-13.0982656524768,4.21042709004784,19
28.4250925882297,3.48725904362493,17
12.5036123574714,-8.6974947304754,7
-4.75717738477753,18.6565455837196,4
15.1226392519594,17.4232709071081,16
16.1614668134209,10.0396220991929,8
-1.56238856796718,-22.6035994135872,15
3.57736217864169,13.6935714987271,11
3.49475323816297,-1.47645110356785,1
-18.8422094792359,6.22176379036934,14
-9.37943491850029,9.92690982048128,5
28.9965883375186,11.5721664373059,8
-5.78329859870368,12.4303240875383,9
14.7819916809149,-12.8462748599353,5
-4.92458697946368,-15.8623791662984,10
-3.44626191018357,-2.3590907811724,3
-15.8831047327264,15.9077029015334,4
21.5065880102871,-10.4913493600034,5
0.598318373932204,-5.05649589221417,10
-12.8778446314217,2.21595404671555,14
-7.53253422741689,15.2454689800852,4
28.6159576486323,3.83664818027989,12
5.07341224890008,6.12934310886653,11
7.07560958108563,-0.384369659594831,7
17.5191156486659,-8.24758986910923,10
4.80138541823116,-6.10761073503591,11
0.984326235018591,1.12720712523716,11
18.0277236405065,-9.16725812537325,8
-0.091445670403869,-6.56325816208907,11
5.124496372009,6.01790195586905,8
-5.87379885891697,5.70227567930739,11
14.9069919271852,19.5466247337925,16
-2.46719345723156,-1.91052390804189,11
-2.94281120245247,-1.9911703781681,10
-11.0815512537666,1.57059371755673,15
15.309973555555,-1.96819621627275,17
14.8858845932469,-19.2235464868377,1
21.1291693132952,-10.301630857929,7
-6.17481254408231,0.0404975348021079,15
2.67875008427015,8.46706493973221,4
-7.26949513114869,24.8754096517009,20
-1.26088850482621,5.44785620168824,1
-17.9580549213069,-2.34739013949972,11
15.450529028594,17.189738440701,16
-3.05346864278683,0.4778508632511,4
23.2163867609087,1.67195790507318,17
-6.35709518205584,25.9084725318869,9
-9.78398418506659,19.4578589627263,4
-10.4003709390611,12.210478053361,14
3.97878023089751,-26.6098272124561,3
18.6493548676901,3.15051341596471,17
-1.60857648803064,-22.7399708774995,17
3.56230540796854,13.266661757328,11
-1.13610957465736,3.71247004900064,12
-8.52062881177222,-3.61481974345967,20
0.83427173882842,-30.6065178126724,10
-14.9638024997788,6.65017534182407,18
-13.1518738454631,-8.69800773320212,13
-4.99014085190221,-6.94095719029165,19
-3.91789565019471,-2.11009851180865,15
12.6535227385413,15.9879765549959,16
22.4784623866369,-6.1426790612469,7
-6.34522660772017,8.50400836371371,19
-4.38975083768718,3.44605104809457,11
24.0314349952196,4.31201539714488,10
-24.8822722682861,1.11353646911411,13
-0.348691732822404,-11.1768188973626,3
4.56221677952155,19.5790482222422,6
-0.0730797284171277,-1.51432300153066,11
-1.88557298247768,4.44609976136566,12
3.37574301538448,-11.1664702476371,10
-2.07805646704717,-0.96972169854711,20
-1.97108482390666,-2.10978112424941,19
-0.921662863136222,-8.25466703513615,11
5.54711028578091,-8.00181532936492,5
-2.41870628292927,-17.0913226774973,10
-17.353468269047,1.17962884288497,5
-16.3158831342237,2.5397865534849,19
12.4166072473854,8.87684671576309,8
-9.94994467408572,15.152212836333,18
12.0074877964085,14.9195204154359,4
-5.16543466964048,1.66216785776326,11
-4.45678708896875,-7.77961301911914,5
3.71247141005689,4.3122058513423,14
-20.7941446165311,-13.0833696379027,14
-2.80709130381006,3.27117172380805,4
-26.5505232590605,5.04566951453309,10
15.9484092924398,18.3094230158721,16
27.2304119179288,1.81659633367498,12
-0.945351853357107,4.30069651109559,10
-6.24899137277615,-3.38363492013581e-05,11
23.9059631774795,18.9690979254089,17
-15.213506575173,-3.27295586180774,18
6.50289979727262,9.86056622766385,7
7.10449211838347,-0.352638428212567,11
17.7325641287169,-24.5609490652592,1
13.1904710483564,6.52328017170561,8
-11.0215215395595,11.7569783233761,19
-13.7680311211283,-7.96366971298919,1
-1.09484536920087,-21.8326710206312,4
-16.8743938969028,-4.49168850328433,11
21.9314664226347,-1.37241797078601,17
13.6161823039148,-16.122795556741,10
-12.596594793314,-8.96738092814802,17
-29.6717409904708,-5.76163443209728,18
-9.31077128391044,-26.2710353145051,10
-0.598350101518835,18.2899149321373,6
4.96868029466582,19.501713184506,6
23.3336474633456,9.16923701849093,17
-17.7197719868901,12.6610486164888,15
-14.1881914889603,-14.4553945550952,7
-5.05970210490821,-0.92432415419493,11
-10.2703403058685,0.640014602293175,15
-2.1766165263976,-7.59980794512149,20
-4.60191046773191,-1.01744056740076,11
-13.4683793897326,-11.4778612426077,19
18.810746505052,17.551616015045,16
-13.9979813287014,5.63151518991356,11
-9.13762780853788,-2.70481184224137,11
-5.96949687232337,1.87548624833305,10
-15.0284321558028,-24.7512836728864,19
0.686392423124422,9.12999112598971,12
-6.71127792336319,-14.4883055079652,3
-18.7896076217468,-13.529750870814,16
-2.19628877532145,-22.0203378829468,2
-25.9105398842571,4.76652067609412,20
1.16962216703887,-4.32352442914292,5
25.6117000004576,-9.1608643922732,17
15.4794169464669,-6.89004372046818,7
-18.509289871083,3.7193852196764,11
27.0059944875841,2.53158338441805,17
6.18713315879307,-0.338319660575743,11
12.2008288371119,-2.6021186126498,8
27.7098826795839,2.82373388044391,17
-24.8873996136661,-8.14023425857762,20
10.3189916950857,16.3591675422561,12
0.0750278129549513,-0.403411060586331,16
-15.0570801530915,-9.00764068886105,19
0.0852582593784596,1.59678593674797,11
-3.62104987997106,12.0198864708626,7
-6.41416809195449,1.14127248787584,10
18.8085569583785,18.0941304078627,17
7.28333006421806,-19.1420991667964,1
11.3253090742858,-16.4275699485136,3
-30.6703389568605,-5.55669199108098,13
-0.242320065501017,-3.65724106385556,10
-15.0294739437686,-24.7508911563266,19
-14.1802684044805,-14.440091374235,7
14.0400118851487,-16.1270634133086,17
30.367225118639,-20.1103070234947,2
6.99621277880232,-18.0985992808437,1
-16.9229680389604,-6.08749777934319,15
-0.481759923837858,17.6560599335674,6
-1.24526723163966,19.0564538920634,6
6.12887459314514,19.8253727719588,6
1.36156296316595,6.65426497558998,6
3.29626800084329,19.0572195754167,6
0.124645159830134,19.3462351655086,6
6.1694960495337,19.954404947978,6
1.67063674934678,8.13526276662363,6
-1.03403704018004,18.6794062980264,6
-16.022513014882,9.68084422866355,15
19.7444921791728,-44.4829430291524,19
-11.6563933577176,-3.48483198797713,18
-7.67372840218885,-0.322435547491167,13
-7.7699573632832,0.0428891366419805,15
36.3951424188923,-37.8757582009573,9
-3.24615174561833,-6.18619810465994,11
-1.41450802423386,-26.5534142578929,16
6.00054032722463,-8.73765529271163,11
0.643579330775451,-30.543852088411,20
-9.43385799190765,18.7528190626613,4
-22.287327620681,3.42357649427267,13
17.9039526230554,21.506935250879,12
0.684868168725887,-9.83132981089712,3
-11.3975243837943,7.68525225672392,15
-4.22527589439959,12.1852134322826,4
-15.9608689351996,-15.2993132116756,7
8.26375622388795,8.41576568049462,12
28.5899240123667,0.32435768010811,17
-12.6997100245185,1.14874589203495,9
-14.1714999064044,22.6965893730097,18
-14.9994873684084,-9.86575164736701,14
7.63193457288327,-5.26097167157141,8
27.3574795604495,3.83896133791878,17
24.4779405443658,-10.1497736424756,7
-8.29197233110719,19.9264791737354,4
-13.3440205486074,4.50330414599989,18
5.44848430232658,10.6587177699397,15
22.9312311489926,4.82587174604776,17
3.87885452953134,-7.21183303586386,3
-9.87754433286424,10.9860889904474,9
-4.8610586838204,-15.9082237543504,7
20.5036583708309,0.635292832288065,17
20.4180825235141,-5.69423190023207,7
16.9645144385047,-7.87758347554797,14
13.7044862325492,-16.1077264105206,1
11.1427172609478,-22.9544400653751,9
-15.6867481952928,2.14302687322381,19
-4.96709737424905,-12.8171840550325,1
14.6700470855819,19.2925348220921,16
-16.9378094892739,-2.49133435924696,19
-13.5015194467498,-8.76177183261086,19
-0.0184744125997732,-0.441154681429417,2
30.532018283854,10.636412816571,8
-14.3578892988504,-0.297865069620485,18
-7.02834224619073,5.52673999133758,15
29.1419154306332,-0.189935408696716,8
-14.456438305544,-14.3164693525065,20
4.64080310476275,-2.03470043450351,9
-6.34824351238647,2.64664701601558,18
-0.324247627119111,2.71837387265371,1
-2.6892503944737,8.28418030397441,4
-2.26408639342531,5.18869055200931,11
12.362328102363,4.55213707527571,8
-5.30921538803659,-9.64610923860805,11
28.0267994768772,10.4584590887977,8
-23.3736238918058,-4.40193956048402,15
0.315967484002192,-8.54234405782017,5
3.96080905035319,-26.075193445551,12
-2.55141988176471,5.58672610989529,10
0.38375760767509,-5.27863328384757,5
-4.30179748683383,7.81500734205399,5
20.092990576097,-45.1045185438975,20
-3.72271750869983,-3.38150069196658,1
-4.03043551801029,-11.9112353692692,4
27.296462316919,3.73562385411454,12
16.2278340489877,2.96954248240411,17
27.2307792193782,3.93021839258806,12
9.42849147988148,-15.8359281684532,3
-24.1594795143524,14.226226396601,10
20.6916654710751,-8.35052445896215,8
27.2975038594961,4.13119127050121,17
-6.89163338991422,9.21173282236864,14
24.1490935315487,-9.94792790561618,5
-11.5368087677872,-1.08663188054461,18
-1.57807994145191,7.98251796535435,9
9.34942798558544,-10.8633055552685,8
-17.027613649075,10.3671691489033,18
27.9180458660059,10.4548236620593,8
-1.83175010698619,-0.140205403926169,13
-18.6190928336551,4.02252087326408,14
-20.1302108580167,10.021755339047,11
-8.07847123296846,0.97148883057222,13
-2.49645570104534,1.87908649729109,18
0.705065324211223,8.67426131479334,20
21.1334215282627,0.79235957343233,17
48.2910585821323,3.48208444466118,4
16.4743783969013,0.258741573997836,17
-5.58215801017228,16.9929799279911,11
13.3778494216238,9.08142430139525,8
-5.92803504336156,-4.34908418920937,20
25.8897051685797,-7.6585915772808,14
17.4379521793556,0.82279080739622,10
5.13901534573287,-6.01312704363703,19
-28.2633624196024,1.33608633552815,18
-17.0484518333076,-3.45011831401003,18
26.6547616419651,3.39482544222303,17
30.4236166220755,10.4469455936692,8
-11.501796793304,7.58786704205225,19
-4.56237928987076,11.9899577705468,10
-8.04276915249669,12.2639175451754,9
-10.6463239372192,18.5218750214432,4
-11.880780787875,-3.48248621002804,18
-8.69109456831317,6.0168120157764,3
27.9561654358599,10.3645632609535,3
16.0917732567352,21.1543348404479,16
-0.343347954040258,0.188886340638668,11
-2.53179634526982,-4.01469429032467,5
-1.36673449720313,-2.91299684720953,1
3.01699203900731,1.26419377226747,18
-9.40654646632555,-7.06576213258691,20
6.94786645956662,3.55266297970393,14
26.7049030853394,2.72848495053204,17
10.4867286808614,14.1519996783991,3
-19.2977911515418,-14.8184363471262,5
-28.1394423904334,-2.47933550215563,15
10.8042016228237,-19.857673076545,17
24.5472547314572,8.0714057864621,8
7.51250912065089,-1.36683818063558,16
-19.2907071375014,-14.8877912975726,8
27.3528324342405,3.94483397454382,12
28.114579267536,7.49371563394974,17
27.9575341646362,10.507427611512,8
-1.13179751264423,-10.0486002977656,3
-2.12565267462501,8.0096164077477,5
0.0746909524415701,-11.5789518047557,3
-5.17284005482069,-14.5329906471018,12
-24.9633350682877,-2.65558795164976,18
-13.8008488982563,-1.65607580628851,18
-10.2736312340472,-7.50388755523078,15
-0.358172580610314,-5.7137770465985,10
26.7825540264146,8.23866151908091,17
9.41275338631626,3.1714542726406,4
-0.18922501877584,-29.0299035609275,16
-1.67834372081875,-22.9940733781741,10
-13.7384765319899,0.78931113636845,19
7.14972294043632,1.57321819504503,16
-5.69466018099278,-15.9066507492942,10
1.05685900122756,-14.0237594029919,10
-20.8758941218489,7.65506833493834,4
-3.39637798969157,4.84212946388025,4
-7.66172764634811,8.53842348723681,19
-20.3849075877107,0.074105007634262,11
8.12429063786223,8.4669250521196,3
27.2920062885108,0.583791359064596,12
-13.4133014600012,11.2254998534197,11
18.2407888888112,14.0088548586029,16
9.42141764831378,-10.7541298948971,7
12.806431631403,16.0952788324717,18
19.2307894908234,15.7483555003954,16
-1.72025486703698,-22.6058396719104,1
28.6315643886553,10.5128802606849,17
26.8401809192727,3.32138228987369,17
-0.0207673236279735,4.76029729906157,11
1.81873780475058,2.151930125651,15
-25.3990201110359,-12.2229380020574,20
-1.10398297529506,-30.0114744197958,20
-7.12769512260238,8.90071401840235,14
-2.97182288138653,0.576252949535996,1
25.6400690145543,-8.06862540592666,12
-4.66283945469161,-3.03731191281615,20
-27.8288597086716,-2.20036914254181,15
-12.8063399819553,6.12265293211086,11
15.9141908958652,5.91552089603448,4
26.899276643419,3.40775910859388,12
-25.9181021724845,3.483159171889,13
-23.1442790484157,1.51018232712092,11
-3.28445643968737,2.43250204867824,18
-12.8912527655118,-6.09447100296393,19
3.76493625040219,-0.678263710236651,14
6.14064910601195,11.4090022914177,11
10.9434083744962,-4.75236983596677,7
-20.1439086037333,14.1290545693562,18
-22.8420005632989,-1.29706969228973,18
-6.08165693686955,10.7237310364968,9
5.60251379826537,1.11696576287652,18
-0.504697239642806,-15.4672548861531,10
-13.1255626548001,2.22483588689354,19
0.00745931915084125,17.9202899494154,6
16.2454510167072,8.5490388222829,8
-4.71418445053855,-10.7803402401668,11
12.9373473071263,0.787796611165861,8
-7.53917392262813,-13.7042598617874,18
-14.9107285646791,-0.225471659196887,20
8.35060726385504,-2.97922751528151,11
-4.29385142411301,-2.3495955586766,9
17.3439890554887,-10.8231649639722,8
5.50813200595747,-13.7983169636806,19
-11.2957086941671,14.1468381663702,11
8.63498624660698,9.71783824260065,3
17.374217794116,16.2015922575335,16
13.6604693996486,-16.1009274219474,7
12.5303217229298,-0.901813303372955,1
26.3524207158752,8.05476924684421,8
19.2295997091062,-0.919827452944386,8
26.8396429943202,3.30320424389213,12
9.22320746979913,-10.8637089695064,14
-4.48617142215694,0.100109447084635,13
18.9620995872183,2.00648119231772,20
2.88055864312846,0.989855513548002,11
24.2210322766787,-9.36262791405497,7
-15.799011636798,-20.8306957260472,9
9.43789119275665,9.55499311150611,3
6.53472982603084,23.1630617955261,11
26.8068533843255,3.57961622772019,12
28.3758679219138,-4.79640077666884,8
31.3929363196542,0.853370417979886,12
3.66855527304434,-13.3998236550685,10
27.241188641656,3.43954481797026,12
25.3426587069444,5.49940566152893,17
-7.59887736527082,10.2870708132739,9
-6.67686838857035,15.2189621672884,13
27.2445529684896,2.94059670849784,17
-1.35185904068498,-9.83989068753155,9
-19.2683753436873,-14.7101448454546,5
-10.5988436909808,2.26140798618817,15
1.00661868338753,-26.6951920164866,16
19.1181083669958,-24.0666558127311,1
14.7414146174603,-15.1646805147901,5
1.89812238308795,-14.467766964076,10
14.0273497395896,-16.1240452893751,14
-13.8160832273837,10.0150224187137,4
-13.4358881325227,-0.453160338290503,18
-24.078792999686,-5.56248019662851,18
7.43845705247912,11.6236714716298,3
-11.3433558022501,1.54134058399828,11
-5.30954603900717,3.13107219527617,4
0.846347668334406,3.72388873074566,1
20.7832513978971,-13.319312976581,14
27.6390385632095,10.761455572418,8
2.84558458180781,-0.297126578156975,16
-1.75783317893204,1.12224447900493,11
18.4239824463694,18.6331078435711,1
5.04966851847591,6.08585336684037,13
20.6111420734602,-10.7894403826259,5
1.67772344917076,-8.01748238039736,10
-2.34524908309381,8.83221786731407,9
-6.03455245680689,18.1979798630779,9
7.05939256580675,-28.2122104553125,1
5.13101825253755,-10.0875202701331,11
25.3448700025876,-9.55495592131673,17
18.470054563741,3.44509750798438,17
-12.9489545591008,2.19510978104024,19
-19.2079774551401,-14.7952516502875,5
-1.56710763555155,-22.9478299721895,6
0.0830939372304477,-15.4956903216311,10
-0.670382091744541,3.23675294622582,1
9.22227927484218,-4.84842734668466,5
-11.2154129907071,-0.674453533199075,18
-5.07050489261751,-17.2358857373376,10
-2.59101669436669,9.80024383960865,9
-0.448015682472212,2.93723676833661,1
-0.294723997071085,-4.51376672529356,10
-13.6785504759755,3.67242042556969,19
2.65541368371584,6.65661149169719,10
-20.7774770485247,2.45245239115667,20
4.99820555822911,7.61176270280524,11
3.55688091998129,2.8475527345055,14
0.0435754948507178,2.56777168722135,11
-22.1084394017172,2.93091748134163,13
-11.9167195801567,9.90883400294406,11
-5.69042258731071,8.02313398659534,12
30.8843981278964,-20.6153797442577,2
6.59253203373906,11.2139336464302,11
-5.37397421901791,-0.145074326689846,18
0.216699140770687,-30.2997076605825,16
-0.811666610658457,4.33634875827347,18
-12.8077040856536,10.2751563772915,9
-3.64137956527149,20.2274919308492,5
-4.72291580387118,-11.7694292048354,18
27.9311708032472,10.3387984735927,17
-7.41141126928345,17.6249985664069,4
21.9396543895627,20.681581531521,17
17.0660327846791,-10.714538652891,7
16.5821581618575,-4.74924276298485,19
19.1447176821319,-1.03809754190328,8
-22.4216118500069,17.0401238949384,11
8.16197593963504,8.29728632463627,14
30.6385846206196,-8.97799323241854,8
-10.8868935039142,16.6985842724171,4
7.84583245142482,-3.46205034402199,19
26.8832989484433,3.50166308681202,12
-2.78091595020838,-1.91603551099245,19
26.9298994735068,3.45056531960619,17
8.56430436739381,1.16753126813214,14
12.1808543327314,1.22487072251309,15
-8.07084654652928,13.4152599033745,19
0.481381991745976,13.7802617194454,13
12.8904226338539,-5.64086934329944,17
9.72485171548107,-7.42153813896262,7
-0.233335984821943,-6.13413355111772,10
-7.44363271204339,1.06652626143896,11
2.10978919462491,-0.39112658486436,13
12.9549556156604,6.34143119496639,8
-8.97677065713902,11.1946552834231,9
-8.4991274409483,18.2741431497552,4
11.3110021592025,-12.1160277770474,18
19.3874872609741,-5.89388732695342,7
25.2769930802603,-5.45003315973348,8
-12.9213214433519,-10.4213990905675,6
-4.72447552691736,-1.75866496920905,11
0.862478954682657,-30.4122486477569,6
26.9983206520363,-7.55289515018886,17
27.474459670283,10.9330014417431,8
13.2211679928501,-10.5268275822514,1
-19.5575754904912,-10.9720033493009,9
12.2022453142136,6.40429990935589,13
27.2494541280917,0.525032563984755,12
-3.53888129806543,16.7407334500396,1
3.56170819455462,5.37912828871426,11
26.7840728236368,3.61981911593973,12
1.63087530451642,0.939767300135571,14
27.8885376583399,-18.9597915477361,7
19.0437687815635,2.12885459088674,3
6.0798326605098,-13.8140955712576,15
-14.0740992095708,-12.7757457086202,1
2.40929997140127,-9.23207065201204,10
-29.7153162910759,-4.67967375310354,15
18.453491099685,-23.6069778430284,3
13.7847477635543,-10.8236062483821,3
26.94086520664,3.53551593990687,12
15.4572612290756,-0.609503165509421,17
15.2915423177278,-8.32125937337836,7
11.3394802450192,-9.79930234023683,7
-4.63438271324928,9.56639868514528,5
-3.84740916896039,9.7637564353974,11
-14.6128866919287,-9.28158932519617,19
-2.78369957145646,4.83633937957918,9
-7.67800779181442,3.35834224066772,11
11.0728707625307,6.74738940016259,2
-0.226100511980087,-1.78312257193384,13
-8.3607047889526,-1.8735205063723,6
-9.77100441512262,-22.410251784093,11
-0.669210311083964,2.32221801467509,11
-1.59006833680915,3.64099938285326,11
11.0155091754126,6.82287976005026,5
-4.03941393912918,-12.9187995703585,10
0.314345040787373,-8.50240972396332,11
4.16345612370344,-24.1194503483649,16
12.41353243969,-12.870497512354,11
9.94229601012117,14.9545881193552,11
-3.4317761856697,0.131973642251365,11
13.8159213832525,-7.89438942373024,19
-4.13497836327907,20.4944805334078,6
26.7668558179311,3.57637990547779,17
5.06785693491884,-9.89353642274782,7
-1.28093421422904,-7.14364361382704,5
-6.87908603822727,4.3980537993813,19
1.74349548194723,0.84141567572827,16
16.0649214103789,1.97329808109041,17
-5.60761602734094,2.45498112955893,11
-10.9106342451847,7.8255024350328,20
29.7691314592226,5.0983977630819,17
-6.69556450183181,-5.64647207461685,19
-7.84336670984527,-0.165126593275966,13
21.7607976129163,20.6765656690982,16
8.32878837357871,21.51063759941,8
-15.7377264339961,7.87866014398053,20
24.2055989300945,-10.5318568247985,5
-2.17365274005733,2.70647039147007,15
26.6814046961117,-4.33713298818898,17
29.5921390898741,5.3945618701227,17
20.8411200755523,-3.74298388902423,10
-6.35528152184415,4.24192585627138,11
-2.04294357277971,8.05075458810291,12
19.2229969146746,-0.869529303981893,17
-9.601821976233,-18.2473672062699,11
-3.9994163181863,6.78941981860288,11
-3.65857430841886,5.35334980089206,3
11.1315545482967,-7.42797560713392,7
-11.2369209827785,11.7886343906676,15
-1.90041884228756,5.55064838968571,13
-5.27592835976942,-6.56787626971754,13
26.7907288357929,3.53374350842258,12
20.6623600402047,7.40339020873518,16
3.83059573232909,-7.20003020310144,9
6.32174554961624,14.7572954091863,15
-4.08252476681051,-12.9349775291795,1
-12.4167224758633,0.14165934878735,18
-22.3980097239489,17.0355909270616,19
17.9047158052363,10.1320822680028,8
-7.83551637382278,26.6015989287088,11
0.144197147083086,2.58894954351469,5
-6.45766335993336,1.09103109841534,10
6.01853100941658,7.76314894781116,13
13.0814614591171,-2.13069452578257,8
-16.2349916239681,16.7616011888898,5
6.81388397544205,14.4940285315316,7
-13.5197279616513,-2.81628909779942,18
-2.20118824437,8.16272435811811,10
0.193043110742103,24.0983201492306,5
-14.4682818608813,0.5939934077776,5
6.71296630822533,6.85591051698662,12
-15.9503974742825,15.7825233771263,11
27.6552948708359,-3.54384047008273,17
-10.9558365232944,20.1323010434265,4
7.13610802119793,-4.59051877735202,10
-6.32355455691337,11.8099316607604,9
21.0409313610145,-5.39661193429075,7
26.1649506752994,-2.47953098477517,4
-22.1789844925868,9.79083340335749,18
-7.8216147257952,18.7879540999181,5
-5.52053552743531,1.33873751862493,19
-11.3117382180437,11.1254484389068,19
-7.60444172395314,-7.24147420349578,9
-13.0775746909081,7.13032131933505,20
-10.4893114120563,-10.6847448766806,5
-5.66363759028822,26.3310428017256,20
-18.6975909696078,-8.60465717211548,19
15.0199986555622,23.1149103384018,11
-19.2865081619081,-14.9344794650536,10
-9.13927029497344,11.8247451359924,9
9.54812334291569,9.5145298868169,8
17.3433690767651,6.78611419726975,17
21.3811989081719,-3.87777702564098,8
-25.4663892339963,-0.377539830874967,3
10.0941641218027,14.6257675798805,11
27.2166493299654,2.83139851991073,17
5.50824420140632,-13.7787631996711,15
-20.434036623722,-0.176451167029885,11
-18.162813333151,-13.8635349863291,19
19.2103164855234,-0.899010595738545,17
25.665184017311,1.04400326854604,17
0.908522102399549,-29.8747039602173,2
-5.00489269762416,-14.2643305411275,5
-9.6664309822449,-4.07756037860683,11
25.2274870268502,-1.59236405123026,8
-1.83525472754732,-1.88172077162845,11
-13.4278332176169,18.5928634010968,19
-6.7333762703308,7.28255654116882,20
-12.8342346637046,-14.2459481401135,18
-10.161434637131,-21.6141365057714,11
13.7191271772921,-24.0169487978016,16
2.24662844375465,-19.8619539532478,10
-12.4319753062112,-3.45683569850621,18
9.62367172291184,20.6256977589314,3
-9.94694079978509,3.43165860178998,11
-31.8309933365073,3.2669626010211,11
-13.055345876977,-2.21276465778558,18
-17.0315357946,17.7730993970939,11
-14.6190947011978,9.0146359820862,20
-7.99262514727603,6.27059825821035,18
-0.129799370137584,-0.686854001414268,15
-3.07762903710957,-2.07272183479542,5
-15.7082348352584,1.5723582445582,13
-7.05712161184539,5.46853458396672,4
-1.50236024348379,-1.1418490717451,10
23.7138446086286,-12.423798881922,13
-6.57864775612543,-2.22650499655374,15
9.56811022866376,-3.79469122787794,10
28.0220324266781,10.2974551119902,17
0.402685143010449,16.366582082557,6
-1.35160854240237,8.9872136413671,9
-13.1227972186946,5.89320487504871,18
-8.93200617099408,6.89740541541308,5
-7.58697603039035,10.4856784198322,9
-4.91193624684365,11.397175477531,13
-9.87002447878297,-13.1355365017982,19
-5.02281531805605,15.8373867794615,9
-0.102891440655205,-29.8421487900133,16
-1.92683899355874,3.17494591714332,2
3.6986091664178,-1.47355845039375,17
-8.94602817571079,2.83208312622175,11
25.062310305314,-9.17377210952732,17
-0.604323446075036,-5.47685238184674,10
-2.6602029269489,2.4543039448464,18
-13.2051422888062,11.3312404125757,20
20.0929915863866,-45.1046554721336,20
-0.282051292694153,9.59393771080945,12
-16.7432687140692,5.03217194753082,11
-9.93920057531657,2.9443702968536,11
-0.512584603238039,-29.7734306479043,16
10.3412100320955,-4.57402030645424,7
-1.82975631537231,-0.204057991589256,11
-15.0486936572272,5.64600252695248,19
-5.24343884929392,-6.6109222742963,10
23.9158930771904,0.357058775964074,8
-25.5183145311593,-0.342404973496557,19
-28.6816631177401,6.97334472034236,13
-1.64949209774839,-0.593854478371912,5
-21.502160025754,5.91419616036041,15
-1.92261876888945,-9.32533522002908,18
-11.4635566675132,-12.1050514496178,5
-5.80425976874839,4.01234328178876,4
-9.24405876593437,-2.71944342582063,5
2.06969794944281,22.7797723776705,14
-5.64844473515289,1.4618057004661,11
-17.8455325660026,11.4922986477711,14
-18.8842486199015,5.40541486817079,4
-8.5550399992608,6.37414541048894,18
-12.1574375005578,4.50531236223574,11
-0.469315471481732,-29.9851127594928,16
1.50007882494945,-31.1319666435734,17
-1.49286192075635,-25.3141882313069,5
17.1838380987053,16.3317548935164,16
15.7353132599505,18.1493830976019,16
11.6585568327027,-5.367614075896,7
1.47817286540319,-30.6823979293896,16
15.1315908977496,7.4128194218878,17
31.2207970418709,5.34378924350097,17
4.80324797189971,-5.18894558392479,2
-14.7795779267946,6.90753125293764,15
25.1300033141804,-8.46357416667589,13
21.8136322084843,-8.73242216807516,8
-0.940902812703369,-8.23343180468599,10
-1.20086753016487,-29.9886993559416,20
22.149308523899,20.6453776044661,16
23.3566621771766,0.849265881664906,17
27.1022057693479,4.11205112172112,17
18.614341919985,13.6083993218089,7
26.1538788462528,1.35303193096056,12
-1.03944439534645,-28.1222784748358,18
11.0358161827417,2.6158591248461,3
13.0310485994053,-28.010793627231,17
0.715473385029677,7.48349713988045,12
6.21733442872731,-6.68198879023647,11
-28.9724322366207,-5.19664669240697,11
-9.64855673761262,-18.2591447558714,7
-16.473192852795,-9.07880169487003,16
1.8984580908395,18.2718817604784,6
-14.8743767675969,8.38317653739293,20
-2.49843361096499,11.2746264382712,9
5.54537137527909,15.770322230614,11
-2.23393570803238,2.19563974666118,11
30.2807464789677,-20.1347102773525,2
18.7999569971049,-24.0968197899768,1
0.599734122552425,12.6594178423471,18
25.2492457765906,-9.76692494047774,17
-1.42749457867687,-0.440640443725015,19
-5.92355701139233,-2.10318019384825,20
2.46282193456898,14.3435251333048,13
-4.69957766109514,-0.930656197929146,18
12.2249387705383,16.3759338319053,17
-3.1078336757804,-0.321787948773821,19
11.6447255348945,-15.661519800576,2
-11.0802910740254,0.103523830890577,9
9.79645200411305,-4.76641001576378,5
-30.1263086250025,-6.03212930694711,10
-0.462122817071899,-1.28888254144844,11
32.74445897172,1.08426280462805,17
26.8330015457724,3.6051070206499,17
10.3444845248864,-4.56584076281531,7
-5.32316121666234,-6.61778721491955,18
26.971000532173,3.68628805905659,12
-14.1606285392708,-0.0872120450336275,18
-5.11629620740398,21.565698476479,5
-6.00886350051259,12.4710159411517,9
-4.34539106684834,-1.64114945627814,10
16.9526969034936,16.5326570565899,16
-0.847864107346955,26.6099941006595,9
-15.3527322874615,-7.61414094791891,11
-8.04162365612148,-15.4496622247724,7
-10.540268983794,1.05816553945559,10
3.98279891888932,16.0242661761941,7
1.34715066178503,6.63412637285082,6
5.82274876126611,20.2030817908655,6
6.15358538641972,19.8661741864323,6
1.84818538305908,18.0763235054231,6
-0.0647649461334962,14.5588900906157,6
-3.72576127393638,0.658776067986269,15
36.3945216049483,-37.8772064293941,9
13.5762612256657,-14.4306030726212,14
17.7388024567313,5.7508394156969,12
5.96250577998057,-8.65109777397827,11
0.0483964568007619,8.08423446463692,9
17.9912643874848,-12.7508101866536,7
-23.7210808810553,0.392473843782744,13
10.8023011967576,-5.45945810661054,7
-7.43133549935699,-0.959784927241173,6
-9.26707508692346,12.6919241056553,9
-6.84612211006251,12.8250406527813,9
26.1698799016217,2.78654204408553,12
-17.4394176092998,-3.14109664659495,5
-1.40209211593577,-14.8776308212675,6
-18.1586335379545,2.64648586363917,19
16.2170124383417,3.98356412164743,4
-3.32277813741827,2.99985572100972,10
3.87558569007897,10.8184596494466,19
7.73651051793747,-2.59020206938901,16
11.681862467306,13.1601478070235,7
-8.0668268723263,-5.01612231934257,5
-28.9876475851894,-5.51397840373984,11
4.62247616882654,-7.83916763857199,15
10.5747910175771,-13.507658543627,2
25.293268024831,-9.30944744421848,8
19.188418845393,-0.889364997448533,17
-16.8363842779496,-16.4814988085377,2
-4.96383844275451,14.6468602273956,2
-23.5454352738806,9.34049080587928,11
-6.67746877076011,7.21788180623181,11
0.0823780903035071,-11.7103329298199,3
-13.7629633388713,13.7986664239171,18
5.69805417636947,12.8149241703613,3
30.3514998538906,-20.2023024389175,2
9.72898841203618,-4.68555773348619,19
-9.73135321315675,20.9656194619077,4
-0.683955597205028,2.27477544771556,11
-15.7149939340021,9.01973166976522,15
3.89281669077588,-26.1194730129661,10
-8.81691403942219,-21.4364671280288,5
3.83350583535999,6.29650639196454,12
-21.2857355995169,12.1602373881304,18
7.89410751394005,-17.6357490419341,16
2.02641135071054,-14.8533574803696,10
18.0669458948349,-23.188397362772,1
7.11216455660438,11.1168763768008,14
-3.98739319831273,6.61833357384283,1
2.85877877281116,3.94293786731157,14
-3.34504911306355,13.2307435672456,10
-28.922004196897,6.97448220350058,13
-5.88964247907087,1.4065673188341,9
18.3659581255216,19.0022959397705,16
-9.77208031847724,3.15168455279454,11
4.10964235907267,-11.8460931522633,10
-0.631896706110593,-5.2534661252659,5
12.6391128865069,-0.753779076699678,10
-11.4525278183144,-1.17460489442485,18
7.3322148397838,-19.0810491222534,7
23.5603274388946,3.28406630102948,16
-2.02634082272439,9.69201902039212,12
-10.4299582719065,20.3567770492257,4
22.8293288502497,3.86852594758974,17
-7.02418489097676,14.8281174011765,3
-10.3747436759742,-2.11357705489281,13
-7.16337781900028,-17.2512581736978,9
1.77915197906679,-2.90949557679385,2
-14.4756583330204,4.77212281865391,19
1.53692940393053,-14.8109746073904,10
28.504434737997,3.88704633346967,12
-20.3775072799362,17.7142660166603,15
2.49487065300317,-1.56476468759269,1
-0.338457073482811,2.75172371808787,1
-0.504636176729728,-2.08856241075517,19
15.600077770968,-6.98089761144194,7
-12.1130904463697,19.6011266603604,4
-5.92591308998661,-7.04636483000854,13
-22.6232841664256,-5.70565920835713,4
0.738571536341483,2.20208932276828,10
-28.3253097215663,1.02573635305913,11
-19.2828003990355,-7.55908563685749,19
2.02389050756967,2.09847705641279,2
12.032033429437,-11.2157890642363,16
6.90569200842041,2.53669648883324,3
-1.01120891424012,-1.35474922071723,18
-19.7161100547695,4.68905062489543,9
-6.6402603732026,3.44144919306492,12
0.630246924169513,1.71452331011371,16
9.56194515401886,12.6323353737296,20
-13.7065815819789,-1.57892503764743,18
7.27497857819053,-13.0374698919541,1
-1.93554743639916,-9.30650885341012,18
11.0943898985071,-11.6102260097553,7
-8.22788136191133,6.90100875188748,20
10.6971726866529,4.95462077885487,3
5.26576398637588,20.6537084779446,11
21.8646234547862,4.23704914297535,17
-5.79278019469838,2.45409318791944,11
-3.17413350699344,9.8278839589372,18
-1.4169851258175,-1.49087821757473,19
6.79722463215589,12.6791229830248,11
-17.3930391362764,-4.23891690290379,5
6.1906691694321,-21.8328374308484,4
11.1189293235162,-1.02329411673503,9
6.56698879852324,9.18838867053586,14
13.590132009147,-14.41820352353,7
9.70161560626554,-7.45161123807571,10
-12.0963850595729,8.96985278784678,13
25.5173421801677,9.22823597503008,8
8.80117461590698,-0.573307825481456,18
4.79364497838102,2.54749885910742,14
8.33763847664716,-11.5179324957441,8
19.0047348425526,2.00560183538691,19
-15.9274015231855,5.54075704229762,5
30.8159644670849,3.82073434830801,17
-13.2551481020109,-8.31114547526855,19
7.71791263152359,-8.48174908932727,7
-13.489705160239,-11.4444998751582,19
-25.6442549085809,0.25423618484097,19
-10.5150444231194,-9.17957871856065,19
-10.8646139127191,2.96881217317927,11
-9.79664831708893,-6.06874449038341,11
2.34644467011265,-9.82081108437215,20
-23.1474895788208,8.99855929374123,20
21.9848787789025,4.17438228410662,17
-0.879843645734204,-15.6933036071501,10
26.454158371157,8.00159961090781,17
-2.38665079187637,-3.35358529616231,20
-13.8584120809239,13.7051004702111,13
0.92941271788815,4.19451622817561,13
-11.4350115918785,-1.28664481403105,18
-7.83459356533273,6.81437059742685,13
-2.02497300906094,-0.570342636497725,5
17.1610793008792,16.3715006196745,16
5.63786387969819,2.20041288124007,8
7.60463861760841,-2.61244472221804,14
-4.2976905227926,13.4681444846577,9
18.073923500612,2.81014693990222,14
-1.63353017211323,-22.8209003271115,1
-9.720382800421,15.9869051593845,14
4.70347612498344,-12.0156173690654,3
-5.41831464162849,8.2441422939476,4
8.44829238051656,-4.08886649218028,7
2.05519822278027,-0.0370217753661942,2
-21.93495050941,13.0133250007612,4
-11.4798028885547,12.7563066523173,4
-19.9424292018703,7.65299874206953,20
-1.31874487798857,-2.41935827024323,11
26.5753145514483,4.26583750381219,17
0.642738778487123,-12.1433579909271,3
10.8921926959536,2.75975306590623,3
2.67420692375844,0.676400432127461,8
-6.92658501709874,11.6323633576413,9
-9.01825207702528,6.65690322929781,19
-2.96048580195103,-3.49107172497424,14
-14.9372278501833,-1.91879975800855,18
25.2933639512269,-5.46590259129949,17
-16.2715844913331,15.9487331259507,19
-3.46667551691974,2.49276215078807,11
-9.85453192609065,-26.4684426092212,1
29.2154563289321,-3.1679376094377,8
31.5396393300647,2.36323674015182,17
16.767716490944,-10.9536672810191,5
9.10396788240541,14.9331579118764,14
1.02411446319089,-30.3197716609913,2
-2.26324857283515,-10.586377161646,3
25.6393329589342,9.2567868775105,8
0.911295209342097,-26.7720250740051,6
-1.31683686654291,-2.28651001514495,7
25.2811378138902,-8.48875732356968,17
7.72804252339885,-4.68749895160648,8
5.21276851292991,-5.31713480537833,8
-15.2156508566973,17.2246953809051,5
26.5794920987559,3.24390141402864,17
8.21848614269437,8.38876904035861,3
6.28355597115257,-1.09065367070837,6
7.4718894941947,-8.93171900852725,5
-7.18277561812065,-6.23283243245155,19
25.7301265405135,0.765648530472728,12
12.1077894693746,-4.89681379381957,7
8.07194326046458,2.50180328658288,19
26.1477431092815,3.26611601611999,17
-7.62940244984393,-2.4692438156145,19
6.86148694988915,-17.4956156417621,1
-5.83899411819803,-9.91628171946419,18
30.6521971441668,-20.1414483933605,2
-16.5356686222238,14.0795859286512,11
-0.0129656745473908,1.60238295919743,11
-2.28728545749248,-11.883793025617,15
-12.4761429119807,-19.8091207722447,11
-12.988570623875,-2.90273892810663,3
-17.1534164391069,7.68916656303954,11
-0.499670843803542,3.42957336002725,1
8.04113536493603,3.50832555803338,10
-1.32673249526546,17.3595634485543,3
-10.3905176611822,-7.21857092778192,14
15.0312765495552,17.7532135125492,16
-3.25179310183493,22.2810844664168,4
4.04249509072926,1.06448955217107,19
-8.49802767954895,-2.04430421348563,11
-22.1261476342343,2.3892537062036,11
-1.70328612496482,9.75653418601195,7
12.5547303821459,3.75664583736714,8
1.59261662253932,-1.61565388856176,10
27.6158252266812,10.8060411916179,3
2.62227643368191,-9.48578743976409,16
5.19014919666972,-14.387471024548,2
-10.6077946507177,-11.8714699501698,18
4.59354329055219,11.2083524498162,11
-2.52728607003357,11.5902721137387,4
22.2086225534516,4.12906441224502,17
-12.2918213114511,-1.98271084916548,18
-5.81594049964143,-0.630223640704064,15
-9.80220014810534,8.68443775943982,13
26.3017474748454,8.4106966494439,17
-22.0451677634212,2.13667220366569,13
-16.8705586951331,5.73470888041315,15
24.9562582840776,2.83175383664116,17
-0.951114055024471,0.290553644352312,11
-8.68881320890246,-3.51081019037473,11
3.23574934971933,5.93443260818652,19
-2.01863041440441,4.95380619032102,4
12.6552817632491,3.81114490669034,8
-5.22348457770143,5.56045576389009,11
-4.34978586586483,-13.3678616108096,11
29.0082818564696,0.0984526876425319,8
10.1345763065207,-11.7218803189789,8
-7.68410988974849,-5.80303039330771,12
-12.6621646764695,-5.73498907649866,18
-12.2606794954572,1.92810207378047,18
10.1720773674635,2.20089741029662,2
-1.57244190332983,-1.35721119495338,3
8.61970549563492,-17.6319260845817,17
26.0656777408158,3.14848422971392,17
-12.3863503629658,1.3649444988888,13
-7.97147567008229,20.7869679496855,4
-10.5001434902527,-1.93317473259572,18
0.0762461799960659,2.5739583502365,15
21.1645402579109,18.8721380090799,16
25.5050171230584,3.71231639499598,17
11.5170563755896,-5.93132333986424,7
18.7622177104571,-6.10170882717452,7
5.11888874683597,-10.1426704763682,18
-12.3026740270814,-3.17611653285752,18
9.84754243992755,22.3022946901652,11
-3.39803657661764,-2.97368679145468,19
27.7815581652854,10.5369927556465,8
-9.36963624995998,10.0596784253621,4
5.50105734691452,-24.1360516601466,16
-3.38126945314185,0.746656488307209,11
14.283922938316,-2.30529147476098,14
19.7316432252972,1.06494363214498,10
19.4968015692322,5.69740970785661,14
11.4407812211033,-0.884401353017173,7
26.3657862280371,3.44470558994743,16
25.9637803103215,3.23837994822605,17
25.4114775753885,5.23836020947305,17
1.41220051068484,1.46833858612603,2
25.0791055303399,2.08670867568603,17
28.607716259651,-0.140728764834335,17
-15.9330341861037,-2.18976699708922,3
-3.53006678190631,-11.0858086511748,1
-2.34628725038367,-10.8020821005391,10
-2.23616339580273,4.56358136224674,7
-24.5988068517167,9.59545326010767,20
-16.181032792851,12.9308151683257,18
-1.69311418589433,6.18338088617903,12
10.2637260207086,12.3018275427837,18
-5.4019476357791,6.66989109867818,11
-5.17349605579414,4.32913076413674,4
-9.56440647690233,-22.0150586994444,3
1.28470051739186,12.1179320402463,4
4.8961091378496,16.7174975080198,6
2.52372396395495,-4.34043995811369,5
5.38747711439273,1.21689861478448,18
-13.4605872274962,2.66754624645124,19
5.07531762329649,-21.0547027222793,10
-7.96779861570152,6.31406547298124,9
5.01003058460758,-9.79892062946377,1
14.606309590583,7.56367810828219,17
2.27221019331455,-20.6004537347154,16
-6.50247383155403,-1.31520430959909,13
-24.3970655753568,9.49591684400603,20
-8.65378220309509,-1.14113477258619,15
22.2350701323003,-0.0639418264740036,17
-15.0719374695511,-10.6333428718016,9
-5.86019573973138,-0.980889672426031,16
-0.934399078477915,-13.2305545896528,3
20.9657000281644,21.1056032849547,16
6.24548982561232,-21.7879165749111,10
28.669247399433,-0.264963516850665,17
-13.3111313024997,-7.63369708534496,9
17.2373168582237,16.0805557625825,16
8.3070181967792,24.6665450840439,20
17.3149000619335,-10.1128410003128,7
-16.4432719939697,-1.94526146581932,18
6.87233670562174,-14.2794186468628,3
14.0285097918614,-4.89545706622014,7
-4.89254710226037,-11.2316909825505,11
-11.980770578384,-1.30845884249934,18
3.37370187067746,-0.505875944924056,3
12.5714403350919,22.5472557813736,14
13.1924437661803,18.3511275797721,16
-7.49510194521911,12.8546484725025,9
-10.3449301104361,9.78733586581656,14
28.9243216365404,-3.17649444807256,8
-6.44758809396111,-0.262121127622432,20
-1.48183759128511,-6.41172458414094,5
17.3008310784568,16.57858203812,16
14.3115792650825,15.5524681541429,16
16.3834893455773,8.17398937932227,2
-0.11361672798295,-15.3377286859603,10
3.48346517495854,-2.11927993226702,3
-13.5456855670861,-13.7601492624766,11
4.06237983606573,5.39646671269114,14
-0.444683802816442,-5.18885556335698,10
-3.99414776723841,-0.431648247982902,19
13.0722252774435,-2.05019430044037,15
-3.78150145178977,-0.513383964337411,19
24.5210157760025,1.29057061545221,17
25.5674847329157,3.27116761795296,17
5.28141193103033,-13.4022189376858,13
1.78128361074854,-10.1517233134401,10
20.017975241311,-8.52056399838287,7
25.6659897683779,-8.25333588128844,17
-2.05220095568208,-14.1122006278367,8
18.2512873237716,19.139138249584,16
8.65606909724721,-20.1040805228314,2
9.5653053905797,-0.462455773973758,8
6.34562539582623,-6.77481017267007,15
-2.95171097142787,2.11066786233716,15
-13.2825645377038,9.85112855688637,4
-7.12610061518575,3.8016526332903,11
18.5441475332003,3.5504679477526,17
23.6411148074966,3.18381064951904,17
27.3187988035034,9.4266340752123,8
26.0596100384275,3.41789440096596,17
6.35254347604545,-20.5823649383365,7
13.9474684671199,20.6228855058187,16
9.56085453126937,1.20745118006799,3
25.8618342089515,3.25399176288637,17
15.0527832343563,23.0273087495334,16
-29.8665712199063,-5.03301970337286,15
17.8841292996061,15.3042091159458,16
-0.0976015813411148,-6.65045889730786,16
-7.77981103525677,-19.6830656201623,3
22.8165105029256,3.55830133072835,17
15.6765349853119,14.7567697373236,19
2.62996649113955,-7.40930407017498,1
20.6275031489509,3.00029017264246,17
3.88236277701479,-25.9755231537004,10
-1.12044933115244,-26.4978517046968,10
-30.7694358398789,-0.475549265712066,18
9.11804900666901,-17.3996028683645,2
10.7858374276958,3.08405322811288,8
-2.76400379163636,-11.8728191373258,11
8.12093180433475,-1.22290560443118,1
7.18290005372845,-7.34838360055219,4
19.4350630511066,-8.11975593914245,17
-17.0304660737368,17.9506995785569,11
-0.576673397340342,-5.13353619787194,5
-3.40602209036965,19.3655307179948,18
-5.58571135203557,5.38646125383833,11
-10.3871645761057,-5.29903058117693,11
-5.35577214965907,-3.44652142266439,20
-15.0378447727208,-6.55374884788522,1
-9.6817130002011,6.28449941671464,15
11.9915795036776,16.387446084306,16
-12.9308877265018,-3.6988049891249,13
-20.2975477042588,-4.74288238418194,12
-19.7200421150328,-0.125138318760114,11
-11.1259481049676,-7.60760345925993,11
20.8874794438164,7.23556935794012,10
15.1148180108272,1.01683441910615,17
20.0932077546973,-45.1042926783745,20
5.46344207262795,-6.30598840413684,15
-18.0745205824307,-18.9045756862501,10
10.1974780967666,-4.4456795291803,1
10.927314945374,6.11067076334876,6
-0.930697410995758,11.9985803643078,9
-16.1394200915218,-11.2766673832968,19
3.17985618936592,-10.8599217151581,11
21.9679802344932,19.7355727766501,16
9.18011370650325,-22.8664052575847,14
-16.3222280203749,-2.44402660517965,20
-8.4283852444956,16.9222965590362,10
-13.8101253495485,-0.62379513277742,18
7.48988480956343,17.4966863049983,5
-17.2122850908935,8.99113030508587,14
-8.08499907913822,-0.240560928611029,13
2.79476475172244,3.34639092190129,1
-8.51643203941123,-23.9356510520749,3
-0.258300923015009,-29.7650468270761,16
17.2562642007414,16.2170998348507,16
-11.4343600786264,-9.48626075809523,2
4.11917602094986,-12.2324972126698,2
-25.8826005193857,4.68188074789325,20
-1.83269619760549,-2.239561126567,7
21.5883041999196,4.85404370389134,12
6.82783885824282,-14.2546978998387,1
-12.3702073249818,-12.4243135187426,11
-3.28318820654149,-6.05847281319172,15
-8.09175205101607,13.3570338431694,10
-5.05598637158461,-12.8037005141307,2
1.90536296572489,-0.3913430395671,3
-12.9642184863665,-0.575670615328907,11
-12.700067383676,12.0083327141139,4
-20.3653155704379,7.23691821542206,13
-8.27082580605727,2.68311115247894,3
28.2501483481177,-1.01616260159155,17
10.921578156517,-11.077855417843,3
-6.69234857453997,14.5542855256641,15
-2.31251987041416,0.748566182706676,11
-8.43394914389387,12.3881784805813,9
6.42988487875837,-4.63060108205826,15
-5.95159554693535,9.24830060120464,9
19.4138272054586,-17.4258700285213,7
11.9147531498995,0.149702169887942,3
-1.01996449496915,4.27680175925997,8
-13.8964603655425,10.2100492184796,19
26.6204571995286,6.79074874844182,17
-5.8660726703735,0.829550763745609,9
-11.4863013935599,-9.54779668311286,9
-0.384831931246835,-3.25054140640926,15
-3.64779298955054,15.6235985196277,20
-12.6457408446415,-18.1873401575456,5
-6.38861677182919,-0.00285376290476008,19
-4.72523523883892,-7.61873060464489,9
6.32118796654135,-2.85344251391168,7
17.9433288430944,-12.8022446266511,19
14.8971168338835,18.3711594292166,16
-6.3302523521782,1.10274812199243,10
-4.97601606106584,11.5006356881445,10
21.1335691488193,-3.56250943547785,8
-14.4252286703788,24.0304793509492,5
3.92529569904099,12.7526153902206,10
-10.4271481405629,-5.05762876368815,11
27.5034077322378,10.8358548841223,8
3.87680718587247,4.19813112364574,2
29.3418149636128,-2.4356993202597,17
14.6523511791056,8.46856254761264,8
-6.03847925475561,-4.82219292381843,16
9.45510237223874,-0.173069431605155,4
-29.5398310983428,-5.14015161966943,15
25.7326572196105,-8.31384442303514,2
-0.464632993210339,17.8669206143883,6
14.1156682424149,-4.73859056096301,7
18.4048294144442,-24.9854528199552,1
-16.9834542580171,-16.2132896320784,19
0.404635822097734,-23.3666665820363,2
-14.7441792438291,16.8479470491657,11
-15.2322843348225,-12.1714922180782,14
-4.5971843649582,1.58304719350531,11
22.7761041152324,-5.78240785477592,14
-7.60471145033124,-4.00799196025286,11
4.96596193950093,0.802641680578795,11
-5.63980921362029,-1.50322124965826,11
6.41303419478093,13.7167660268021,11
2.11398870946325,22.7749913056481,4
-3.76246772516761,3.90328976250512,4
-8.47499714016569,3.31143865188313,11
-2.53503050792013,-20.8823267778214,16
-26.0253447534488,4.88482600395553,18
10.0166779594379,-6.92227247572304,7
-11.9295884261044,-13.3455391234609,19
0.025042329353747,-27.7648048244176,5
2.69797108542292,-4.02068662952305,3
-5.208923553893,2.46649622083626,3
20.3747662171501,6.18251332566589,17
-10.3930424462793,1.1517461858438,15
4.3469555819381,-4.93899208984477,2
-5.05667764181139,2.28512867397746,11
8.20320874841885,-15.2259194486374,11
0.811361714393929,-13.8076921667359,10
0.710637838346563,-2.73878546224991,10
8.28057081641067,15.5262192724618,15
-13.7411600067279,-1.76388529565906,18
0.361123657528599,6.68815622029712,13
-29.6885840202541,-4.7942445758701,20
22.2147954670668,3.36965520770703,17
30.2515379622744,1.68949388745518,17
-10.3775090011331,-6.54310485815387,20
-13.1614204791752,-7.88838142325354,3
2.08412924874545,15.492995918148,7
18.319066312227,-23.1849465933234,1
0.0158429890466686,4.71338570987743,9
0.672374264504574,0.257292523284908,9
1.43628601746345,5.77026300663064,6
-0.282324043898725,19.0988320768652,6
-8.9762682578567,-9.33341758785464,19
17.411799052002,-23.1783543852342,2
-31.8310159277898,3.26698673039704,11
-4.8360246199532,2.06190761940304,11
36.3945216049483,-37.8772064293941,9
-10.8439387249311,-0.587471489489998,10
3.95343103273217,-26.1116906618284,2
-5.24308872424153,-6.5293812898641,18
1.30430116626009,-13.3622402439932,10
-7.67619441436517,-0.707150865891503,13
1.27652644910605,2.43844066369829,1
5.06921994198058,-4.6931342805855,10
-5.3307304271589,10.644325661072,10
-6.88152283313748,12.5825085750989,9
-0.735724143744856,4.35244043850036,4
-7.82921725741984,-9.08806802554952,11
8.50889962295274,17.0096319926284,18
12.982604776184,-28.0195024568528,17
-8.94884447523119,13.5098446772453,13
-30.5540187505237,-5.55289592716675,13
7.80589679024388,-27.7556646358268,16
28.3846981139049,0.566700018840701,17
3.41108110623703,3.19616947774979,1
24.1497499117588,18.8488521487205,17
-13.4812193002722,-10.8312017809699,18
-3.13208653264317,-1.86899436288917,11
14.6081435543472,-8.70876994948367,7
-16.9545436094438,-10.5922662996371,19
23.1216062082767,-10.2838503353633,7
29.8720584407371,12.1743538163585,8
-6.52912657212724,11.0919395285318,9
-2.3427703799306,-12.8830974546261,3
4.43296071298655,-1.0086468876726,14
-3.81009215457671,17.4057924619766,7
-2.24419681114464,-5.07057716001361,5
-6.99912692613494,-7.03077772447619,10
-2.43080375284438,-12.9411333699058,11
0.67993338571034,12.4638252063788,3
-13.4297372501505,-7.68202701810951,5
4.01131620279035,13.3113450613901,11
-9.23474642992549,3.09987392310135,11
3.11185895267135,23.0863242294261,20
-9.48247688576865,-4.14125889743282,7
15.7751723565724,-2.4711009540162,13
-9.4839867353265,0.212500906671849,15
-6.4091306050511,0.846966981835644,9
15.3797027291918,-16.7156894709463,1
13.1766962141982,-9.54764966295292,2
28.6832127062732,-0.253711798648371,17
16.0707065890915,-7.26348906670358,7
-1.18548038646057,-1.95695128134192,14
8.61276905095376,14.8523339235461,5
-1.46984907843327,0.648928335030527,11
1.78133099561272,-2.22680985950195,7
-1.79887902186947,10.1447073869762,9
-10.4205836633126,2.43797970286555,3
-13.5082768829646,-22.8044845388612,10
-7.23004939300081,-4.77940143716228,18
-1.44461881956745,-3.74839321002167,5
-10.1402039183019,-1.80963810216937,13
-24.9038973645341,-8.1245732120095,20
-22.9309315181056,-5.89627447471511,18
30.3410684391515,1.95872578661955,17
1.14496593592273,0.308831710158066,9
-6.3661135936861,-4.17621032566452,13
-12.6996297342863,-4.10526794799858,18
-8.50774694655762,-15.5450406196593,1
6.49905426323929,11.04107137349,16
0.805577739167253,-0.721651871945739,11
-2.8900764750408,1.11474521697216,9
-9.85824679575405,17.0062040258945,14
25.4705824356531,-0.0587942493375922,7
18.5298789506535,2.02615490165075,3
-18.5012485293757,-4.23564958823793,11
-3.21687634077696,5.77536494319085,6
-8.34015880960232,-7.19397132882742,11
10.5652833026487,2.08302960538865,10
-8.75075174226962,13.4021250052676,9
-14.0510925130609,-4.16418783226302,11
8.01634040726952,-13.4359128125487,10
21.1772240030323,8.82449445716122,8
-1.76913979058904,3.22450925205497,7
-25.6076053679474,0.185892594366207,2
-2.93473645617354,6.76140640524819,5
-25.3797085289272,-0.280063579599658,3
-17.5481404130588,-1.12237967198399,20
-22.640324959058,16.3773694048063,5
10.178757354195,2.20552518683282,11
-29.968143411488,-4.71024205090292,13
-2.0917046707048,-12.9117882908184,3
0.790008794780185,-0.353543065580734,15
15.2394720114751,-16.8676214808937,1
-21.6111998464599,14.08142883159,19
-3.86754108214733,-1.29596675958055,4
-20.5576877635291,9.24200179420376,19
-15.0829034163756,14.4133991744253,13
-11.228491227906,-0.762263679702609,15
6.55409568345999,2.07196087011054,5
-7.47515899337823,-2.40108380048875,19
-14.5662471734447,-3.88291007685316,18
-6.29458990414204,-6.23909121271198,19
-10.5690547637926,-2.20546609135962,18
-7.09928323790467,4.63815808621347,3
-12.3109116990159,5.29821925819337,13
-21.5823508808987,14.0675146228483,11
5.10042482137921,1.63415637149186,8
-7.88911946509583,2.88672086679855,14
-6.85013078206751,2.60579811300837,11
-6.22531047010852,-7.85098809516697,4
-0.436790811425393,-7.13521940284479,5
-7.8178203275286,-19.7195814502411,15
-9.70272885463026,-21.3713260420052,20
-5.8162408965677,-0.0105640310642342,19
-0.451200820077148,15.6038108101111,9
-4.90236111146611,-7.82243535342322,11
-5.23985360046088,-3.47038826004954,5
-2.95046892793162,13.7646797311376,9
-8.45140358146925,2.92191501956742,3
-4.04697373583216,5.84661369312997,11
-9.63389740654584,15.9518736540573,14
3.98492030943346,-26.015535373275,19
-7.35922736192414,-1.71679838537234,13
-7.73872152978944,1.61031547848886,3
-1.46924837642495,0.601498524411787,14
16.5964688265246,8.26786123428446,8
27.8233532119839,2.14630153997292,17
6.51423803745945,-10.6052067587026,5
-2.575077481803,1.04458172072291,12
-4.94581595599193,12.851285109063,13
-3.23804977072441,-4.14619830062382,20
-5.85230089881658,-0.542730966920128,11
-13.0726497726206,7.7907568405327,4
7.68202330794867,-14.703813093082,1
-4.99001239380682,11.3134344683371,9
-15.2336769550041,20.5694264381002,14
-2.6609826557325,11.1675355190121,9
-4.11285913017529,12.391190718852,16
1.99418247548882,1.84948047900949,17
-14.9605494008993,-9.86664707899617,9
-7.31149037560779,8.95919104733697,14
-0.696489775281302,-18.7321340606314,1
10.283633523474,-20.76092615031,2
-18.0768576628369,-7.72384513716422,15
1.25042211273123,3.41553962785102,1
-4.84983338668511,-5.56491273728057,18
-4.81076546224945,1.55750241879584,11
11.584276978074,2.00257221238139,7
0.749138911728638,-9.05862680354832,20
-24.5672706673961,9.71011026181991,11
3.22151342361397,13.1957842576397,9
-4.97705358655392,-15.8224223316382,7
9.18823826873155,5.37720333960156,13
-3.14428683057442,-9.71821223929797,3
14.4448662643071,-16.0995285977226,1
11.5665974948702,-2.18133087735433,15
-1.84424672938822,6.49301293778478,12
-1.32311927500937,-6.23002236643965,5
-25.5146718402612,-0.367803841065842,5
0.475794864950564,11.0140042749971,14
-1.32786634569725,-5.43960297193185,5
-4.59879917439482,7.64854344181526,11
-2.91859602632747,-2.83677200473686,5
-0.854513244081843,11.0747075952457,4
-1.61168463858918,4.01403688932608,12
-3.12758684763642,-1.54420270375611,19
-9.30238814984419,12.6924376323073,9
1.17245141026398,-10.8518282507374,3
-23.7563692191589,-1.13681368262303,13
-3.90902193613459,-2.9061112981488,10
26.2090644294387,1.73567464127466,12
-14.644969343026,-3.23775961099048,18
-3.8561658109646,-6.30318179384389,11
3.02609725678704,0.791797439535048,5
-0.0311640894013119,-5.61159457021974,10
-1.03205940920318,6.46133839779133,12
2.15647260683506,8.00871150520584,11
8.08707987222548,-6.87511132738694,7
21.0308706930653,1.71753573769206,17
-2.22391736601696,-10.7903374702433,9
9.84747967404201,22.3006417457453,11
-19.7441041840309,-8.30008750030682,19
3.36355049465701,3.10686397623643,17
-8.21262127348112,8.33386605479943,9
-10.4382335584099,-6.54416092100548,13
9.29420874173176,15.2300160234869,3
1.66518452859419,-8.85116538765424,10
-14.5801435062306,0.793996953356964,18
-3.91931331295496,-3.14374562313125,16
2.44047333918954,8.52920875481809,12
4.40820173491583,-18.5669353307782,2
4.52695477425437,-1.98957505252363,1
-3.78412583363195,0.722739746841631,13
-7.65887956143568,0.761500618675755,6
-10.0237990631091,4.6961172335503,18
7.61920413580659,-27.745156331471,16
-16.875803733834,22.0901672011293,4
-6.25593188718606,1.48530358051376,9
-4.77324516875067,17.7513115186786,11
-6.06339503312711,16.0383689536401,9
10.1744933857246,-8.26225817679045,7
-18.7682653843707,5.22043515932504,5
8.61578088614775,-13.3094494446435,2
-7.16714833292898,20.9848725813719,4
-7.96312937106865,-4.93335149825111,19
-21.6573239092585,8.75036631606465,19
25.7017984527714,-8.50846407709696,12
-6.01249474709794,11.2432861897662,9
-12.6044177240584,-9.79506330325946,19
-19.0838085805595,-2.31991906470412,13
0.118578892293178,-7.39187659681382,19
-6.38978680914841,1.00992614524599,18
15.9360753840345,-14.6095246282362,1
-13.9769261845593,2.00178458103673,19
-1.56698976361616,1.29875683127757,11
3.74797640532871,2.40163841513262,2
-4.15067830194025,1.86972989237023,16
-7.07760889768835,12.866000188662,5
25.2244955031604,1.34385332490469,17
-10.422517060459,-1.77061910277404,13
-8.09982688920424,9.90538324915801,9
7.79611655082621,-27.7251289118272,2
-0.0600279353650569,20.0262832489295,6
15.4139442213944,-16.8183832138911,1
-13.0275022735889,7.61629953032614,4
-17.7803177754963,-15.9098647930144,19
-2.48538884180131,0.572075520059682,11
23.6288562798114,-12.1308486194958,8
-17.3997889384205,10.4755589438478,15
9.68395941205089,-12.1333532675421,15
-20.4099890061864,6.33267098652667,20
-19.0404278769198,-13.5621011020762,19
1.15350230635584,-26.5471260242549,7
-17.1229293486182,18.0434530052545,4
-14.2981134080007,14.1362863728126,13
-14.2954731509543,14.2828874355445,13
-10.1226901558992,0.878407937201092,15
20.9280750157864,0.0821802247676313,14
8.48761847010731,11.6389105462745,14
-4.66474257630931,1.28560972036261,3
-4.93426934346574,-4.32987800569177,20
-5.70022560974117,7.84357236195212,13
-2.25433415761121,11.8565111309536,11
5.06728995978178,-10.0497127058683,10
-0.81769468095871,14.8615361742786,9
-25.6499518171156,0.34885849621352,15
-7.79843258120142,-10.4053907140105,11
-22.7602225908793,13.8472540472287,11
-14.997366704939,-11.2756465900976,13
1.19886561888131,-10.8732130996966,3
-22.1536877457596,2.70501962887557,13
-2.05363775467686,-4.69611653115822,20
-3.8805690862625,-1.31904732238527,6
-7.36642504232482,-1.26005413155402,11
5.90412856765231,-0.550792719198527,1
-4.08149150591999,-0.886502923340766,11
-17.7553080700888,0.437957379704944,11
-3.21685018814775,-4.13246714530882,5
20.0370769006067,-6.07241311559494,7
24.1455967645955,2.71044640719068,8
-6.54769573430405,10.4804042119783,9
-4.87380780493026,11.4601129344407,9
7.43628537710114,11.0736426481035,3
-28.8089720376666,18.222612459072,19
-7.76378091918089,11.8915899273774,9
-2.26084446288549,-6.36576581020863,11
-14.7673492750961,-9.61165688007641,13
30.1377098166436,-9.42998960450328,13
19.7794748714855,-14.9271027792471,1
3.78450284895203,7.94850021395945,11
-9.89142097930978,-1.88896375992435,15
-7.2631840188288,10.3653004870834,10
15.3854419501589,-6.56563425740421,7
-11.4638384506575,10.4221540115581,11
10.9396309152613,5.74528092221218,20
1.66876105933905,8.87296447594718,7
-5.74589537814196,12.5523441369107,9
3.48698620604111,-5.06572566599532,5
19.3814068181992,-12.2963849434426,14
23.6257118051502,-12.2298981773178,8
1.96580369972338,3.49719339627524,1
23.4895057694801,-16.413382525572,10
23.0871456104891,19.1924514628672,17
-4.54962091338412,5.76191783776713,11
-27.4254428802099,-6.42882111070813,20
-14.2916377782233,9.25013151088162,19
3.43084008919009,-14.1591462912101,10
-23.5837588649755,7.48466871799689,20
-9.60681981423145,1.2813817734669,15
-9.6066408996332,17.2552935362942,14
10.9983436602674,7.6099797208081,6
-3.17075777416983,-1.50197787666708,11
3.66237468945523,-17.8746091898773,1
-14.6783803622742,-12.4177708035846,10
-29.9820904792633,-4.42731338638384,15
-12.120475427126,11.9547307583218,13
-2.48848569512375,2.299474264971,17
23.1239718415036,19.0230844197145,17
6.38852897423961,6.51848341673797,8
2.33755777980379,-5.41182442256186,10
-12.4310628956412,-2.89225738492557,3
16.4524070210564,5.79543219672814,8
-29.7092539559482,-4.65725155814597,20
10.7028968584307,4.74220234095125,3
-9.84113760886608,11.800265450945,9
12.2466538800433,7.29936294793792,8
31.1072615403259,-19.2572586497613,2
-7.96496741362423,-15.387003148034,7
6.21463255720124,19.8198180182377,6
-0.996480217250401,17.9688349109001,6
6.15896613845665,19.9051889873832,6
5.63370428440766,19.7555948939399,6
2.93992561477672,20.0551590764534,6
-0.0659787491776581,18.7458802139025,6
6.24749870354913,20.0157393261131,6
-13.644387087981,-11.1033378124686,11
0.67333895615308,-15.1163819593792,7
36.3945380317352,-37.8767634310473,9
7.77867488962561,-12.1291778671095,15
1.73947416541096,2.89656902955327,1
-11.6474727396819,-1.21533955092991,13
-6.01208629274228,-1.16412871612679,11
1.09383387107817,-13.1908466288945,10
-18.3138001777397,5.32952349137267,19
9.72899593227255,-7.73417811994732,7
-4.3588156263861,0.734248525499313,11
19.4392872884139,-12.5228889554384,7
26.819100449737,0.224123350923722,8
8.89518859652168,2.01949942407562,10
22.2471050029553,-0.117558195112146,17
-17.7202722814862,-16.0131365205721,19
30.3616526729741,11.3983377215861,14
9.29547929149463,16.8249863470145,8
0.367406284670713,6.74135469021926,11
-5.81878533939117,1.92588239312336,4
-10.617865815865,-9.94802177431041,11
3.40822077474773,-4.17957313392622,15
-3.62320748655607,-3.92352207163061,5
2.449095910806,2.09109096402575,13
3.06535405623636,11.0149735906271,10
-2.9063651496815,-0.110764368996061,11
-4.69479340154508,4.27651117230217,19
-14.3950174219336,-6.23948580285414,9
8.50113119744683,-6.43122817055325,7
26.1332396906703,0.739707348019982,15
16.4936001601887,20.9970801119939,16
-31.8410314519097,3.26878942666525,5
-18.2570461144644,-10.2105700147725,9
6.43835440687261,6.52504783419037,14
12.7463995801369,-27.9892459299258,1
-0.834715094275292,-11.6395510220851,3
2.75281280579724,12.214970333246,12
1.58519091812599,5.16472024589176,18
-24.3698610401329,2.08359648211727,18
4.49094507627942,8.65526951141661,15
12.30557506698,-2.732701315715,8
-4.51453007444484,16.7255330062306,10
3.16604795128731,-1.86773002801674,15
-28.3308653735221,1.03219848261558,11
-20.307433886486,6.4256782695368,20
3.71917788730235,-2.31344915437489,19
-0.80954428932322,5.5061310769856,11
-9.0271213666429,14.2120827320564,13
19.5473938023316,-11.4366285254059,7
-4.47156833721492,6.71533045344219,5
-16.8628903205443,-7.72617763658692,19
-4.42373442940858,-4.61701867664014,5
12.2187133288005,-12.2797739946812,15
-6.3850987907903,-1.39685933636377,18
22.6065670986843,19.5925507808928,16
16.0959464400727,20.1427313420125,16
27.2230990597808,-5.80550727899402,1
-6.48518549323484,-3.12966132437809,20
0.979910785125347,-12.9985509925684,12
-3.80958269502634,-20.3055259969685,2
17.9835390672133,-4.39655307202182,14
3.67262263417633,-8.30785094280322,7
-7.88045430958666,7.42027255086912,13
2.30887170017197,1.62665671264778,20
-26.5152435728967,2.56638972811732,18
-22.886010666772,-11.6107027714872,20
-2.31182133553714,5.46077306063121,4
17.7068385991705,-9.31882363588293,7
2.74878876343628,-1.1270427629395,5
-0.995153062784778,-13.1768099156639,3
27.7783434031248,1.19055230668203,12
31.3157415748552,0.90594304993069,12
1.63769340115642,-5.36905768529401,9
12.1117405755634,-4.9790645931713,7
-30.0474101041126,-4.98078644423052,15
-9.55416921821968,14.0456342739903,13
-1.28439504644185,2.1608710742649,10
-24.2487602225237,-16.592380905467,11
-18.0267610591331,6.55697357459864,4
19.2411846300534,-12.090950803888,7
-8.39051675945126,-19.1345367627134,9
-0.416452739010036,-12.4946926815168,3
-8.63425368574572,11.7721637398427,20
-1.6760919177874,4.65655051599894,6
-0.347039607956973,16.3342230966057,6
-0.768959177564207,-1.37241734359591,16
-4.21012711302665,-4.0248219505216,7
-12.7477272894842,7.09747118995337,11
13.6834875717063,0.919742785116532,4
21.4180258779126,20.6620126295403,16
-13.9186234900028,-9.95133174061256,16
-20.0220228113161,19.4459469967794,1
9.62011729198857,13.5897999937234,16
-1.44627217488843,-16.8441279416159,19
-0.334664653539849,2.732728118852,11
15.7469559764057,10.5345422514842,14
3.60810286199506,-8.48221911693286,1
25.2573477049446,3.35114479294915,17
4.79403778221927,-10.9540043545881,19
-5.16757484825677,-18.278772880096,12
-9.74582771426837,4.31786081092803,11
-7.37076860227704,11.1422017589197,10
24.6235872490794,-8.93980600968133,7
20.3808345532975,-6.22186603706107,7
-11.6878854365371,9.85071417816396,11
26.1110114781402,1.85894917665677,12
-6.72062945638504,15.0471645057312,4
-6.99642488550262,11.4615671739049,9
-6.33368050339953,2.91020984948435,13
-18.7873091619115,3.80982891452828,11
-1.96946494421553,-0.811490442926614,19
-5.82349253875354,5.80617018861596,10
-10.4114560786541,-0.545819378499458,18
-21.6468617717576,-3.88289805698903,4
-5.09004484815614,2.94156621339618,15
-2.19673507830305,0.794107463679766,3
-26.8653020511177,5.37306149535176,13
-3.93771092931199,-20.3942949506143,15
13.6025264614039,21.0235364304959,13
-6.44395007495933,2.39781312759894,13
-5.63529776786023,-2.90150033097346,20
-19.7536706700275,-5.83025881405118,15
-7.07991736296088,8.11227027608494,4
-5.15984205005547,-21.2982830701289,15
18.5354331299104,-7.6156710299407,3
-14.6464523500424,14.1786173475386,13
-15.0964413804796,-14.997098465004,9
-9.92301181049969,14.078811753093,15
-1.5958554940035,-22.7664833145871,17
7.71132184256549,1.90144003802361,17
30.9155446212852,-19.5492004136845,2
23.6977616090495,0.758071031623593,17
9.71349986783084,-12.3494846108802,17
20.7220754391809,-3.7873870408517,17
